id,edad,genero,nivel_educativo,region,ingreso_mensual,saldo_cuenta,score_crediticio,dias_mora_12m,monto_prestamo_solicitado
1,56,M,Secundaria,Norte,3390.29,7044.24,630.0,5.0,8575.03
2,69,F,Primaria,Sur,1294.19,1634.55,548.0,8.0,
3,46,M,Tecnico,Centro,,2532.94,507.0,8.0,4227.19
4,32,F,Universitario,Norte,2951.14,6405.47,591.0,4.0,9040.18
5,60,F,Postgrado,Sur,3701.95,7720.67,641.0,8.0,12337.47
6,25,M,Secundaria,Centro,1419.09,1028.84,461.0,7.0,6198.48
7,38,F,Tecnico,Centro,2471.13,5243.97,551.0,11.0,4004.28
8,56,M,Tecnico,Centro,2542.31,3504.86,590.0,5.0,10339.74
9,75,M,Secundaria,Norte,1731.57,3968.05,566.0,6.0,4292.98
10,36,F,Tecnico,Norte,5555.99,10830.6,765.0,7.0,19495.39
11,40,F,Secundaria,Centro,3717.61,,712.0,6.0,11371.33
12,28,M,Postgrado,Centro,4347.55,9188.65,703.0,6.0,15183.55
13,28,F,Tecnico,Occidente,3110.16,5786.8,729.0,3.0,10295.88
14,41,M,Universitario,Norte,1865.74,3160.1,577.0,11.0,5540.82
15,70,M,Secundaria,Occidente,1692.84,3030.23,607.0,6.0,5573.22
16,53,F,Primaria,Centro,,3134.45,561.0,4.0,3779.12
17,57,M,Secundaria,Centro,3052.76,5287.29,676.0,10.0,9672.18
18,41,M,Universitario,Centro,1586.7,2706.68,,7.0,3183.71
19,20,F,Universitario,Centro,1802.05,4145.52,,9.0,4371.58
20,39,F,Secundaria,Sur,1630.59,1899.43,549.0,7.0,7711.76
21,70,M,Universitario,Centro,5309.31,10420.72,,7.0,19642.27
22,19,M,Secundaria,Sur,1564.57,2809.47,,8.0,2630.01
23,41,F,Secundaria,Centro,,3598.92,587.0,4.0,8110.74
24,61,F,Universitario,Sur,2445.79,4878.02,,10.0,8389.16
25,47,F,Universitario,Sur,3552.84,5152.55,690.0,1.0,12538.55
26,55,M,Secundaria,,994.37,,538.0,10.0,2964.31
27,19,M,Secundaria,Oriente,1076.31,3633.56,540.0,10.0,3064.21
28,38,M,Secundaria,Oriente,1402.57,2166.02,539.0,5.0,1161.27
29,50,F,Secundaria,Occidente,937.86,1388.55,441.0,7.0,1462.95
30,29,F,Universitario,Norte,1402.51,3153.68,576.0,6.0,
31,75,F,Tecnico,Oriente,1650.35,3478.78,538.0,8.0,4572.75
32,39,F,Primaria,Occidente,636.55,1654.28,,9.0,2599.14
33,61,M,Secundaria,Sur,1512.25,2358.15,621.0,,3381.26
34,42,M,Postgrado,Sur,3839.79,,662.0,11.0,14169.42
35,66,M,Universitario,Occidente,1764.27,2720.24,590.0,5.0,
36,44,M,Universitario,Occidente,2102.16,4157.24,634.0,6.0,5723.01
37,59,M,Primaria,Sur,1068.65,1819.64,514.0,10.0,2692.0
38,45,M,Universitario,Centro,4938.18,9499.79,708.0,7.0,16223.32
39,33,F,Secundaria,Oriente,1584.77,3575.98,619.0,5.0,5423.88
40,32,F,Tecnico,Norte,4875.56,9124.41,660.0,4.0,16661.07
41,64,M,Postgrado,Centro,2861.69,4535.75,650.0,5.0,10194.82
42,68,F,Primaria,Occidente,1047.38,679.05,526.0,9.0,924.23
43,61,M,Secundaria,Oriente,2612.94,3797.23,544.0,9.0,6958.89
44,72,F,Primaria,Occidente,408.99,0.0,383.0,5.0,1048.0
45,69,F,Secundaria,Sur,2246.25,6436.58,563.0,2.0,7763.49
46,74,F,Secundaria,Centro,1530.52,3282.38,598.0,13.0,4030.34
47,20,M,Universitario,,2417.51,4532.71,613.0,8.0,8556.54
48,54,M,Secundaria,Centro,,1935.72,530.0,7.0,500.0
49,68,M,Tecnico,Oriente,2469.33,5194.83,617.0,8.0,8013.34
50,24,F,Universitario,Sur,1009.12,1662.39,,3.0,4092.29
51,38,F,Postgrado,Centro,,4493.54,605.0,8.0,7832.14
52,26,F,Secundaria,Norte,3510.55,6798.24,671.0,4.0,13867.22
53,56,M,Secundaria,,1587.56,3190.98,529.0,9.0,4122.31
54,35,F,Primaria,Sur,,1306.68,487.0,13.0,2899.01
55,21,F,Primaria,Norte,1183.61,1318.83,554.0,4.0,
56,42,M,Tecnico,Centro,2521.18,4586.02,556.0,8.0,10024.75
57,31,M,Primaria,Sur,1227.1,3077.88,499.0,7.0,3944.34
58,67,F,Secundaria,Oriente,1497.18,3298.18,518.0,9.0,2781.14
59,75,M,Primaria,Norte,980.59,2019.39,512.0,9.0,1983.63
60,26,F,Tecnico,Sur,986.91,2428.63,495.0,4.0,
61,43,F,Secundaria,Norte,648.18,208.7,471.0,10.0,2584.34
62,70,F,Primaria,Norte,871.69,1440.93,461.0,10.0,855.35
63,19,F,Secundaria,Norte,2587.54,4624.81,614.0,5.0,6973.65
64,37,F,Tecnico,Sur,1473.22,1794.93,529.0,10.0,2691.12
65,45,F,Tecnico,Norte,1683.88,,511.0,8.0,5513.92
66,64,M,Secundaria,,789.35,1967.05,428.0,4.0,1688.94
67,24,M,Universitario,Norte,2323.1,4312.88,526.0,8.0,5380.59
68,61,M,Primaria,Occidente,,2030.9,557.0,5.0,5144.37
69,25,F,Primaria,Occidente,,1322.17,,15.0,758.44
70,64,M,Primaria,Norte,958.91,1258.32,,5.0,2147.99
71,52,M,Tecnico,Centro,1414.64,1456.42,607.0,12.0,6045.65
72,31,M,Tecnico,Occidente,1579.39,2694.73,532.0,7.0,5051.82
73,34,F,Primaria,Norte,1165.25,1620.2,548.0,5.0,4145.18
74,53,F,Tecnico,Norte,665.66,555.91,435.0,8.0,3166.54
75,67,F,Secundaria,Norte,739.23,1374.95,479.0,7.0,1127.4
76,57,M,Postgrado,Occidente,2681.53,4530.11,623.0,9.0,8434.83
77,21,F,Tecnico,Oriente,2614.8,3580.78,570.0,8.0,
78,19,F,Tecnico,Norte,909.09,1193.08,553.0,3.0,2709.8
79,23,M,Tecnico,Norte,2251.31,3946.41,639.0,8.0,8046.82
80,71,F,Postgrado,Occidente,7357.55,12365.82,742.0,6.0,26090.97
81,59,M,Postgrado,,3027.09,5729.63,613.0,8.0,9307.04
82,21,F,Tecnico,Sur,1410.96,2600.24,,,4546.8
83,71,M,Secundaria,Centro,2021.27,2938.48,587.0,7.0,4256.51
84,46,M,Secundaria,Oriente,1588.97,3483.81,521.0,8.0,3263.59
85,35,F,Secundaria,Norte,1118.67,3123.53,508.0,8.0,2092.61
86,43,M,Tecnico,Oriente,2040.34,3615.94,643.0,10.0,5898.8
87,61,M,Secundaria,Centro,1143.75,1889.71,,5.0,2216.63
88,51,F,Universitario,Norte,4540.2,7917.29,750.0,8.0,17103.39
89,27,M,Secundaria,Centro,1322.48,1960.43,484.0,12.0,1902.94
90,53,F,Universitario,Oriente,2968.88,4595.14,687.0,2.0,7846.56
91,31,M,Secundaria,Centro,3105.95,,689.0,6.0,11132.15
92,48,F,Tecnico,Norte,1680.22,2415.02,609.0,9.0,4689.44
93,65,F,Secundaria,Sur,1119.03,0.0,,8.0,3976.62
94,32,F,Tecnico,Sur,1364.76,4081.73,531.0,6.0,2336.91
95,25,F,Secundaria,Oriente,1448.43,3965.05,,6.0,4294.85
96,31,F,Secundaria,Centro,1376.74,2567.39,541.0,8.0,5396.64
97,40,F,Universitario,Norte,2207.73,2934.19,607.0,11.0,4979.27
98,74,F,Primaria,Sur,1494.19,4528.82,520.0,11.0,5999.63
99,57,F,Secundaria,Centro,1632.58,3354.27,529.0,6.0,2366.09
100,38,M,Secundaria,Occidente,1209.52,1883.66,540.0,3.0,5335.61
101,33,M,Universitario,Sur,2370.44,5477.28,596.0,9.0,9027.39
102,62,F,Secundaria,Centro,1143.79,1262.37,549.0,9.0,4640.58
103,35,M,Tecnico,Centro,1428.76,910.34,579.0,6.0,5188.0
104,64,M,Primaria,Centro,438.58,266.86,,13.0,
105,70,F,Secundaria,Sur,1088.68,2535.57,,8.0,
106,41,M,Universitario,Centro,,8051.12,630.0,7.0,13401.56
107,43,M,Primaria,Occidente,1596.73,2303.85,620.0,7.0,4276.76
108,42,F,Tecnico,Centro,2502.81,3573.3,,6.0,6568.82
109,62,F,Secundaria,Centro,,3427.29,602.0,,5539.53
110,58,M,Secundaria,Norte,1244.79,2231.51,498.0,8.0,2468.4
111,46,F,Tecnico,Sur,1027.39,3356.32,503.0,8.0,3013.03
112,32,F,Tecnico,Norte,1530.85,2958.85,527.0,7.0,3435.35
113,62,M,Tecnico,Centro,464.85,2527.17,347.0,3.0,
114,18,M,Tecnico,Sur,2869.06,,607.0,8.0,7106.11
115,42,F,Secundaria,Centro,,3701.75,572.0,7.0,5125.96
116,24,F,Secundaria,Oriente,2126.67,2656.73,729.0,8.0,9197.78
117,26,F,Primaria,Sur,922.99,1345.89,430.0,,1249.37
118,41,F,Universitario,Occidente,1163.51,2299.27,512.0,10.0,2419.28
119,18,F,Universitario,Sur,2485.76,2379.52,,,7193.33
120,61,M,Secundaria,Sur,,2495.82,605.0,7.0,4998.19
121,25,F,Secundaria,Centro,1363.66,,517.0,8.0,5890.7
122,41,M,Primaria,Centro,1362.58,1825.17,514.0,7.0,4833.31
123,28,F,Postgrado,Norte,2590.03,6352.7,650.0,8.0,9367.39
124,68,F,Universitario,Sur,2761.5,5367.54,669.0,6.0,11705.18
125,34,M,Secundaria,Centro,1824.29,3118.56,609.0,9.0,2714.27
126,25,M,Secundaria,Sur,3083.46,4079.15,669.0,,8938.0
127,52,M,Secundaria,Centro,2160.35,3464.66,,7.0,6895.4
128,52,M,Tecnico,Sur,1051.65,3169.38,535.0,8.0,2155.0
129,50,F,Tecnico,Centro,1535.35,2276.65,562.0,3.0,3343.55
130,22,M,Secundaria,Centro,,1447.52,399.0,7.0,5241.22
131,59,F,Universitario,Occidente,4600.03,7239.37,725.0,7.0,14557.68
132,56,M,Secundaria,Oriente,1237.15,2360.06,511.0,9.0,3035.9
133,75,F,Primaria,Centro,1135.74,2300.24,563.0,6.0,3033.16
134,58,F,Tecnico,Sur,1766.81,3328.19,568.0,12.0,4570.37
135,45,F,Secundaria,Centro,1809.94,2315.69,,5.0,6165.53
136,24,M,Universitario,Oriente,1356.2,2849.74,550.0,6.0,2665.17
137,26,F,Secundaria,Oriente,1446.63,2275.01,498.0,7.0,
138,25,M,Secundaria,Centro,2213.16,4173.86,651.0,2.0,6276.84
139,29,M,Tecnico,,1513.73,3357.16,515.0,14.0,3306.62
140,51,M,Tecnico,Norte,4174.23,7850.01,650.0,5.0,13107.05
141,50,M,Secundaria,Oriente,1024.17,2366.54,542.0,3.0,2359.07
142,65,F,Postgrado,Centro,2750.83,5503.77,646.0,3.0,9342.71
143,72,M,Secundaria,Centro,2252.66,4753.64,702.0,5.0,7001.95
144,40,F,Secundaria,Occidente,1517.28,3511.29,506.0,8.0,4065.56
145,41,F,Universitario,Centro,2162.43,4852.93,627.0,5.0,4803.14
146,54,M,Primaria,Occidente,742.8,1684.8,482.0,8.0,4878.7
147,52,F,Secundaria,Norte,1177.33,2792.43,571.0,9.0,
148,61,M,Tecnico,Centro,4259.17,7803.5,751.0,6.0,18588.4
149,57,M,Primaria,Oriente,1427.45,,578.0,3.0,6451.12
150,39,M,Postgrado,Norte,4254.88,7292.92,707.0,4.0,15299.63
151,44,F,Secundaria,,1138.22,640.13,514.0,6.0,1730.17
152,52,F,Tecnico,Norte,2005.0,4769.81,594.0,14.0,9069.45
153,18,M,Primaria,Occidente,1010.37,1973.8,526.0,9.0,3247.53
154,52,M,Secundaria,Oriente,873.23,1707.4,506.0,7.0,2881.86
155,54,F,Tecnico,Centro,1325.03,3104.09,560.0,7.0,3382.03
156,64,M,Tecnico,Norte,1487.4,2146.57,553.0,8.0,
157,31,F,Universitario,Norte,6031.69,10771.6,666.0,5.0,19334.11
158,20,F,Secundaria,Sur,3332.19,5530.59,625.0,8.0,8560.93
159,18,M,Tecnico,Occidente,807.98,1304.52,441.0,14.0,2019.92
160,22,F,Secundaria,Sur,994.15,,499.0,10.0,3448.4
161,43,M,Tecnico,Centro,1662.81,2549.86,609.0,,5908.65
162,72,F,Tecnico,Sur,1930.58,3784.97,591.0,6.0,4715.49
163,31,F,Primaria,Occidente,1107.23,503.71,471.0,10.0,3128.03
164,56,M,Tecnico,Sur,4255.43,8713.95,619.0,7.0,14898.36
165,44,M,Primaria,Occidente,974.75,1185.11,,6.0,
166,26,F,Secundaria,Norte,3291.14,6312.92,612.0,6.0,11320.37
167,32,F,Tecnico,Oriente,2721.87,5333.76,661.0,4.0,8368.07
168,32,M,Primaria,Sur,1144.36,1822.17,539.0,8.0,1052.63
169,43,F,Universitario,Sur,1800.48,3588.24,544.0,7.0,2601.77
170,59,M,Secundaria,Sur,1152.92,1208.94,,5.0,
171,30,M,Universitario,Norte,5620.35,,717.0,,21871.95
172,68,F,Primaria,Norte,1746.34,2949.77,538.0,7.0,3141.43
173,49,M,Postgrado,Occidente,3822.77,7244.54,691.0,10.0,14583.5
174,56,F,Primaria,Centro,459.44,555.06,419.0,10.0,500.0
175,66,M,Secundaria,Occidente,1258.45,2135.69,567.0,7.0,4007.31
176,69,F,Universitario,Sur,2141.94,4518.77,603.0,3.0,8120.96
177,49,M,Secundaria,Centro,1678.34,3338.09,625.0,6.0,7165.27
178,21,F,Primaria,Occidente,1082.35,3818.37,477.0,6.0,
179,47,F,Universitario,Oriente,2040.63,2948.68,,9.0,5473.88
180,54,M,Tecnico,Centro,2131.35,2808.09,610.0,10.0,5362.65
181,40,F,Secundaria,Norte,2241.08,5562.93,653.0,6.0,7794.12
182,56,M,Primaria,Occidente,943.38,1907.98,449.0,6.0,4635.67
183,62,M,Tecnico,Oriente,,3224.09,516.0,9.0,2107.35
184,32,F,Primaria,Oriente,,840.59,,3.0,1388.91
185,60,M,Universitario,Oriente,1614.38,2515.39,477.0,8.0,2531.3
186,46,F,Tecnico,Centro,1610.61,3006.14,649.0,10.0,3483.74
187,53,M,Tecnico,Occidente,4533.74,8160.97,708.0,9.0,15556.26
188,30,M,Secundaria,Norte,1257.64,2202.86,506.0,6.0,1871.71
189,49,M,Universitario,Centro,1483.83,1404.08,584.0,5.0,6129.64
190,24,M,Tecnico,Norte,1423.79,2471.11,539.0,7.0,2995.46
191,68,M,Universitario,Norte,5097.37,9448.23,694.0,12.0,19162.99
192,39,F,Secundaria,Sur,1316.46,2099.9,563.0,8.0,3270.86
193,45,F,Universitario,Norte,1679.08,3806.35,582.0,10.0,5803.78
194,19,F,Tecnico,Norte,789.04,2207.07,384.0,8.0,1637.48
195,59,M,Primaria,Centro,1067.98,,496.0,5.0,3502.16
196,62,M,Secundaria,Sur,813.04,882.15,456.0,6.0,
197,74,M,Secundaria,Centro,1758.84,3452.2,568.0,9.0,6773.16
198,70,M,Secundaria,Centro,1310.43,2756.59,553.0,4.0,5966.5
199,23,M,Secundaria,Oriente,563.32,,337.0,17.0,3125.24
200,45,M,Secundaria,Centro,3191.7,5148.32,691.0,3.0,8229.23
201,45,M,Tecnico,Centro,4741.25,9209.75,678.0,7.0,19102.79
202,61,M,Tecnico,Occidente,2097.58,4118.43,632.0,7.0,5825.69
203,61,M,Primaria,Norte,2487.15,4157.63,602.0,6.0,5066.99
204,37,M,Universitario,Centro,2636.33,4869.69,613.0,5.0,5325.2
205,47,M,Postgrado,Sur,1388.63,1761.82,616.0,4.0,2730.28
206,28,M,Secundaria,Oriente,1301.29,832.76,485.0,3.0,1095.32
207,75,M,Primaria,Oriente,962.32,,481.0,7.0,1376.37
208,72,M,Tecnico,Norte,972.7,1960.46,476.0,6.0,2701.03
209,45,M,Tecnico,Oriente,1813.25,3024.71,641.0,4.0,4686.37
210,42,M,Tecnico,Oriente,1287.93,2654.25,477.0,15.0,1177.55
211,56,M,Tecnico,Norte,2014.23,4290.18,629.0,11.0,5597.78
212,50,M,Primaria,Norte,,3331.99,504.0,3.0,5991.89
213,18,M,Universitario,Oriente,4913.18,8328.69,645.0,3.0,16345.3
214,74,F,Secundaria,Centro,1572.19,3159.38,534.0,6.0,4757.9
215,44,M,Secundaria,Norte,909.5,1326.63,472.0,4.0,500.0
216,74,M,Primaria,Centro,1002.48,1546.35,547.0,5.0,4717.79
217,69,F,Secundaria,Norte,1308.57,3195.85,530.0,7.0,4574.52
218,30,M,Tecnico,Centro,,9362.88,720.0,8.0,16857.18
219,58,M,Tecnico,Centro,,2853.32,551.0,11.0,6704.02
220,20,F,Postgrado,Centro,3972.08,6495.68,674.0,2.0,15023.6
221,56,F,Primaria,Occidente,2013.51,4733.75,636.0,8.0,5852.73
222,23,M,Postgrado,,5904.38,,741.0,11.0,20151.0
223,25,M,Tecnico,Centro,1909.72,2521.36,600.0,10.0,3954.61
224,44,M,Secundaria,Occidente,1287.55,,456.0,11.0,1933.52
225,26,M,Universitario,Occidente,1864.58,1955.55,550.0,10.0,5306.38
226,54,F,Tecnico,Centro,1035.2,0.0,510.0,5.0,4264.04
227,50,M,Secundaria,Centro,2273.71,4856.34,601.0,8.0,7272.55
228,68,M,Universitario,Sur,8662.57,14888.68,742.0,4.0,32414.85
229,59,F,Tecnico,Occidente,3420.43,5181.67,631.0,4.0,9683.2
230,61,F,Tecnico,Norte,1886.49,2943.22,627.0,5.0,3929.95
231,41,M,Universitario,Centro,1344.32,,,5.0,6609.56
232,32,F,Secundaria,Oriente,1146.52,1588.29,546.0,9.0,
233,71,M,Tecnico,Centro,2282.51,3383.64,711.0,7.0,8027.27
234,49,F,Universitario,Oriente,2088.91,3726.96,523.0,14.0,4490.49
235,49,M,Secundaria,Sur,,2395.38,557.0,9.0,5222.02
236,41,M,Primaria,Norte,1425.18,3921.19,533.0,7.0,4088.26
237,58,M,Universitario,Centro,2726.42,4615.17,683.0,6.0,8926.72
238,69,M,Primaria,Sur,3599.12,6445.03,714.0,8.0,11175.68
239,66,M,Tecnico,Oriente,5255.46,8727.72,711.0,5.0,17997.53
240,66,F,Universitario,Oriente,2188.52,4457.42,614.0,2.0,4446.93
241,75,F,Secundaria,Oriente,2543.46,5910.59,673.0,10.0,9792.82
242,69,M,Primaria,Norte,676.14,1140.03,487.0,9.0,2516.05
243,29,M,Secundaria,,2233.45,3516.19,674.0,5.0,5647.93
244,56,M,Tecnico,Centro,2301.24,4286.64,624.0,5.0,6063.0
245,19,F,Postgrado,Sur,2100.86,4163.3,576.0,6.0,5827.56
246,20,F,Secundaria,Centro,,6655.66,,4.0,8838.44
247,66,F,Primaria,Oriente,792.93,1307.85,,5.0,2406.27
248,54,F,Tecnico,Sur,1736.86,2853.58,536.0,8.0,4680.7
249,66,M,Universitario,Sur,2685.91,3910.4,641.0,5.0,9580.06
250,73,M,Secundaria,Occidente,744.64,1100.94,,7.0,500.0
251,34,F,Universitario,Norte,2539.61,4234.39,658.0,11.0,8723.72
252,66,F,Secundaria,Centro,1047.71,2323.2,455.0,10.0,4031.03
253,19,M,Universitario,Centro,1903.88,3211.34,503.0,3.0,7825.46
254,19,M,Secundaria,Occidente,1371.49,1652.96,,10.0,2704.71
255,45,F,Secundaria,Norte,704.01,,432.0,11.0,1367.03
256,71,M,Universitario,Centro,2020.29,3298.68,586.0,6.0,6545.08
257,40,M,Tecnico,Occidente,1658.31,3589.49,608.0,,8605.77
258,54,F,Secundaria,Occidente,1302.88,2487.9,,7.0,2244.74
259,49,M,Universitario,Occidente,1585.37,3229.68,583.0,6.0,4675.24
260,50,M,Tecnico,Centro,994.57,1801.14,474.0,11.0,500.0
261,18,F,Secundaria,Oriente,903.99,1945.19,454.0,,
262,36,F,Tecnico,Sur,744.27,1057.51,432.0,6.0,3383.89
263,19,F,Universitario,Sur,1566.36,2130.48,605.0,6.0,4013.44
264,70,M,Tecnico,Centro,3303.57,5275.04,640.0,7.0,11241.92
265,61,M,Secundaria,Oriente,777.11,687.34,413.0,8.0,1891.9
266,43,F,Tecnico,Centro,2717.46,5902.66,624.0,5.0,7584.93
267,49,F,Tecnico,Centro,998.11,2578.51,561.0,9.0,5291.46
268,23,M,Universitario,Sur,2899.55,4877.7,631.0,5.0,8490.57
269,49,F,Primaria,Centro,3975.9,7290.27,678.0,6.0,14178.96
270,72,M,Tecnico,Centro,2488.18,5036.63,575.0,8.0,7243.36
271,21,M,Primaria,Centro,1055.77,1427.63,519.0,10.0,2251.03
272,72,M,Tecnico,Oriente,1773.78,3094.24,622.0,6.0,6064.75
273,28,M,Postgrado,Centro,4788.35,,689.0,5.0,14096.8
274,73,M,Primaria,Oriente,,2040.24,,2.0,5456.29
275,34,M,Secundaria,Sur,1665.17,3534.83,442.0,6.0,5889.63
276,55,F,Tecnico,Sur,1495.95,2744.6,618.0,4.0,3654.9
277,41,F,Universitario,Centro,2780.76,5028.43,,3.0,6419.7
278,22,M,Secundaria,Oriente,643.7,2068.52,411.0,12.0,500.0
279,69,M,Tecnico,Norte,1449.53,2266.0,537.0,7.0,2964.04
280,51,M,Universitario,Centro,5467.18,10412.44,804.0,1.0,24995.89
281,23,M,Universitario,Sur,,5499.19,664.0,6.0,11073.38
282,39,F,Tecnico,Occidente,1689.47,,,4.0,4720.78
283,28,F,Secundaria,,,1028.37,480.0,10.0,633.84
284,65,F,Universitario,Sur,6214.49,10552.15,712.0,9.0,21395.69
285,33,M,Secundaria,Occidente,1114.07,3429.09,,6.0,1572.53
286,50,M,Secundaria,Occidente,990.76,767.03,528.0,,4524.25
287,26,M,Secundaria,Norte,1571.98,2270.34,,6.0,3211.84
288,23,M,Tecnico,Sur,1359.47,,,9.0,6241.32
289,33,F,Universitario,Norte,953.34,1297.35,531.0,5.0,
290,46,F,Primaria,Oriente,632.79,993.8,475.0,5.0,3039.74
291,20,M,Universitario,Centro,2101.59,4459.77,572.0,5.0,6693.43
292,37,F,Universitario,Oriente,1430.92,2174.09,562.0,9.0,5334.25
293,53,M,Tecnico,Occidente,915.15,716.16,518.0,5.0,
294,36,M,Universitario,Occidente,1227.29,1805.19,491.0,10.0,
295,43,F,Secundaria,Occidente,1383.33,2700.4,523.0,6.0,5068.55
296,20,M,Primaria,Norte,1083.95,2558.22,512.0,8.0,2270.64
297,36,M,Universitario,Norte,3464.1,,691.0,2.0,10570.87
298,37,F,Secundaria,Sur,865.18,801.5,493.0,11.0,3363.8
299,49,F,Secundaria,Sur,1400.29,2214.49,559.0,14.0,2799.7
300,24,M,Tecnico,Norte,1284.58,2586.68,507.0,6.0,
301,69,M,Universitario,Centro,3241.86,6473.25,,5.0,9920.4
302,58,F,Tecnico,Occidente,1872.44,2551.23,605.0,8.0,5606.53
303,50,F,Secundaria,Occidente,1779.27,2626.0,548.0,4.0,3240.97
304,57,F,Secundaria,Norte,2690.53,3158.95,616.0,9.0,5561.71
305,56,M,Universitario,Centro,2698.24,3212.73,562.0,5.0,7320.23
306,35,F,Primaria,Sur,,2604.34,560.0,7.0,4615.06
307,57,M,Secundaria,Occidente,857.13,751.39,,,2957.21
308,18,F,Secundaria,Sur,741.41,949.05,414.0,7.0,1550.6
309,28,M,Tecnico,Occidente,3178.25,5961.23,611.0,8.0,8542.65
310,45,F,Secundaria,Oriente,1712.75,3014.39,573.0,8.0,3371.03
311,74,M,Secundaria,Occidente,2086.71,,,5.0,7338.29
312,42,M,Primaria,Oriente,2032.5,4381.99,614.0,8.0,6340.13
313,67,M,Primaria,Occidente,896.16,,,8.0,2147.04
314,40,M,Secundaria,Oriente,1133.23,1880.09,552.0,6.0,3655.61
315,48,F,Tecnico,Centro,2637.07,5114.71,679.0,4.0,11047.53
316,47,F,Tecnico,Centro,1557.14,1288.44,550.0,7.0,5129.57
317,59,F,Secundaria,Occidente,1207.73,1967.97,,8.0,770.48
318,52,M,Secundaria,Norte,864.32,2068.8,512.0,5.0,1959.76
319,24,F,Secundaria,Centro,2164.52,3779.31,537.0,5.0,4794.41
320,33,F,Secundaria,Oriente,1154.39,2260.2,509.0,7.0,2966.85
321,43,M,Primaria,Oriente,1788.25,3058.65,541.0,5.0,3655.29
322,65,M,Primaria,Norte,1568.16,3308.6,531.0,10.0,3774.03
323,74,F,Secundaria,Centro,2987.25,6087.6,631.0,4.0,9154.43
324,69,F,Postgrado,Centro,1625.46,1244.93,597.0,3.0,5579.31
325,66,F,Secundaria,Centro,,248.95,500.0,5.0,658.33
326,19,M,Universitario,Occidente,5048.31,7467.81,730.0,7.0,
327,18,F,Secundaria,,2254.37,888.61,524.0,1.0,6787.55
328,65,M,Secundaria,Occidente,989.53,2248.39,493.0,6.0,1714.05
329,29,F,Universitario,Norte,1616.63,,531.0,9.0,2834.59
330,22,F,Primaria,Centro,1178.03,1715.87,471.0,9.0,500.0
331,54,M,Secundaria,Oriente,1402.98,1972.02,537.0,7.0,6049.73
332,49,F,Postgrado,Centro,2483.0,4329.39,592.0,8.0,5764.34
333,72,M,Secundaria,Centro,1085.91,4194.54,484.0,8.0,500.0
334,26,F,Primaria,Occidente,937.23,851.05,511.0,9.0,1908.45
335,58,M,Primaria,Occidente,1546.74,1704.52,566.0,5.0,5291.02
336,52,M,Universitario,Sur,2466.94,4920.15,686.0,7.0,6882.13
337,36,M,Universitario,Sur,1902.86,3947.72,532.0,,5423.19
338,65,M,Secundaria,Norte,1161.85,2399.84,465.0,11.0,1621.28
339,33,M,Primaria,Occidente,,5630.66,632.0,3.0,10845.97
340,20,F,Universitario,Oriente,1772.2,2939.27,546.0,11.0,6982.84
341,37,F,Secundaria,Norte,1878.85,2182.23,606.0,10.0,7741.18
342,41,F,Secundaria,Norte,4539.21,9658.67,,1.0,17376.54
343,71,M,Tecnico,Oriente,2598.87,6221.01,657.0,6.0,9016.43
344,73,F,Secundaria,Norte,1971.48,3149.83,535.0,9.0,5007.35
345,50,M,Tecnico,Occidente,3190.03,6867.87,644.0,3.0,10195.48
346,41,F,Universitario,Occidente,4483.31,8343.82,616.0,5.0,13240.5
347,69,M,Universitario,Occidente,2498.79,3085.49,670.0,8.0,
348,28,F,Secundaria,Oriente,802.79,106.37,432.0,13.0,1131.46
349,66,F,Secundaria,Centro,,3248.54,553.0,2.0,6268.07
350,25,M,Secundaria,Norte,,4419.91,517.0,,6001.44
351,53,M,Secundaria,Oriente,1313.32,2647.92,503.0,5.0,5221.71
352,55,M,Secundaria,Centro,1387.01,2700.57,531.0,8.0,5283.5
353,57,M,Secundaria,Sur,3201.43,5058.98,652.0,8.0,8952.92
354,37,F,Primaria,Centro,1693.21,2147.78,569.0,5.0,5429.93
355,52,F,Primaria,Centro,1597.28,3489.05,,6.0,1928.7
356,65,M,Secundaria,Centro,984.64,1810.79,543.0,6.0,5749.0
357,42,F,Tecnico,Oriente,1612.79,2808.4,586.0,7.0,6306.61
358,52,F,Tecnico,Centro,2181.94,4931.14,609.0,10.0,5512.0
359,42,F,Secundaria,Centro,2013.01,4976.95,565.0,9.0,4815.63
360,46,M,Universitario,Centro,,9369.31,694.0,6.0,17798.92
361,35,M,Universitario,Norte,3200.99,5016.48,648.0,4.0,8055.05
362,63,M,Secundaria,Occidente,,2249.47,543.0,5.0,4098.96
363,35,F,Primaria,Sur,2760.95,4630.5,597.0,9.0,6731.03
364,19,M,Tecnico,Norte,1517.6,2621.26,539.0,6.0,4597.69
365,71,M,Secundaria,Centro,2396.81,3352.95,658.0,6.0,5730.62
366,52,F,Primaria,Occidente,944.8,2703.2,531.0,7.0,1677.89
367,33,F,Postgrado,Sur,2286.46,3737.24,588.0,8.0,3478.98
368,58,F,Secundaria,Centro,841.65,2798.16,458.0,10.0,1177.48
369,53,M,Tecnico,Centro,1032.7,1757.08,509.0,10.0,3208.61
370,50,M,Secundaria,Centro,1231.47,1832.51,523.0,10.0,3848.95
371,21,F,Primaria,Norte,2073.57,3196.73,515.0,9.0,4608.61
372,50,M,Primaria,Oriente,,1943.8,610.0,10.0,4910.42
373,31,M,Tecnico,Centro,792.04,1599.72,438.0,7.0,500.0
374,38,M,Secundaria,Oriente,2164.04,3850.74,580.0,8.0,4248.01
375,65,M,Secundaria,Centro,1565.99,3460.17,513.0,7.0,3950.61
376,37,M,Postgrado,Norte,6469.78,11027.05,770.0,5.0,26183.19
377,73,F,Secundaria,Oriente,1276.59,2483.3,510.0,6.0,1829.03
378,25,F,Primaria,,772.36,2359.38,477.0,6.0,500.0
379,24,F,Secundaria,Oriente,,6788.98,670.0,7.0,9338.46
380,20,M,Tecnico,Oriente,2706.54,4289.48,598.0,5.0,9040.1
381,34,M,Secundaria,Occidente,684.41,,419.0,8.0,2005.09
382,50,M,Primaria,Norte,1434.91,2085.39,557.0,8.0,2517.39
383,65,F,Secundaria,Norte,727.69,619.41,386.0,6.0,3614.13
384,29,M,Primaria,Sur,1798.56,3774.06,598.0,5.0,6860.41
385,68,F,Tecnico,Centro,1147.38,1166.22,512.0,10.0,2213.99
386,39,F,Tecnico,Centro,,3562.15,469.0,8.0,3653.79
387,72,M,Primaria,Norte,2374.67,4461.07,600.0,10.0,8879.92
388,39,M,Secundaria,Sur,1797.47,3092.41,565.0,7.0,4663.02
389,63,F,Secundaria,Norte,2176.84,,591.0,7.0,6600.16
390,47,F,Tecnico,Oriente,1462.96,1582.95,,9.0,6064.93
391,55,M,Secundaria,Oriente,1484.5,2050.84,506.0,10.0,5467.81
392,55,M,Secundaria,Norte,3117.37,4609.73,,10.0,7403.97
393,62,F,Postgrado,Oriente,3965.42,7118.72,685.0,6.0,14044.43
394,68,M,Primaria,Centro,3602.3,5972.46,719.0,3.0,11746.67
395,71,M,Postgrado,Centro,3196.71,4712.75,646.0,5.0,9256.68
396,25,M,Primaria,Norte,1787.34,2270.16,531.0,7.0,5616.63
397,44,M,Secundaria,Oriente,2482.64,4733.74,623.0,6.0,7321.63
398,44,M,Secundaria,Centro,1646.63,3470.79,590.0,7.0,3968.97
399,51,M,Primaria,Norte,2256.08,2956.65,633.0,10.0,7011.25
400,38,M,Primaria,Occidente,936.33,1530.58,434.0,15.0,3996.15
401,47,F,Secundaria,Centro,2234.65,3691.53,631.0,4.0,6605.92
402,50,F,Postgrado,Occidente,2101.28,3258.12,581.0,9.0,6603.06
403,45,F,Secundaria,Centro,854.97,2827.15,,5.0,1621.88
404,64,F,Tecnico,Oriente,,3401.06,628.0,7.0,5895.41
405,50,F,Tecnico,Sur,1726.67,3241.79,507.0,7.0,3771.21
406,22,M,Universitario,Occidente,1401.5,,480.0,8.0,3029.9
407,65,M,Tecnico,Occidente,2656.72,4847.8,676.0,8.0,7957.25
408,36,F,Secundaria,Occidente,2994.98,5375.3,583.0,11.0,8525.31
409,21,M,Primaria,Centro,995.01,2451.76,464.0,,4038.03
410,52,M,Secundaria,Oriente,2445.12,3937.96,583.0,6.0,
411,66,F,Secundaria,Oriente,1181.44,1765.57,516.0,5.0,
412,34,M,Primaria,Norte,1080.39,1148.47,,11.0,4128.47
413,61,M,Primaria,Occidente,1218.59,3323.93,487.0,10.0,
414,45,F,Universitario,Centro,3515.84,6772.87,,6.0,11823.87
415,47,F,Universitario,Norte,2337.83,4394.35,638.0,9.0,9026.79
416,46,M,Primaria,Centro,492.51,2132.68,385.0,7.0,1430.84
417,63,F,Primaria,Sur,,2882.4,620.0,2.0,8283.38
418,70,F,Primaria,Sur,1333.72,2334.08,644.0,8.0,6049.99
419,23,F,Secundaria,Sur,513.79,0.0,416.0,4.0,1856.7
420,52,M,Secundaria,Centro,2900.67,4095.21,642.0,8.0,6674.66
421,58,M,Postgrado,Sur,6612.5,12803.8,734.0,6.0,22757.33
422,54,F,Primaria,Occidente,756.45,2713.46,,8.0,776.78
423,41,F,Secundaria,Centro,791.42,1091.53,465.0,8.0,2318.75
424,46,F,Primaria,Sur,2024.1,3316.67,520.0,11.0,5064.09
425,66,M,Postgrado,Centro,5788.47,10066.22,739.0,5.0,20755.28
426,63,M,Universitario,Norte,3106.92,6942.36,628.0,1.0,9149.17
427,70,F,Tecnico,Sur,1555.49,2332.44,520.0,5.0,2696.79
428,48,M,Secundaria,Norte,1063.53,3247.23,450.0,7.0,4406.16
429,52,F,Secundaria,Oriente,2005.11,3646.55,547.0,10.0,7326.94
430,50,M,Secundaria,Sur,,1668.82,583.0,12.0,4483.7
431,69,M,Secundaria,Centro,1187.95,,502.0,7.0,5281.66
432,38,F,Universitario,Centro,3390.45,,,8.0,11556.04
433,49,F,Secundaria,Occidente,2367.82,4392.95,652.0,6.0,6610.92
434,40,M,Secundaria,Norte,2937.55,5131.36,674.0,6.0,10334.36
435,50,M,Tecnico,Sur,806.84,1879.21,,9.0,1393.39
436,20,F,Secundaria,Occidente,1147.19,1879.66,,16.0,3818.71
437,35,M,Tecnico,,1523.15,1839.78,609.0,7.0,2152.12
438,42,F,Secundaria,Sur,1488.88,2621.2,569.0,7.0,4321.1
439,59,F,Primaria,Centro,700.22,1956.55,435.0,8.0,734.32
440,48,M,Secundaria,Norte,1960.41,3880.36,647.0,14.0,6516.93
441,71,F,Universitario,Norte,5941.57,9664.7,714.0,6.0,23300.87
442,75,M,Secundaria,Sur,934.87,2320.87,469.0,11.0,2163.81
443,20,F,Secundaria,Norte,1563.01,3221.41,505.0,8.0,5405.23
444,57,M,Primaria,Occidente,2174.7,4014.29,552.0,6.0,7379.86
445,63,F,Tecnico,Sur,,3900.51,578.0,9.0,5452.18
446,41,M,Universitario,Norte,1723.24,3835.49,438.0,4.0,2712.11
447,67,M,Secundaria,Centro,1706.56,3777.97,525.0,11.0,6825.64
448,49,F,Secundaria,Sur,2117.12,2409.81,597.0,5.0,4949.15
449,64,F,Postgrado,Norte,1951.36,4025.59,639.0,4.0,3897.19
450,39,M,Universitario,Oriente,3805.89,6616.29,696.0,5.0,12646.13
451,40,M,Tecnico,Occidente,1630.51,3203.9,610.0,7.0,4326.35
452,19,F,Secundaria,,1061.3,1161.65,492.0,6.0,3442.46
453,44,M,Secundaria,Oriente,755.86,2095.3,545.0,7.0,1847.13
454,59,M,Tecnico,Occidente,1387.61,3352.21,478.0,4.0,2908.84
455,19,F,Tecnico,Sur,1308.58,2277.36,494.0,6.0,2652.64
456,43,M,Tecnico,Centro,1054.09,540.84,536.0,2.0,3915.91
457,34,F,Primaria,Oriente,1462.64,3059.89,550.0,8.0,5863.25
458,57,F,Secundaria,Centro,1651.16,3134.0,533.0,15.0,4848.91
459,50,F,Universitario,Norte,3792.99,5293.69,687.0,7.0,14698.5
460,26,F,Postgrado,Oriente,4411.44,,661.0,5.0,12218.82
461,60,F,Primaria,Occidente,,2330.49,474.0,6.0,1551.29
462,71,M,Tecnico,Sur,1653.28,1183.89,647.0,8.0,7433.14
463,65,F,Tecnico,Centro,1346.34,2471.6,582.0,6.0,
464,56,M,Universitario,Sur,1203.17,2344.58,550.0,9.0,2186.21
465,46,M,Universitario,Centro,,5362.74,662.0,3.0,9773.94
466,59,F,Postgrado,Centro,3677.38,6433.51,629.0,4.0,15460.28
467,72,F,Postgrado,Occidente,2660.13,4909.24,598.0,,5751.78
468,43,F,Secundaria,Centro,2160.91,3720.55,625.0,10.0,7763.77
469,52,M,Universitario,Norte,2101.89,,637.0,6.0,5870.51
470,67,F,Tecnico,Oriente,3291.49,6303.82,702.0,8.0,13491.71
471,42,M,Secundaria,Centro,1400.17,,522.0,10.0,
472,41,F,Secundaria,Oriente,,1466.01,439.0,5.0,2570.62
473,30,F,Primaria,Sur,2326.09,3635.82,623.0,10.0,5495.01
474,75,F,Universitario,Oriente,3015.16,5324.18,596.0,5.0,12112.52
475,24,M,Secundaria,Norte,945.53,1630.79,,8.0,500.0
476,74,M,Universitario,Norte,2130.43,3305.79,653.0,5.0,7412.35
477,53,M,Tecnico,Centro,1266.99,1748.59,508.0,4.0,1690.3
478,62,F,Tecnico,Sur,2924.75,4584.47,675.0,5.0,6831.35
479,37,F,Secundaria,Centro,582.31,593.66,350.0,6.0,2492.01
480,18,M,Secundaria,Centro,1620.75,,545.0,6.0,
481,25,F,Secundaria,Occidente,669.62,,399.0,16.0,2959.22
482,63,F,Secundaria,Norte,669.2,2113.83,377.0,6.0,2112.77
483,33,F,Universitario,Oriente,2837.68,3470.39,606.0,7.0,
484,31,F,Tecnico,Oriente,,1700.3,491.0,6.0,4539.03
485,29,F,Primaria,Occidente,1601.27,2422.78,541.0,8.0,3863.53
486,68,M,Universitario,Occidente,3896.29,6042.61,690.0,4.0,11981.7
487,40,M,Primaria,Sur,978.11,1101.81,,12.0,
488,32,M,Secundaria,Sur,1833.25,1837.16,589.0,9.0,6643.93
489,45,F,Tecnico,Sur,3516.57,6202.67,662.0,4.0,11773.01
490,51,F,Primaria,Centro,,1431.02,484.0,9.0,500.0
491,19,F,Tecnico,Centro,2533.96,3438.63,557.0,7.0,7861.93
492,49,M,Tecnico,Centro,1286.72,2267.41,480.0,,4965.66
493,40,M,Tecnico,Norte,1796.88,3295.53,530.0,11.0,
494,39,M,Primaria,Oriente,902.05,885.3,483.0,10.0,2212.22
495,68,M,Secundaria,Occidente,1212.45,2255.91,562.0,8.0,1897.02
496,42,F,Secundaria,Occidente,1276.76,2339.44,594.0,5.0,4192.2
497,75,F,Postgrado,Norte,2685.97,,656.0,4.0,7983.19
498,39,F,Primaria,Norte,,,,4.0,3218.7
499,75,F,Secundaria,Oriente,2704.96,5705.1,653.0,9.0,8257.28
500,75,M,Universitario,Centro,1376.28,3349.53,579.0,4.0,
501,39,M,Universitario,Oriente,2895.26,4520.7,,10.0,9319.71
502,66,M,Universitario,Oriente,1548.25,2635.74,549.0,7.0,5005.52
503,69,F,Postgrado,Sur,2200.55,2381.89,647.0,5.0,5689.66
504,59,F,Secundaria,Centro,,,449.0,9.0,500.0
505,23,M,Secundaria,Norte,2345.2,4900.19,609.0,8.0,10949.48
506,32,M,Primaria,Centro,1056.0,2789.08,486.0,11.0,
507,71,M,Primaria,Sur,847.1,3012.86,529.0,8.0,5231.48
508,60,M,Tecnico,Occidente,1977.34,4412.43,533.0,8.0,6553.17
509,54,M,Primaria,Norte,1050.6,2320.34,,7.0,
510,50,M,Universitario,Norte,4004.46,7287.94,663.0,12.0,13485.02
511,25,M,Primaria,Sur,734.09,3401.51,,8.0,500.0
512,70,F,Secundaria,Centro,1486.29,2885.99,511.0,11.0,500.0
513,61,F,Tecnico,Occidente,,6860.34,690.0,4.0,11195.27
514,61,M,Secundaria,Norte,964.15,1190.09,483.0,7.0,1228.38
515,22,M,Universitario,Occidente,1874.48,3124.8,,6.0,5388.16
516,56,M,Postgrado,Occidente,1909.65,4045.33,619.0,6.0,
517,21,M,Universitario,Occidente,1557.51,399.43,549.0,3.0,1750.0
518,23,M,Secundaria,Norte,717.87,,,10.0,
519,62,F,Universitario,Centro,1548.91,3746.33,483.0,11.0,3173.57
520,49,F,Primaria,Oriente,675.29,910.98,,9.0,4409.78
521,69,F,Universitario,Oriente,1872.91,3370.85,,5.0,4833.19
522,47,M,Primaria,Oriente,1878.1,2117.27,579.0,3.0,4599.89
523,64,F,Primaria,Centro,1421.15,2232.15,,,5407.56
524,52,M,Postgrado,Centro,,10207.58,764.0,7.0,24671.21
525,72,M,Secundaria,Occidente,1335.56,3006.19,511.0,6.0,5427.61
526,57,F,Universitario,Norte,1651.42,3618.9,653.0,,5619.97
527,69,F,Secundaria,Norte,1492.98,2050.95,551.0,5.0,3719.92
528,33,F,Universitario,Norte,1794.73,2472.78,592.0,7.0,4900.19
529,30,F,Postgrado,Oriente,3878.52,8230.29,717.0,6.0,12704.79
530,67,F,Secundaria,Norte,800.31,385.8,,6.0,2721.99
531,59,F,Tecnico,Sur,1801.99,3868.28,578.0,9.0,3956.77
532,47,F,Tecnico,Centro,3578.6,6472.54,697.0,7.0,11104.25
533,36,F,Universitario,Norte,1567.88,3713.71,542.0,8.0,3871.4
534,34,F,Secundaria,Oriente,,2341.81,527.0,7.0,3602.31
535,73,F,Tecnico,Norte,878.61,1157.82,,5.0,2162.23
536,36,F,Secundaria,Centro,2443.59,3466.67,616.0,9.0,7993.34
537,45,M,Secundaria,Sur,1444.62,1688.53,579.0,3.0,5445.72
538,75,F,Primaria,Centro,1012.11,812.52,460.0,7.0,2703.26
539,72,M,Tecnico,Centro,1948.96,3417.56,576.0,5.0,5053.27
540,43,M,Universitario,Occidente,2330.68,,590.0,2.0,6634.43
541,54,M,Secundaria,Occidente,1120.95,1284.11,554.0,11.0,2164.23
542,43,F,Tecnico,Centro,959.22,898.68,486.0,11.0,4350.49
543,70,F,Tecnico,Centro,2037.01,3810.08,563.0,9.0,5874.87
544,40,M,Secundaria,Centro,1505.11,3821.73,471.0,7.0,3536.69
545,26,M,Universitario,Occidente,1953.46,4134.3,627.0,5.0,3966.6
546,29,M,Secundaria,Sur,1274.65,2221.24,523.0,7.0,817.35
547,70,F,Primaria,Norte,,2887.34,594.0,11.0,5138.31
548,18,M,Primaria,Occidente,,2385.55,,12.0,1761.36
549,75,M,Universitario,Sur,1408.49,3243.09,596.0,9.0,
550,75,M,Postgrado,Centro,6283.2,11776.86,755.0,4.0,24630.3
551,18,M,Secundaria,Centro,1942.53,3703.0,503.0,8.0,2373.31
552,64,M,Primaria,Norte,,,593.0,8.0,6356.48
553,51,F,Secundaria,Occidente,1069.06,,436.0,8.0,500.0
554,49,M,Tecnico,Oriente,2681.55,5495.54,660.0,,8086.4
555,71,F,Tecnico,Norte,2065.42,2116.41,584.0,4.0,6082.64
556,65,M,Postgrado,Sur,2046.71,4457.47,629.0,2.0,2955.04
557,42,M,Universitario,Sur,2733.73,,664.0,5.0,8350.57
558,57,M,Universitario,Norte,3794.87,6938.0,652.0,,13771.13
559,62,F,Tecnico,Centro,2417.74,,621.0,5.0,5968.6
560,70,F,Secundaria,Sur,704.64,725.03,,8.0,1200.24
561,18,F,Tecnico,Centro,2053.94,1799.66,557.0,6.0,6214.44
562,33,F,Secundaria,Centro,1251.73,,494.0,11.0,5353.04
563,56,M,Secundaria,Norte,660.43,145.57,,6.0,500.0
564,22,F,Primaria,Centro,1544.9,3197.45,599.0,5.0,4883.26
565,39,F,Tecnico,Sur,2434.87,4066.11,,7.0,6832.98
566,46,M,Tecnico,Norte,1790.08,4119.39,596.0,8.0,7900.81
567,72,F,Tecnico,Sur,1205.7,3564.18,520.0,7.0,3940.77
568,20,M,Primaria,Centro,2150.73,3768.82,,6.0,6719.25
569,29,M,Tecnico,Sur,2245.51,3628.01,620.0,4.0,8481.6
570,43,M,Primaria,Centro,,2260.93,570.0,11.0,
571,33,M,Tecnico,Sur,2678.45,5180.98,569.0,12.0,10212.76
572,68,M,Secundaria,Sur,2723.04,4438.13,714.0,8.0,11488.38
573,54,M,Universitario,Sur,2842.93,5096.94,636.0,5.0,11049.4
574,39,M,Universitario,Oriente,1430.37,1830.32,532.0,5.0,1199.09
575,74,M,Universitario,Norte,1875.07,3416.48,618.0,11.0,6353.98
576,46,F,Tecnico,Occidente,1436.96,3917.85,472.0,8.0,4599.43
577,31,F,Tecnico,,3045.41,4891.76,674.0,6.0,13148.25
578,45,M,Primaria,Sur,1330.6,2406.82,574.0,13.0,3739.22
579,22,M,Tecnico,Occidente,1271.61,2681.77,473.0,10.0,4934.31
580,64,M,Secundaria,Centro,1431.91,3645.91,567.0,,4032.07
581,66,F,Secundaria,Norte,2850.92,6054.34,641.0,4.0,12931.09
582,47,M,Secundaria,Oriente,1998.62,4179.01,606.0,7.0,8325.44
583,63,M,Universitario,Occidente,3998.68,7524.16,626.0,10.0,13306.23
584,69,M,Secundaria,Norte,956.95,4018.03,549.0,6.0,5557.6
585,22,F,Secundaria,Sur,1312.16,2928.29,554.0,5.0,2306.31
586,29,F,Postgrado,Oriente,2411.32,4571.41,569.0,10.0,8586.94
587,33,M,Universitario,Occidente,,9310.62,674.0,4.0,16750.81
588,43,M,Primaria,Centro,1130.85,2498.57,553.0,9.0,1952.89
589,43,M,Universitario,Norte,1858.69,5380.49,594.0,11.0,6263.91
590,65,F,Secundaria,Centro,636.17,696.94,425.0,8.0,3396.54
591,38,F,Tecnico,Sur,3371.5,6030.37,666.0,4.0,9069.42
592,56,F,Tecnico,Occidente,3569.36,5356.87,654.0,6.0,12277.33
593,53,F,Tecnico,Sur,730.72,1226.9,414.0,,2674.38
594,50,M,Tecnico,Occidente,2013.27,2682.66,583.0,10.0,6532.92
595,47,F,Secundaria,Oriente,2320.81,4274.68,630.0,5.0,7112.39
596,54,F,Primaria,Sur,1523.6,2187.42,,9.0,4374.75
597,40,M,Tecnico,Norte,1474.47,,568.0,5.0,
598,75,F,Secundaria,Centro,1044.39,1485.85,,5.0,3584.84
599,27,M,Postgrado,Norte,5420.77,,738.0,9.0,19188.69
600,71,M,Secundaria,Centro,2244.72,3871.93,,12.0,6419.28
601,22,F,Primaria,,1536.96,3719.51,499.0,13.0,3349.08
602,53,F,Tecnico,Norte,,5537.6,642.0,3.0,8786.95
603,51,F,Secundaria,Centro,4085.83,7006.96,693.0,4.0,14677.49
604,69,M,Primaria,Sur,1092.28,510.33,514.0,11.0,4460.7
605,48,F,Secundaria,Norte,1312.81,1283.77,565.0,10.0,5390.29
606,27,F,Postgrado,Oriente,2671.31,5406.1,620.0,11.0,8650.54
607,75,M,Secundaria,Sur,1055.48,872.63,555.0,8.0,1353.22
608,36,F,Secundaria,Sur,2538.88,5334.48,656.0,,7818.35
609,75,F,Secundaria,Oriente,2927.42,4921.48,,3.0,9486.2
610,49,M,Primaria,Oriente,1966.31,3527.9,543.0,9.0,4195.06
611,18,F,Primaria,Occidente,2422.06,4809.97,642.0,12.0,6284.62
612,73,M,Universitario,Centro,2667.44,5661.84,688.0,5.0,9612.99
613,22,M,Postgrado,,3756.04,5593.61,652.0,6.0,11313.39
614,62,M,Primaria,Norte,1674.12,1909.08,588.0,4.0,5366.52
615,21,F,Tecnico,Sur,1429.31,2363.12,575.0,7.0,4629.97
616,33,M,Postgrado,Centro,2004.07,4564.19,529.0,3.0,7076.35
617,41,F,Primaria,Centro,1279.3,2318.15,589.0,5.0,2909.54
618,33,M,Secundaria,Norte,1195.16,3078.84,503.0,11.0,500.0
619,72,F,Universitario,,6751.14,10830.17,807.0,0.0,27385.0
620,19,M,Tecnico,Sur,879.66,1132.93,,6.0,1950.11
621,66,F,Primaria,Centro,1224.71,2264.01,544.0,10.0,1622.11
622,45,M,Secundaria,Centro,1719.88,2237.32,637.0,7.0,4494.67
623,49,F,Primaria,Occidente,837.98,587.26,491.0,12.0,
624,44,F,Secundaria,Oriente,,1563.67,,6.0,4156.65
625,37,F,Universitario,Centro,2443.52,4091.36,646.0,2.0,6770.99
626,41,M,Tecnico,Occidente,1066.69,1009.54,,6.0,3295.72
627,29,F,Tecnico,Norte,2108.8,4770.0,551.0,7.0,6386.24
628,67,M,Secundaria,Centro,,5927.64,715.0,10.0,10762.53
629,52,F,Primaria,Norte,1032.57,2110.02,509.0,3.0,1666.68
630,50,F,Primaria,Occidente,1723.38,3328.79,598.0,11.0,3849.7
631,50,M,Universitario,Norte,5261.16,10732.45,731.0,10.0,18491.62
632,68,M,Tecnico,Norte,2978.77,6977.82,671.0,7.0,12552.77
633,60,M,Secundaria,Occidente,1120.6,,547.0,11.0,3909.03
634,54,F,Secundaria,Sur,769.2,1809.9,,7.0,2359.38
635,29,F,Universitario,Oriente,2034.39,3423.6,648.0,10.0,6675.08
636,20,M,Tecnico,Norte,1769.47,3893.16,615.0,5.0,3965.4
637,18,M,Secundaria,Centro,563.44,2146.3,,13.0,3273.56
638,50,M,Secundaria,Occidente,1544.05,2774.52,,7.0,5286.44
639,57,M,Secundaria,Sur,1065.43,2674.88,466.0,7.0,5984.92
640,27,M,Universitario,Oriente,,,673.0,6.0,7378.64
641,60,F,Tecnico,Occidente,1621.09,3846.23,554.0,6.0,2583.19
642,61,M,Tecnico,Sur,1702.7,2352.62,594.0,8.0,3662.22
643,46,F,Universitario,Centro,3394.85,5251.73,644.0,5.0,9757.82
644,30,F,Postgrado,Centro,2056.4,4182.92,606.0,9.0,4717.58
645,29,M,Secundaria,Norte,642.02,2069.56,474.0,13.0,1240.08
646,48,F,Secundaria,Centro,2206.19,4491.94,653.0,,3719.51
647,63,M,Secundaria,Occidente,2091.42,4611.57,642.0,4.0,5788.56
648,19,M,Primaria,Centro,1460.41,1947.93,,10.0,3169.92
649,68,M,Universitario,Occidente,1695.06,2996.32,604.0,7.0,2777.2
650,67,M,Universitario,Oriente,3317.41,4709.72,740.0,6.0,12662.21
651,52,M,Tecnico,Occidente,1032.43,903.48,492.0,6.0,1970.94
652,40,M,Secundaria,Occidente,1305.5,3513.99,,5.0,4216.01
653,34,M,Primaria,Oriente,2339.28,3915.67,570.0,7.0,7559.74
654,43,M,Secundaria,Occidente,1968.06,5028.46,610.0,6.0,7748.91
655,25,M,Universitario,Oriente,2246.16,4176.67,601.0,8.0,6450.85
656,46,M,Secundaria,Oriente,1417.93,2375.74,468.0,8.0,1129.19
657,43,M,Primaria,Oriente,732.88,1119.79,438.0,9.0,802.25
658,27,M,Secundaria,Oriente,3019.83,6237.66,682.0,6.0,10366.74
659,43,F,Postgrado,Centro,5214.48,9291.03,732.0,8.0,22210.85
660,51,M,Tecnico,Centro,2625.28,4759.04,626.0,11.0,7731.0
661,68,F,Universitario,Centro,2421.53,4608.18,656.0,5.0,11568.63
662,58,M,Universitario,Norte,2102.83,2710.39,542.0,10.0,4752.4
663,24,F,Tecnico,Centro,1234.4,2300.23,511.0,7.0,2684.55
664,21,M,Primaria,Occidente,,3905.48,561.0,5.0,5226.51
665,75,F,Secundaria,Sur,707.05,1637.92,395.0,8.0,1451.6
666,70,F,Tecnico,Norte,2452.72,5209.04,661.0,4.0,
667,67,M,Universitario,Oriente,1239.96,2043.01,550.0,5.0,5222.18
668,62,F,Secundaria,Occidente,1424.19,2968.72,537.0,8.0,3438.36
669,28,F,Primaria,Oriente,1154.63,993.94,491.0,3.0,4870.52
670,46,M,Tecnico,Oriente,1020.6,3433.04,444.0,7.0,2670.44
671,73,F,Primaria,Norte,867.43,2794.17,482.0,8.0,1632.85
672,53,F,Tecnico,Centro,2554.62,4331.64,651.0,5.0,9704.54
673,42,M,Secundaria,Sur,2919.8,,617.0,5.0,8448.51
674,38,M,Secundaria,Norte,1714.03,1344.54,614.0,8.0,7303.24
675,74,F,Secundaria,Norte,1171.21,2644.7,467.0,11.0,500.0
676,53,F,Tecnico,Occidente,1190.55,1555.94,442.0,5.0,3372.44
677,27,F,Tecnico,Oriente,1252.57,952.93,524.0,8.0,2516.07
678,54,F,Secundaria,Centro,,,581.0,4.0,5086.5
679,26,M,Universitario,Centro,2612.08,3975.17,641.0,7.0,8379.94
680,41,F,Primaria,Centro,2082.5,2924.79,542.0,18.0,5010.95
681,52,M,Primaria,Norte,1184.84,2755.62,513.0,9.0,
682,66,M,Tecnico,Oriente,1400.08,3825.6,560.0,12.0,
683,52,F,Primaria,Norte,737.29,1550.54,496.0,5.0,3140.31
684,65,F,Secundaria,Oriente,1428.3,3577.48,476.0,8.0,1928.71
685,53,M,Postgrado,Oriente,1606.75,,562.0,5.0,5119.48
686,35,F,Tecnico,Sur,,2910.13,546.0,10.0,1156.29
687,66,M,Tecnico,Oriente,1070.1,,,6.0,1254.71
688,56,M,Tecnico,Norte,1647.05,,577.0,3.0,4309.43
689,49,F,Primaria,Sur,1494.67,1935.72,521.0,9.0,4606.16
690,41,M,Secundaria,Sur,1777.66,,601.0,3.0,8579.02
691,40,M,Secundaria,Sur,2033.96,4780.35,640.0,11.0,6129.6
692,49,M,Postgrado,Norte,2208.22,3772.65,565.0,4.0,4894.04
693,54,F,Secundaria,Centro,2908.12,3742.77,604.0,11.0,8029.46
694,29,M,Secundaria,Centro,,3541.68,630.0,5.0,6709.08
695,66,M,Universitario,Sur,3338.95,6309.9,680.0,3.0,11803.5
696,72,M,Universitario,Oriente,4222.18,7640.01,713.0,10.0,15854.53
697,30,M,Postgrado,Sur,3490.66,6494.29,613.0,,9278.3
698,40,M,Tecnico,Oriente,1703.11,3144.41,584.0,6.0,5852.7
699,42,M,Secundaria,Norte,,4698.86,635.0,11.0,9320.73
700,52,M,Universitario,Occidente,1681.39,3167.53,605.0,10.0,5743.96
701,58,F,Secundaria,Sur,1407.78,2410.81,572.0,9.0,
702,47,M,Primaria,Norte,2041.19,3833.42,586.0,10.0,7657.83
703,34,M,Tecnico,Sur,1613.88,3222.62,531.0,7.0,2995.49
704,66,M,Tecnico,Sur,1448.25,3072.04,,7.0,2750.57
705,37,M,Universitario,Centro,,2402.05,572.0,10.0,4741.59
706,65,F,Postgrado,Oriente,3842.56,7461.26,618.0,2.0,11688.81
707,42,M,Universitario,Occidente,1980.18,3917.1,554.0,13.0,6456.22
708,39,M,Primaria,Centro,1487.53,3660.28,583.0,4.0,3222.62
709,30,F,Tecnico,Centro,3681.5,6781.25,593.0,2.0,12892.68
710,36,M,Universitario,Norte,3845.9,7731.54,636.0,5.0,14238.18
711,66,M,Postgrado,Occidente,1215.43,411.2,572.0,6.0,3540.28
712,53,M,Secundaria,Centro,2117.73,2965.62,564.0,6.0,3689.66
713,29,M,Primaria,Norte,,3891.72,,6.0,3759.67
714,58,M,Universitario,Centro,2166.37,4167.09,,5.0,8969.73
715,36,M,Secundaria,Norte,2596.38,3833.18,595.0,10.0,7224.89
716,29,F,Tecnico,Centro,2004.07,3756.92,,13.0,6431.09
717,26,F,Secundaria,Norte,606.21,1947.64,420.0,4.0,
718,24,M,Secundaria,Norte,1543.07,1790.83,,5.0,3706.91
719,45,M,Universitario,Norte,2138.0,4073.74,653.0,6.0,
720,31,M,Secundaria,Occidente,,,459.0,6.0,1957.03
721,48,M,Tecnico,Occidente,2145.79,3220.4,560.0,7.0,5056.32
722,69,M,Primaria,Centro,1695.02,2324.77,610.0,9.0,4880.84
723,36,F,Secundaria,Sur,2004.5,1641.23,651.0,4.0,6332.9
724,75,F,Secundaria,Sur,2190.24,3648.8,,6.0,6407.99
725,64,F,Universitario,Centro,1489.73,3422.38,562.0,11.0,4299.94
726,33,F,Secundaria,,914.45,1232.1,503.0,5.0,2095.95
727,70,M,Tecnico,Sur,2145.76,5943.65,603.0,8.0,5619.49
728,22,M,Tecnico,Centro,2810.51,7784.48,562.0,13.0,8102.76
729,52,M,Tecnico,Sur,2153.5,5320.22,666.0,9.0,8806.98
730,29,M,Tecnico,Sur,680.35,650.39,349.0,11.0,1765.58
731,42,F,Secundaria,Sur,1920.03,3705.45,,5.0,2963.97
732,69,M,Secundaria,Oriente,784.39,943.01,488.0,9.0,2581.79
733,38,F,Tecnico,Oriente,2432.84,3859.19,600.0,8.0,7552.42
734,53,M,Primaria,Occidente,954.57,1993.37,527.0,9.0,2049.77
735,70,F,Universitario,Oriente,,4385.06,580.0,10.0,4820.21
736,40,F,Universitario,Norte,6164.7,9582.34,734.0,5.0,23838.8
737,33,F,Secundaria,Oriente,1257.77,1146.35,597.0,11.0,5262.49
738,74,F,Tecnico,Sur,,2669.64,520.0,8.0,1243.64
739,56,M,Universitario,Sur,2029.96,5169.95,625.0,11.0,6444.95
740,62,F,Secundaria,Centro,793.49,2180.23,,7.0,500.0
741,70,F,Universitario,,1612.98,,559.0,10.0,6077.57
742,59,F,Primaria,,2004.5,,663.0,10.0,6456.95
743,75,F,Tecnico,Occidente,789.48,1366.84,,4.0,1713.19
744,56,F,Universitario,Centro,1860.79,4203.69,562.0,6.0,5471.78
745,31,F,Tecnico,Norte,1962.79,4137.72,586.0,8.0,2982.56
746,48,F,Tecnico,Oriente,1515.78,814.86,458.0,9.0,3621.11
747,75,F,Universitario,Centro,4695.38,7932.45,631.0,6.0,15534.73
748,22,M,Tecnico,Centro,1605.06,3434.58,550.0,6.0,2658.15
749,52,M,Tecnico,Sur,1576.94,3490.89,581.0,6.0,5305.17
750,40,M,Tecnico,Oriente,1918.74,3082.97,539.0,9.0,8198.24
751,46,M,Tecnico,Norte,2051.56,1980.78,521.0,3.0,5512.66
752,60,M,Universitario,Oriente,,4644.76,599.0,6.0,5726.11
753,28,M,Postgrado,Oriente,3109.23,4371.01,636.0,10.0,6282.57
754,35,F,Universitario,Sur,983.11,1104.03,570.0,5.0,
755,64,M,Tecnico,Centro,1130.19,3161.4,537.0,9.0,2434.56
756,29,M,Primaria,Norte,,2364.59,573.0,5.0,6081.03
757,26,F,Universitario,Norte,3660.53,6023.24,730.0,9.0,14347.26
758,27,F,Universitario,Norte,4140.98,7351.79,758.0,6.0,
759,75,F,Universitario,Norte,1335.85,3132.08,,9.0,2657.71
760,61,F,Secundaria,Centro,1068.34,1723.77,,11.0,5108.33
761,34,F,Universitario,Centro,4634.79,9517.82,665.0,7.0,16164.76
762,55,M,Primaria,Centro,1037.59,1131.0,493.0,8.0,2528.24
763,24,F,Secundaria,Centro,1911.66,2606.93,549.0,13.0,7621.6
764,63,F,Tecnico,Centro,8536.93,15744.1,789.0,5.0,35890.26
765,30,M,Tecnico,Oriente,2820.54,,653.0,7.0,8727.59
766,57,M,Secundaria,Centro,1402.07,,596.0,8.0,3574.2
767,59,F,Tecnico,Norte,1747.3,4978.5,615.0,10.0,6078.16
768,26,M,Secundaria,Centro,1842.38,,558.0,8.0,4470.64
769,67,F,Primaria,Oriente,530.92,1217.49,451.0,9.0,
770,44,M,Primaria,Centro,1470.27,3385.56,623.0,,7197.42
771,75,F,Universitario,Occidente,2258.46,3538.4,611.0,10.0,6777.35
772,19,M,Secundaria,Oriente,1383.86,2501.31,537.0,10.0,4702.11
773,22,M,Primaria,Centro,1209.69,337.3,505.0,7.0,2150.23
774,46,M,Tecnico,Sur,3672.6,6608.61,678.0,8.0,13736.6
775,54,F,Secundaria,Sur,1724.52,,584.0,3.0,6269.06
776,55,F,Universitario,Norte,,4141.67,675.0,7.0,8403.99
777,36,F,Universitario,Centro,3274.04,5727.8,631.0,6.0,9865.58
778,25,M,Universitario,Sur,2398.44,3958.39,620.0,6.0,8913.89
779,65,F,Secundaria,Occidente,2113.32,2812.33,555.0,9.0,5292.34
780,62,M,Secundaria,Centro,1482.69,3919.8,508.0,10.0,2504.88
781,18,M,Tecnico,,2896.42,5331.89,672.0,7.0,10383.42
782,39,M,Secundaria,Norte,2652.47,5089.55,569.0,8.0,5782.94
783,69,F,Primaria,Sur,1711.8,2629.27,597.0,9.0,6482.36
784,34,M,Secundaria,,,898.88,388.0,6.0,500.0
785,24,M,Primaria,Centro,1253.23,587.88,,7.0,2839.45
786,42,F,Postgrado,Oriente,1389.22,1624.54,557.0,,3043.73
787,62,F,Universitario,Centro,2963.94,6528.23,742.0,4.0,11167.82
788,21,M,Secundaria,Oriente,2960.46,5825.87,654.0,10.0,9418.59
789,53,M,Secundaria,Centro,2564.41,4229.75,610.0,8.0,9564.47
790,23,M,Postgrado,Oriente,2816.47,5382.81,604.0,8.0,7756.21
791,48,M,Secundaria,Oriente,,1144.47,508.0,8.0,4753.13
792,36,F,Universitario,Oriente,1037.52,1543.99,491.0,8.0,3161.7
793,61,M,Secundaria,Norte,1566.67,2823.12,597.0,8.0,5035.23
794,71,F,Universitario,Sur,2315.56,4799.32,623.0,11.0,6396.71
795,56,F,Tecnico,Sur,1051.73,1246.33,500.0,9.0,3096.23
796,44,M,Primaria,Occidente,775.22,1429.21,,11.0,942.77
797,27,F,Secundaria,Centro,849.54,1331.87,420.0,7.0,
798,43,M,Tecnico,Oriente,4744.31,8840.17,657.0,8.0,16546.0
799,36,M,Universitario,Centro,2504.21,4696.47,604.0,10.0,7791.2
800,56,M,Primaria,Centro,1732.47,3084.96,570.0,12.0,7299.28
801,20,M,Tecnico,Norte,2602.02,4956.14,686.0,5.0,10438.04
802,62,M,Secundaria,Centro,3222.82,5319.61,668.0,7.0,12164.81
803,30,M,Universitario,Norte,4775.06,8176.21,680.0,4.0,15888.23
804,67,F,Universitario,Norte,3854.06,5684.62,716.0,5.0,16076.47
805,45,F,Secundaria,Norte,761.39,1933.05,503.0,,1612.77
806,75,F,Primaria,Oriente,,3428.3,602.0,3.0,7059.5
807,37,M,Primaria,Centro,993.3,924.1,487.0,9.0,2134.08
808,45,F,Tecnico,Oriente,1026.28,1215.69,557.0,10.0,3969.74
809,25,F,Secundaria,Sur,1227.02,3528.78,526.0,10.0,5568.35
810,58,F,Secundaria,Oriente,1658.88,2778.0,520.0,13.0,
811,56,F,Postgrado,Sur,1069.86,2262.86,495.0,10.0,3307.0
812,18,F,Secundaria,Norte,1712.44,2672.41,577.0,6.0,
813,20,M,Universitario,Sur,3831.89,5978.68,652.0,8.0,9538.88
814,30,F,Primaria,Sur,,2226.73,540.0,10.0,5324.63
815,45,M,Primaria,Sur,742.23,2216.85,403.0,6.0,4539.5
816,74,F,Secundaria,Oriente,2099.77,4959.7,641.0,4.0,4884.31
817,66,M,Tecnico,Oriente,1863.73,4444.01,,6.0,4923.04
818,42,M,Secundaria,Centro,3286.49,6438.82,633.0,9.0,7722.33
819,73,M,Universitario,Oriente,906.11,2082.97,527.0,6.0,1278.48
820,50,F,Secundaria,Sur,478.43,131.66,416.0,16.0,500.0
821,55,M,Secundaria,Norte,1472.38,2713.0,528.0,7.0,4589.31
822,70,M,Universitario,Sur,2059.57,4508.56,596.0,6.0,5882.16
823,23,F,Secundaria,Oriente,1630.98,4085.09,550.0,7.0,3044.54
824,75,F,Secundaria,Sur,1928.69,3417.72,574.0,11.0,6526.12
825,61,M,Primaria,Occidente,,4112.54,637.0,6.0,9005.47
826,62,M,Universitario,Norte,2239.79,3296.45,,4.0,6110.84
827,49,F,Universitario,Oriente,2981.14,5365.45,678.0,8.0,9980.93
828,62,F,Primaria,Oriente,690.56,2184.05,394.0,11.0,500.0
829,64,F,Secundaria,Oriente,4748.91,8157.94,708.0,2.0,17476.2
830,38,F,Universitario,Centro,3919.38,7590.11,729.0,6.0,14534.67
831,33,M,Postgrado,Centro,4825.14,9618.68,677.0,2.0,17543.01
832,71,F,Secundaria,Sur,1103.6,1667.98,509.0,4.0,3056.37
833,38,F,Universitario,Centro,4398.68,,744.0,5.0,17886.43
834,28,M,Secundaria,Occidente,,5164.37,511.0,9.0,4524.98
835,54,M,Primaria,Norte,1639.16,3248.06,629.0,7.0,7212.39
836,53,F,Primaria,Sur,,3413.53,541.0,4.0,1957.99
837,52,F,Secundaria,Norte,953.63,1764.73,,4.0,1095.17
838,36,M,Secundaria,Sur,1446.01,,581.0,9.0,2324.1
839,37,F,Postgrado,Oriente,2294.26,3219.45,595.0,10.0,9127.02
840,74,F,Secundaria,Norte,1896.18,4044.65,549.0,11.0,6622.99
841,35,F,Secundaria,Oriente,902.01,1321.42,468.0,9.0,
842,64,F,Primaria,Norte,,615.81,,9.0,1526.19
843,58,F,Universitario,Sur,970.14,1381.85,,14.0,
844,66,F,Universitario,Sur,3195.58,5645.59,670.0,7.0,11476.59
845,31,M,Secundaria,Centro,1784.2,3681.51,,8.0,4586.89
846,32,M,Secundaria,Norte,1171.67,2033.85,,6.0,3209.07
847,48,M,Primaria,Oriente,405.29,0.0,,9.0,
848,18,F,Secundaria,Centro,669.11,952.57,430.0,5.0,1285.93
849,70,F,Primaria,Norte,1325.78,2393.09,598.0,4.0,3412.86
850,71,F,Tecnico,Oriente,2987.22,5901.15,703.0,4.0,12321.81
851,71,F,Universitario,Centro,1625.6,3677.01,,9.0,3330.65
852,20,M,Tecnico,,2969.69,4780.5,588.0,5.0,7797.89
853,33,F,Secundaria,Sur,3139.38,5070.21,597.0,8.0,8019.41
854,40,M,Secundaria,Norte,1834.52,2665.9,,7.0,3477.99
855,74,F,Tecnico,,3062.02,4734.78,654.0,7.0,7797.31
856,28,M,Tecnico,Sur,1055.21,602.53,482.0,10.0,3216.18
857,29,F,Primaria,Norte,524.96,1332.14,369.0,12.0,1860.73
858,27,F,Universitario,Norte,5384.8,11792.2,749.0,9.0,21786.65
859,49,F,Secundaria,Oriente,974.6,2449.28,481.0,14.0,1411.28
860,33,M,Primaria,Sur,1980.58,4345.04,501.0,9.0,6332.58
861,25,M,Primaria,Centro,1401.66,2892.61,604.0,10.0,2254.3
862,55,F,Postgrado,Sur,7478.76,12383.89,746.0,7.0,27777.44
863,29,F,Secundaria,Sur,2073.51,3485.16,639.0,,7121.09
864,41,M,Universitario,Sur,1414.05,3103.23,,,3814.57
865,45,F,Secundaria,Sur,1292.07,1304.69,510.0,9.0,
866,70,M,Secundaria,Occidente,2171.55,3523.0,608.0,6.0,7028.57
867,25,F,Tecnico,Centro,1359.82,1400.27,549.0,6.0,1466.95
868,75,F,Primaria,Centro,2047.98,3288.61,574.0,6.0,4805.3
869,45,F,Secundaria,Norte,1576.66,4426.29,,7.0,5524.45
870,53,F,Secundaria,Norte,2477.77,5758.15,532.0,5.0,4793.32
871,43,F,Universitario,Norte,3999.49,7329.02,682.0,4.0,14474.37
872,25,F,Tecnico,Centro,2001.84,4853.93,599.0,8.0,6229.85
873,75,M,Secundaria,Sur,1504.82,3245.21,553.0,8.0,5785.4
874,67,M,Secundaria,Norte,1237.8,2026.19,,12.0,2462.82
875,45,M,Tecnico,Oriente,,960.74,487.0,5.0,2166.35
876,45,F,Primaria,Centro,,4434.37,630.0,6.0,9184.36
877,54,M,Secundaria,Occidente,,2636.4,574.0,7.0,5160.73
878,58,M,Secundaria,Sur,1385.19,2179.83,540.0,10.0,3499.26
879,53,M,Tecnico,Oriente,1656.94,2892.08,539.0,13.0,5368.43
880,44,M,Secundaria,Occidente,1471.64,1816.74,602.0,5.0,4205.69
881,71,M,Secundaria,Occidente,,1256.17,501.0,11.0,4242.5
882,34,F,Tecnico,Sur,1370.77,1382.5,496.0,6.0,
883,26,F,Postgrado,Centro,1730.86,3471.86,551.0,10.0,7836.63
884,50,F,Universitario,Sur,2490.76,,669.0,8.0,6147.71
885,70,F,Secundaria,Centro,2850.92,5300.52,672.0,10.0,11463.13
886,37,M,Universitario,Centro,1717.88,,565.0,7.0,4796.0
887,30,F,Postgrado,Centro,4133.21,7716.05,637.0,3.0,12414.47
888,45,M,Secundaria,Centro,1955.8,3245.55,,8.0,4934.14
889,65,M,Secundaria,Centro,1880.05,2508.81,577.0,4.0,5310.0
890,46,F,Primaria,Norte,2813.3,,619.0,10.0,8832.1
891,30,M,Universitario,Centro,3074.06,4972.29,624.0,4.0,9509.68
892,63,F,Secundaria,Centro,1611.19,4447.49,622.0,,6097.62
893,52,M,Primaria,Centro,,1492.22,669.0,7.0,4761.08
894,23,F,Tecnico,Oriente,2537.09,3755.65,586.0,7.0,4039.68
895,35,M,Universitario,Centro,5182.28,7892.04,733.0,4.0,18680.03
896,68,M,Secundaria,,1416.9,2616.9,586.0,7.0,3519.76
897,22,F,Universitario,Norte,2501.0,5022.73,593.0,3.0,8502.26
898,64,M,Universitario,Occidente,9935.15,16703.5,741.0,1.0,35611.02
899,42,M,Secundaria,Centro,1468.26,2666.62,,8.0,4156.32
900,19,M,Tecnico,Occidente,,2641.96,579.0,5.0,3482.12
901,27,F,Tecnico,Centro,1197.99,493.33,538.0,3.0,2997.73
902,73,F,Universitario,Oriente,2646.38,4680.92,680.0,3.0,10268.41
903,47,M,Universitario,Norte,,4958.58,698.0,4.0,9911.6
904,67,F,Universitario,Sur,3007.93,6586.57,673.0,6.0,10901.24
905,62,F,Secundaria,Norte,1762.38,1837.78,583.0,3.0,3306.7
906,22,F,Secundaria,Sur,593.21,1885.56,394.0,11.0,593.24
907,72,F,Primaria,Sur,706.36,1912.26,495.0,5.0,500.0
908,73,M,Secundaria,Occidente,1481.22,2369.59,440.0,6.0,4368.41
909,50,F,Universitario,Sur,2014.68,2249.68,,7.0,7415.51
910,71,M,Secundaria,Centro,996.28,2059.05,422.0,7.0,3026.69
911,18,M,Primaria,Norte,,0.0,399.0,11.0,2248.42
912,35,F,Primaria,Sur,2460.11,4679.96,648.0,5.0,4826.48
913,49,F,Secundaria,Norte,3136.44,5174.82,721.0,2.0,8749.46
914,64,M,Primaria,Oriente,1761.53,2490.61,483.0,8.0,5066.24
915,66,M,Secundaria,Centro,1207.86,2400.72,578.0,9.0,3733.82
916,28,F,Universitario,Sur,4523.79,9986.71,678.0,7.0,15591.53
917,38,M,Secundaria,Sur,1077.53,3106.49,504.0,5.0,
918,43,M,Tecnico,Centro,2195.24,,637.0,9.0,7415.98
919,42,M,Secundaria,Sur,1051.89,2128.47,,7.0,3170.49
920,39,M,Tecnico,Centro,1810.18,3171.35,545.0,6.0,7197.49
921,44,F,Primaria,Norte,1500.74,,528.0,7.0,4993.18
922,66,M,Universitario,Occidente,1282.32,3595.84,,11.0,500.0
923,30,F,Tecnico,Centro,,2844.82,548.0,7.0,6530.47
924,50,M,Secundaria,Oriente,1706.98,3493.05,620.0,8.0,2034.2
925,51,F,Primaria,Sur,,1577.35,490.0,8.0,1168.24
926,58,F,Primaria,Sur,810.41,1410.92,479.0,9.0,
927,52,F,Universitario,Norte,2742.07,4100.68,609.0,10.0,7371.77
928,18,F,Tecnico,Sur,1349.02,1737.18,541.0,11.0,3319.98
929,38,F,Secundaria,Centro,856.34,1793.45,548.0,8.0,3962.14
930,65,M,Secundaria,Centro,1590.18,3342.0,528.0,7.0,5098.33
931,72,F,Universitario,Occidente,3093.81,4608.69,687.0,4.0,11193.92
932,23,F,Universitario,Norte,6346.54,10870.69,740.0,6.0,22679.66
933,45,M,Tecnico,Oriente,1881.9,2951.45,553.0,5.0,3890.15
934,34,M,Tecnico,Centro,,2454.36,581.0,8.0,
935,22,F,Universitario,Centro,2029.65,2007.95,569.0,9.0,6860.57
936,48,F,Universitario,Centro,4075.62,6284.59,649.0,7.0,11070.65
937,22,M,Secundaria,Centro,,2971.39,520.0,10.0,5813.11
938,55,M,Primaria,Centro,,3680.8,550.0,11.0,4221.08
939,20,F,Universitario,Centro,2539.31,4020.93,568.0,1.0,6186.61
940,70,F,Primaria,Sur,1912.1,,670.0,5.0,4715.3
941,40,F,Primaria,Norte,1417.92,2627.54,504.0,7.0,500.0
942,54,F,Universitario,Centro,1304.67,2905.32,597.0,10.0,2622.13
943,70,F,Tecnico,Centro,1669.5,4323.99,588.0,,4896.48
944,54,F,Universitario,Oriente,2189.45,3237.66,537.0,11.0,7649.47
945,27,F,Secundaria,Norte,1778.27,2816.05,536.0,3.0,7320.18
946,27,F,Universitario,Occidente,2496.31,3509.32,629.0,7.0,8102.75
947,36,F,Secundaria,Norte,2699.11,6067.23,601.0,9.0,9947.0
948,34,M,Universitario,Centro,2827.42,4740.27,641.0,4.0,10052.05
949,38,M,Secundaria,Norte,,3504.02,502.0,3.0,4795.73
950,31,F,Primaria,Centro,744.32,1857.66,460.0,,500.0
951,26,M,Secundaria,Oriente,1555.24,3944.0,545.0,11.0,5062.71
952,63,M,Universitario,Centro,2270.73,2897.5,689.0,5.0,7911.6
953,18,M,Primaria,Norte,,1564.79,376.0,7.0,1513.33
954,68,F,Secundaria,Norte,873.9,13.37,516.0,7.0,1683.84
955,62,M,Secundaria,Centro,,2975.24,658.0,5.0,7295.5
956,30,M,Primaria,Occidente,1573.07,2654.63,,10.0,6144.07
957,21,M,Tecnico,Oriente,1324.42,2368.39,573.0,9.0,3299.28
958,18,F,Postgrado,Centro,2446.82,5622.04,607.0,7.0,7459.12
959,66,M,Secundaria,Centro,,1737.13,514.0,3.0,772.45
960,57,M,Tecnico,Occidente,2895.16,5181.24,620.0,10.0,8577.22
961,49,M,Postgrado,Sur,2325.85,4338.4,636.0,7.0,6528.85
962,51,F,Tecnico,Occidente,1418.2,3464.65,501.0,6.0,4032.47
963,45,M,Tecnico,Centro,2861.64,4576.73,607.0,12.0,7697.61
964,48,M,Primaria,Norte,,2110.05,666.0,8.0,3936.15
965,25,F,Secundaria,Oriente,1337.98,2484.33,567.0,4.0,4538.95
966,56,F,Secundaria,Sur,1551.26,2860.19,496.0,8.0,1875.03
967,43,F,Secundaria,,1859.05,3202.22,594.0,5.0,4591.72
968,75,F,Universitario,Norte,2127.29,5141.83,568.0,5.0,4625.37
969,51,F,Secundaria,Sur,1460.58,3306.03,577.0,14.0,5344.08
970,71,M,Primaria,Centro,1162.27,570.02,,8.0,3390.86
971,71,F,Universitario,Centro,3458.9,5824.37,679.0,4.0,11234.84
972,20,M,Tecnico,Sur,3260.07,6266.02,622.0,7.0,10595.92
973,67,F,Universitario,Sur,4220.85,7933.7,751.0,6.0,17232.85
974,29,M,Tecnico,Sur,2772.65,5874.63,603.0,7.0,8228.25
975,18,M,Primaria,Occidente,698.82,2466.35,456.0,6.0,
976,71,F,Tecnico,Oriente,3406.35,6453.25,660.0,8.0,12070.39
977,61,M,Tecnico,Sur,1378.43,2969.63,,9.0,3694.66
978,22,F,Secundaria,Sur,646.61,61.46,426.0,10.0,500.0
979,47,M,Secundaria,Centro,1034.42,1316.45,434.0,11.0,1836.74
980,47,M,Secundaria,Oriente,1454.52,2176.2,571.0,9.0,4488.36
981,74,F,Tecnico,Centro,765.56,242.46,,8.0,
982,34,F,Secundaria,Oriente,2035.26,4270.59,576.0,5.0,4041.85
983,65,F,Tecnico,Centro,2738.2,5027.9,664.0,10.0,9745.27
984,64,M,Secundaria,Norte,1318.65,3840.65,515.0,6.0,4285.74
985,40,F,Secundaria,Norte,,2116.0,,,1941.32
986,32,F,Primaria,Sur,1783.35,3470.67,585.0,3.0,4057.49
987,54,F,Primaria,Centro,811.29,2709.35,,10.0,500.0
988,38,M,Secundaria,Centro,718.2,715.91,442.0,10.0,1830.09
989,31,F,Secundaria,Sur,,1113.24,562.0,6.0,5416.93
990,19,F,Secundaria,Norte,,3362.08,499.0,8.0,
991,28,F,Postgrado,Centro,3697.49,6987.8,680.0,10.0,11529.52
992,68,F,Tecnico,Centro,2675.22,4708.28,638.0,9.0,9809.73
993,56,F,Tecnico,,2762.36,4588.34,636.0,7.0,9000.93
994,55,M,Postgrado,Sur,1917.56,2870.45,577.0,10.0,5312.81
995,51,M,Universitario,Occidente,976.73,1751.54,506.0,9.0,
996,55,F,Universitario,Centro,3029.33,5620.73,674.0,6.0,8509.45
997,67,M,Primaria,Centro,1288.5,2878.88,468.0,12.0,3937.39
998,51,M,Tecnico,Norte,1491.79,1537.69,583.0,3.0,1736.15
999,35,M,Universitario,Occidente,2219.04,4881.83,588.0,3.0,4928.76
1000,47,M,Universitario,Sur,1664.69,2837.99,498.0,12.0,4381.46
1001,32,F,Tecnico,Sur,,6964.92,663.0,1.0,15717.86
1002,44,F,Primaria,Occidente,487.65,284.2,377.0,6.0,500.0
1003,68,M,Postgrado,Centro,,7931.19,736.0,11.0,13247.87
1004,51,M,Secundaria,Centro,856.79,3012.71,,8.0,500.0
1005,69,F,Secundaria,Sur,1174.18,2744.93,533.0,9.0,4854.32
1006,74,F,Secundaria,Oriente,1309.63,2003.41,550.0,5.0,4114.66
1007,55,F,Secundaria,Sur,989.77,378.84,514.0,15.0,3202.18
1008,50,F,Secundaria,Oriente,1376.84,1988.6,567.0,10.0,4886.42
1009,41,M,Secundaria,Sur,459.08,388.16,391.0,11.0,2253.34
1010,32,M,Postgrado,Occidente,1623.83,3254.91,511.0,10.0,5229.92
1011,47,F,Secundaria,Sur,657.87,658.47,364.0,,1320.6
1012,72,F,Tecnico,Centro,1101.19,1354.89,524.0,7.0,550.43
1013,59,F,Universitario,Sur,1735.25,2838.11,553.0,4.0,4589.49
1014,68,M,Tecnico,Oriente,1888.45,3360.47,636.0,6.0,7114.47
1015,34,F,Secundaria,Sur,1105.97,1731.69,532.0,4.0,5478.84
1016,22,F,Tecnico,Centro,1169.82,1780.06,,8.0,4930.49
1017,46,M,Primaria,Norte,956.08,633.88,433.0,12.0,
1018,21,M,Primaria,Centro,840.76,1869.92,430.0,,2166.59
1019,27,M,Tecnico,Occidente,1478.93,1834.38,561.0,7.0,3362.58
1020,73,M,Universitario,Norte,2192.79,4677.07,665.0,2.0,5411.94
1021,34,M,Universitario,Centro,1664.22,3883.96,659.0,6.0,6159.44
1022,27,M,Primaria,Sur,573.61,45.52,,11.0,1241.31
1023,34,F,Secundaria,Occidente,1445.77,3988.15,544.0,,4236.69
1024,37,M,Primaria,Oriente,1731.79,3997.44,602.0,6.0,6394.14
1025,41,M,Secundaria,Occidente,929.49,1806.21,,8.0,2285.72
1026,22,F,Secundaria,Sur,1372.47,1680.23,500.0,4.0,1949.21
1027,51,F,Universitario,Occidente,2001.86,1555.25,615.0,7.0,5934.23
1028,23,F,Primaria,Centro,1500.6,2704.37,573.0,5.0,5202.54
1029,70,M,Primaria,Centro,857.67,1646.25,484.0,8.0,500.0
1030,19,F,Secundaria,Oriente,1300.26,3050.68,490.0,13.0,
1031,30,M,Primaria,Centro,,426.02,546.0,11.0,3098.25
1032,60,F,Universitario,Occidente,2788.75,5810.25,586.0,10.0,9449.69
1033,60,M,Universitario,Centro,1515.07,3629.26,561.0,6.0,3352.42
1034,65,F,Primaria,Centro,1439.34,2932.31,,7.0,7988.84
1035,28,M,Secundaria,Centro,1148.48,986.31,,9.0,4661.6
1036,68,F,Postgrado,Sur,4375.5,7691.59,,5.0,17556.78
1037,64,F,Universitario,Norte,2095.12,2848.86,599.0,9.0,5414.87
1038,74,M,Postgrado,Norte,6169.43,10055.03,717.0,5.0,18033.7
1039,40,M,Primaria,Occidente,579.76,109.85,348.0,12.0,500.0
1040,72,F,Secundaria,Occidente,2030.24,3829.92,727.0,8.0,7205.18
1041,33,F,Primaria,Norte,1357.9,1780.05,528.0,10.0,5709.42
1042,48,F,Secundaria,Sur,,3176.23,519.0,11.0,6608.59
1043,28,M,Universitario,Sur,3751.19,7285.36,629.0,6.0,10996.26
1044,71,M,Primaria,Centro,565.29,1013.39,485.0,9.0,500.0
1045,33,F,Tecnico,Sur,4690.33,8124.71,654.0,,16283.03
1046,25,M,Secundaria,Centro,1832.3,3184.43,588.0,11.0,5841.58
1047,21,F,Universitario,Centro,5485.12,11155.26,732.0,5.0,18997.75
1048,57,F,Primaria,Oriente,2861.85,6186.27,628.0,5.0,8912.22
1049,21,F,Secundaria,Sur,1744.66,1180.53,535.0,5.0,5634.17
1050,73,M,Tecnico,Centro,2146.53,3475.53,617.0,6.0,6287.67
1051,42,M,Primaria,Sur,1682.51,3040.17,588.0,5.0,4562.92
1052,20,M,Secundaria,Sur,514.43,2573.51,,14.0,2181.62
1053,49,F,Secundaria,Sur,1462.62,2484.49,461.0,10.0,4006.66
1054,20,M,Universitario,Sur,3552.99,6073.17,704.0,4.0,11074.14
1055,44,M,Tecnico,Sur,3596.7,6282.98,690.0,6.0,10592.4
1056,46,M,Tecnico,Centro,1575.88,2743.62,571.0,6.0,2806.15
1057,49,M,Postgrado,Centro,3937.77,7259.51,649.0,6.0,14773.81
1058,67,F,Postgrado,Sur,4483.4,8362.62,745.0,7.0,17982.89
1059,75,F,Tecnico,Oriente,1848.76,3172.38,,3.0,4031.43
1060,68,M,Tecnico,Centro,1244.04,,535.0,9.0,500.0
1061,36,M,Tecnico,Centro,1321.09,2404.22,519.0,11.0,2947.25
1062,38,F,Secundaria,Oriente,930.65,2601.36,502.0,5.0,3691.96
1063,22,M,Postgrado,Centro,1606.05,2951.24,564.0,7.0,6190.37
1064,35,F,Tecnico,Norte,1645.76,2628.07,,8.0,2822.55
1065,45,F,Secundaria,Centro,,7743.63,620.0,7.0,11169.29
1066,59,M,Primaria,Norte,1386.69,572.64,554.0,6.0,4123.04
1067,39,F,Primaria,Centro,1049.1,1762.45,495.0,9.0,2630.35
1068,38,F,Secundaria,Centro,1761.24,838.15,599.0,6.0,5342.62
1069,23,M,Secundaria,Oriente,996.32,812.84,558.0,11.0,2388.56
1070,18,F,Secundaria,Centro,677.25,580.65,393.0,6.0,
1071,22,M,Secundaria,Sur,1057.35,1884.0,516.0,8.0,547.8
1072,58,M,Tecnico,Sur,1117.3,2279.04,,8.0,3402.83
1073,29,F,Secundaria,Centro,636.47,0.0,496.0,10.0,3162.76
1074,43,F,Secundaria,Norte,1174.14,1714.85,,11.0,
1075,63,F,Secundaria,Oriente,1947.19,3225.46,563.0,7.0,5507.15
1076,51,M,Universitario,Norte,2919.31,6897.42,620.0,7.0,9590.31
1077,66,M,Secundaria,Norte,,3140.09,592.0,11.0,5960.26
1078,31,F,Secundaria,Norte,3112.5,4584.03,,5.0,9911.8
1079,43,M,Tecnico,Centro,1407.57,3217.46,566.0,,3081.47
1080,62,F,Secundaria,Oriente,1895.73,3195.43,637.0,8.0,3974.74
1081,44,F,Secundaria,Sur,1265.34,2873.64,516.0,12.0,
1082,26,F,Secundaria,Centro,2756.4,5765.86,601.0,6.0,8958.82
1083,43,F,Tecnico,Occidente,1254.36,1575.17,489.0,7.0,2822.23
1084,74,M,Tecnico,Centro,2675.61,4488.69,644.0,6.0,8437.42
1085,64,M,Tecnico,Sur,,3481.25,603.0,7.0,5286.98
1086,74,M,Secundaria,Oriente,2762.27,5677.19,587.0,8.0,8866.03
1087,39,F,Universitario,Oriente,2397.39,5613.24,642.0,4.0,6697.29
1088,64,F,Secundaria,Norte,1407.96,3862.72,531.0,8.0,3344.59
1089,73,F,Primaria,Sur,1084.95,1783.74,578.0,4.0,3273.39
1090,47,F,Secundaria,Centro,1414.83,3775.2,537.0,9.0,1255.25
1091,60,F,Tecnico,Centro,805.72,1748.77,,,1741.9
1092,65,M,Primaria,Centro,992.81,1497.82,513.0,4.0,3449.14
1093,34,M,Tecnico,Oriente,1364.3,1826.68,577.0,6.0,2784.91
1094,43,M,Universitario,Norte,1440.44,2973.05,,6.0,3961.03
1095,53,F,Secundaria,Norte,1191.41,3423.09,573.0,12.0,3229.52
1096,18,M,Secundaria,Norte,,2699.57,452.0,14.0,2075.35
1097,25,F,Secundaria,Norte,,1436.32,535.0,7.0,1513.72
1098,66,F,Secundaria,Norte,2082.16,4024.64,651.0,6.0,3902.33
1099,52,F,Primaria,Occidente,1623.64,2239.08,578.0,12.0,6422.43
1100,69,F,Postgrado,Centro,7077.31,12907.1,790.0,4.0,25629.18
1101,32,M,Secundaria,,1690.25,3415.28,568.0,13.0,2499.58
1102,64,M,Universitario,Sur,1264.19,2526.18,580.0,9.0,3916.2
1103,73,F,Primaria,Oriente,1098.79,2771.75,546.0,7.0,
1104,39,M,Universitario,Oriente,1790.75,2648.62,561.0,8.0,2813.43
1105,31,M,Universitario,Oriente,1510.03,3787.99,533.0,7.0,4662.99
1106,43,F,Tecnico,Norte,2924.91,4968.43,664.0,11.0,7413.45
1107,45,M,Universitario,Oriente,2964.11,4426.04,628.0,7.0,11330.9
1108,40,F,Primaria,Sur,1234.54,3025.4,532.0,5.0,2375.87
1109,31,F,Secundaria,Sur,753.07,1721.99,460.0,6.0,1583.64
1110,41,M,Tecnico,Occidente,1732.6,3895.56,535.0,4.0,1993.95
1111,19,M,Tecnico,Oriente,4898.27,8938.16,693.0,6.0,18097.15
1112,62,M,Universitario,Oriente,1713.07,1336.93,554.0,6.0,3188.21
1113,43,F,Secundaria,Norte,1363.4,1783.27,548.0,5.0,4183.06
1114,31,M,Primaria,Centro,,4044.22,607.0,12.0,6053.7
1115,73,F,Secundaria,Occidente,1307.51,2306.7,530.0,7.0,1394.04
1116,68,M,Universitario,Sur,2052.92,5137.02,595.0,4.0,6028.96
1117,24,M,Postgrado,Norte,2873.53,4533.51,578.0,5.0,9268.8
1118,20,M,Tecnico,Oriente,2013.9,4319.48,614.0,,6220.22
1119,64,M,Secundaria,Norte,1027.99,,487.0,6.0,3334.78
1120,40,M,Tecnico,Oriente,2718.3,2967.99,670.0,4.0,5508.85
1121,63,F,Tecnico,Occidente,1570.8,2812.45,488.0,11.0,4540.95
1122,60,F,Primaria,Centro,1364.42,,573.0,8.0,
1123,64,M,Tecnico,Centro,1558.04,3855.45,549.0,5.0,5121.67
1124,62,M,Secundaria,Centro,,163.67,538.0,5.0,3431.92
1125,35,F,Secundaria,Occidente,551.09,1610.49,477.0,9.0,1861.13
1126,75,F,Primaria,Sur,1417.62,2868.34,645.0,6.0,1821.04
1127,55,M,Universitario,Sur,1088.02,3010.42,549.0,10.0,3685.17
1128,52,F,Universitario,Sur,3454.48,,634.0,,13162.91
1129,68,M,Tecnico,Centro,2005.09,4226.37,636.0,5.0,6907.03
1130,32,F,Universitario,Centro,5853.99,9648.14,727.0,8.0,19358.52
1131,42,M,Tecnico,Oriente,1385.13,4143.09,511.0,8.0,4416.63
1132,72,M,Tecnico,Occidente,4164.29,7156.37,730.0,3.0,18501.72
1133,54,F,Secundaria,Norte,1348.05,1236.99,542.0,11.0,3134.83
1134,45,M,Universitario,,3669.78,5910.44,774.0,2.0,17154.55
1135,27,F,Secundaria,Centro,1862.04,4126.54,592.0,9.0,4404.92
1136,56,M,Tecnico,Sur,,1432.12,466.0,9.0,4426.61
1137,74,F,Tecnico,Centro,8058.62,15313.18,677.0,8.0,29834.1
1138,34,F,Tecnico,Occidente,3672.6,7875.43,585.0,12.0,8750.49
1139,56,M,Universitario,Norte,2951.43,6090.42,630.0,5.0,9847.97
1140,39,F,Secundaria,,,5630.45,659.0,4.0,
1141,43,F,Universitario,Norte,2722.04,4102.59,675.0,7.0,10922.76
1142,61,F,Secundaria,Occidente,2320.25,3564.29,654.0,5.0,8715.05
1143,42,F,Postgrado,Norte,3543.39,5431.61,587.0,8.0,11780.52
1144,34,F,Universitario,Centro,1479.37,2687.42,,9.0,1278.0
1145,30,M,Primaria,Centro,1119.95,3556.67,,13.0,
1146,37,M,Universitario,Sur,1878.95,3180.51,,12.0,4753.75
1147,42,F,Tecnico,Norte,,5714.36,601.0,3.0,7005.71
1148,21,F,Postgrado,Sur,1970.08,2265.25,631.0,5.0,6316.74
1149,27,M,Tecnico,Centro,1868.13,3000.6,,3.0,7608.03
1150,20,M,Primaria,Occidente,,358.06,420.0,6.0,500.0
1151,58,F,Secundaria,Oriente,2190.44,4294.86,601.0,6.0,6552.07
1152,62,M,Secundaria,Centro,901.51,1912.45,,5.0,2341.52
1153,35,M,Universitario,Occidente,3107.73,4266.61,625.0,3.0,10773.83
1154,64,F,Universitario,,2642.42,4091.07,654.0,2.0,9310.29
1155,53,M,Secundaria,Oriente,2451.93,5338.54,615.0,9.0,7862.46
1156,64,F,Tecnico,Centro,1755.67,3931.51,520.0,5.0,4826.34
1157,39,F,Tecnico,Centro,2582.62,3978.15,516.0,3.0,6923.27
1158,51,M,Primaria,Norte,,1757.65,480.0,12.0,3160.96
1159,64,M,Secundaria,Sur,,3322.39,545.0,11.0,4699.67
1160,25,M,Secundaria,Norte,,463.87,477.0,,2657.84
1161,57,M,Secundaria,Sur,1156.79,2406.81,471.0,11.0,
1162,66,F,Primaria,Centro,1168.68,1941.86,505.0,5.0,2359.7
1163,61,M,Primaria,Oriente,2308.16,4932.71,565.0,13.0,8463.4
1164,36,F,Universitario,Sur,2772.9,4792.72,646.0,3.0,11056.36
1165,59,M,Secundaria,Oriente,,1999.57,489.0,6.0,2341.58
1166,58,M,Secundaria,Oriente,,2979.43,610.0,9.0,4690.79
1167,54,M,Secundaria,Norte,1035.37,1466.52,501.0,7.0,2146.53
1168,23,M,Secundaria,Norte,1012.39,1783.67,501.0,7.0,725.96
1169,69,M,Secundaria,Centro,1540.13,1531.05,599.0,2.0,5539.81
1170,43,M,Secundaria,Occidente,,3006.89,554.0,4.0,3981.25
1171,51,F,Tecnico,Sur,1291.89,,525.0,10.0,4451.56
1172,73,F,Universitario,Oriente,1161.2,1173.63,566.0,6.0,4060.31
1173,62,M,Secundaria,Occidente,1440.68,3389.58,547.0,,1972.26
1174,23,M,Tecnico,Occidente,1567.55,2882.06,553.0,12.0,4505.73
1175,54,M,Secundaria,Sur,2928.95,5414.66,698.0,4.0,11821.86
1176,74,M,Secundaria,Sur,1626.72,3253.55,556.0,7.0,4522.43
1177,50,M,Universitario,Occidente,,7228.43,718.0,3.0,14627.97
1178,70,M,Universitario,Oriente,6567.75,12102.49,768.0,10.0,25494.55
1179,39,M,Tecnico,Sur,1087.92,1772.08,515.0,11.0,5223.25
1180,38,M,Secundaria,Sur,2886.35,4726.48,643.0,7.0,10948.84
1181,23,M,Universitario,Sur,,7272.79,598.0,3.0,9658.76
1182,23,M,Secundaria,Centro,532.5,0.0,,6.0,
1183,72,F,Secundaria,Oriente,1460.89,2234.43,547.0,11.0,3649.36
1184,65,M,Secundaria,Sur,,4542.08,632.0,9.0,5353.81
1185,21,M,Tecnico,Centro,2010.15,2884.75,623.0,8.0,5951.65
1186,47,F,Universitario,Centro,5113.36,9064.36,723.0,7.0,19011.75
1187,28,F,Secundaria,Occidente,1903.66,2328.03,629.0,5.0,5255.45
1188,47,F,Secundaria,Sur,796.57,1098.17,507.0,12.0,500.0
1189,48,F,Tecnico,Centro,,,,7.0,6054.24
1190,41,M,Universitario,Norte,1433.0,2000.59,543.0,9.0,6336.09
1191,72,F,Secundaria,Sur,1239.8,2364.11,448.0,8.0,2561.43
1192,26,F,Universitario,Norte,3812.66,6817.26,657.0,5.0,13115.89
1193,72,M,Secundaria,Centro,2477.23,5334.07,593.0,3.0,9913.94
1194,20,F,Universitario,Sur,2337.4,4782.81,567.0,6.0,6130.36
1195,68,F,Secundaria,Sur,1138.97,1757.68,527.0,7.0,3223.09
1196,48,M,Secundaria,Occidente,1387.97,3260.16,567.0,6.0,4739.48
1197,57,M,Tecnico,Norte,1763.2,3061.74,512.0,9.0,8480.36
1198,54,M,Universitario,Centro,1905.11,2884.73,673.0,,5876.37
1199,53,M,Secundaria,Norte,2556.34,,644.0,5.0,6490.72
1200,41,M,Secundaria,Norte,1242.62,3405.81,522.0,7.0,4109.52
1201,48,F,Secundaria,Norte,1350.04,3450.23,534.0,6.0,
1202,23,F,Secundaria,Oriente,1300.17,2178.32,456.0,8.0,2457.94
1203,19,M,Universitario,Centro,3137.6,,616.0,10.0,11000.36
1204,37,F,Secundaria,Occidente,1666.41,2812.2,520.0,7.0,5497.27
1205,45,M,Universitario,Norte,2665.18,3273.07,,3.0,9110.17
1206,28,M,Secundaria,Sur,955.01,1631.06,511.0,13.0,2038.07
1207,21,F,Postgrado,Occidente,3518.19,4619.92,625.0,6.0,12108.95
1208,32,F,Secundaria,Norte,2058.47,2760.73,606.0,5.0,6030.08
1209,23,F,Primaria,Centro,,1771.24,514.0,13.0,4274.98
1210,71,F,Primaria,Oriente,1355.66,3089.94,554.0,5.0,4671.23
1211,66,F,Universitario,Sur,3806.65,5513.19,760.0,9.0,15376.94
1212,47,F,Secundaria,Sur,1056.88,1773.28,517.0,7.0,2515.39
1213,73,M,Primaria,Centro,894.09,1551.5,550.0,2.0,4725.8
1214,55,F,Universitario,Oriente,2333.16,4068.8,689.0,7.0,8051.31
1215,68,F,Universitario,,3586.54,6718.92,669.0,8.0,13235.69
1216,74,F,Universitario,Norte,667.23,1817.5,578.0,9.0,500.0
1217,19,M,Secundaria,Occidente,1312.21,2397.29,577.0,8.0,3104.47
1218,32,M,Secundaria,Sur,1071.57,3159.94,461.0,4.0,
1219,28,F,Universitario,Sur,2742.86,,678.0,7.0,9783.63
1220,25,M,Secundaria,Oriente,1387.87,1684.63,508.0,8.0,2396.82
1221,43,F,Primaria,Sur,2012.19,5071.28,612.0,10.0,5530.61
1222,68,M,Secundaria,Norte,2113.88,5760.7,650.0,6.0,6332.56
1223,62,M,Postgrado,Sur,3098.33,6056.18,689.0,8.0,10743.14
1224,61,F,Primaria,Oriente,787.82,0.0,448.0,4.0,3891.96
1225,22,M,Universitario,Sur,2699.9,5071.54,590.0,9.0,7665.92
1226,23,M,Secundaria,Occidente,,1717.74,,11.0,5598.12
1227,43,F,Universitario,Norte,2194.91,,666.0,8.0,9277.9
1228,71,F,Tecnico,Centro,1128.63,2022.2,557.0,8.0,
1229,21,M,Secundaria,Sur,1541.16,2230.43,597.0,5.0,5068.13
1230,36,F,Secundaria,Sur,1180.5,2396.41,,8.0,3465.13
1231,37,F,Universitario,Centro,1980.01,4595.65,,8.0,4029.03
1232,50,F,Secundaria,Oriente,299.31,0.0,355.0,11.0,669.51
1233,37,F,Universitario,Norte,2413.95,4965.02,569.0,5.0,8252.98
1234,66,F,Tecnico,Norte,1229.46,701.64,477.0,8.0,2267.2
1235,29,M,Tecnico,Occidente,2213.73,3915.67,,7.0,7114.05
1236,64,M,Secundaria,Centro,,1807.85,557.0,8.0,5750.3
1237,18,M,Secundaria,Occidente,738.09,649.31,474.0,10.0,
1238,43,F,Tecnico,Centro,1722.57,4053.94,574.0,8.0,1643.48
1239,31,M,Primaria,Norte,1294.07,,554.0,4.0,5353.52
1240,55,F,Postgrado,Oriente,8661.75,15008.28,753.0,6.0,31002.89
1241,54,F,Postgrado,Oriente,4426.96,,,3.0,12819.11
1242,28,M,Primaria,Centro,653.06,1638.3,481.0,11.0,2833.98
1243,53,M,Primaria,Norte,2941.44,3795.26,667.0,7.0,9495.77
1244,30,M,Secundaria,Sur,1294.98,2275.0,526.0,16.0,4334.77
1245,60,F,Postgrado,Norte,3015.77,5478.37,651.0,6.0,5853.8
1246,20,M,Secundaria,Oriente,3440.57,6817.74,638.0,6.0,
1247,50,M,Secundaria,Centro,,1841.57,542.0,6.0,3477.69
1248,23,F,Tecnico,Oriente,,4461.65,580.0,7.0,3980.03
1249,67,F,Primaria,Centro,604.74,,406.0,5.0,
1250,73,M,Secundaria,Sur,1565.04,1552.1,,11.0,5557.95
1251,27,M,Secundaria,Oriente,1360.9,2151.09,525.0,5.0,1526.83
1252,22,F,Tecnico,Norte,1446.57,3473.49,523.0,13.0,2870.45
1253,40,F,Primaria,Oriente,1284.4,2075.55,577.0,9.0,4303.28
1254,27,F,Tecnico,Norte,1209.11,2263.55,543.0,7.0,
1255,61,F,Universitario,Centro,4816.21,,728.0,3.0,17834.54
1256,19,M,Secundaria,Centro,1444.83,653.81,563.0,11.0,
1257,30,M,Tecnico,Occidente,1243.68,1912.91,569.0,9.0,6534.44
1258,57,M,Primaria,Norte,660.7,825.37,409.0,11.0,
1259,19,M,Secundaria,Sur,1463.77,3955.4,515.0,3.0,4538.11
1260,37,F,Primaria,Sur,,4296.82,636.0,11.0,6078.37
1261,18,M,Tecnico,Centro,2014.27,2678.53,555.0,9.0,5771.32
1262,54,M,Secundaria,Centro,3754.75,5567.62,632.0,6.0,11605.42
1263,26,F,Secundaria,Centro,3587.01,7029.46,,4.0,13722.01
1264,34,M,Primaria,Norte,664.62,1204.43,429.0,6.0,2335.39
1265,26,M,Secundaria,Centro,743.24,1474.59,481.0,11.0,
1266,28,M,Secundaria,Oriente,1032.28,928.33,490.0,10.0,1888.76
1267,32,F,Tecnico,Oriente,2425.3,4313.67,595.0,13.0,5535.79
1268,41,F,Primaria,Centro,1428.37,2020.88,504.0,10.0,1984.21
1269,55,M,Tecnico,Sur,,4331.17,664.0,8.0,11141.19
1270,72,F,Secundaria,Norte,997.61,1517.33,,4.0,2901.03
1271,52,F,Tecnico,Sur,826.76,1342.03,483.0,10.0,2387.47
1272,47,F,Universitario,Occidente,1858.65,2361.55,549.0,13.0,5096.48
1273,48,F,Secundaria,Centro,1977.59,3251.43,607.0,3.0,7966.66
1274,66,F,Primaria,Sur,1352.57,1873.81,543.0,10.0,2735.62
1275,22,F,Tecnico,Oriente,3030.54,5297.83,636.0,7.0,7194.35
1276,61,M,Postgrado,Sur,2486.87,4143.96,645.0,5.0,7201.2
1277,67,M,Secundaria,Centro,,5771.5,542.0,4.0,4072.83
1278,31,M,Universitario,Norte,1787.86,3402.47,529.0,10.0,1902.47
1279,70,F,Universitario,Centro,,6084.86,668.0,6.0,12857.66
1280,73,F,Secundaria,Centro,2244.11,4834.44,620.0,7.0,7928.7
1281,28,M,Tecnico,Sur,3559.35,4729.0,675.0,,
1282,26,M,Secundaria,Centro,795.72,1881.74,438.0,10.0,
1283,51,F,Tecnico,Oriente,3416.3,6312.17,675.0,2.0,10097.23
1284,29,F,Secundaria,Norte,1787.58,3452.72,554.0,14.0,5055.64
1285,52,F,Tecnico,Centro,1887.31,2978.96,554.0,5.0,5935.71
1286,52,F,Secundaria,Sur,,3264.21,571.0,7.0,6303.72
1287,18,F,Primaria,Norte,1107.11,,533.0,7.0,3018.67
1288,57,F,Universitario,Sur,2516.95,5222.57,652.0,6.0,7311.34
1289,39,F,Tecnico,Centro,,861.83,485.0,2.0,677.56
1290,46,F,Postgrado,Centro,3714.64,7575.58,686.0,7.0,
1291,25,M,Secundaria,Norte,1553.0,2371.18,563.0,6.0,4053.28
1292,28,M,Primaria,Centro,868.43,385.09,512.0,11.0,637.22
1293,58,M,Primaria,Occidente,1257.16,,591.0,6.0,7030.34
1294,54,M,Universitario,Norte,4039.16,7933.93,727.0,1.0,12028.66
1295,31,F,Primaria,Occidente,890.83,3139.7,,8.0,1147.35
1296,47,M,Universitario,Centro,1452.59,2598.94,528.0,8.0,4998.29
1297,52,F,Secundaria,Sur,,,581.0,11.0,4821.59
1298,38,M,Universitario,Sur,931.75,2669.81,423.0,8.0,3523.06
1299,54,M,Universitario,Occidente,,9629.06,701.0,5.0,19315.73
1300,22,F,Universitario,Oriente,1586.9,1571.62,627.0,6.0,4770.17
1301,36,M,Secundaria,Occidente,2618.19,5044.04,577.0,6.0,7405.77
1302,31,M,Tecnico,Oriente,1008.36,2042.57,463.0,9.0,1431.04
1303,43,M,Primaria,Centro,910.81,1901.24,481.0,8.0,1080.74
1304,21,F,Secundaria,,1480.95,2666.35,,6.0,770.43
1305,42,M,Secundaria,Occidente,,3197.15,624.0,4.0,3902.62
1306,62,F,Universitario,Norte,2419.26,3867.39,,9.0,6332.21
1307,59,F,Primaria,Occidente,620.76,1669.54,492.0,6.0,3531.84
1308,42,F,Universitario,Sur,2342.41,1736.91,547.0,7.0,5314.71
1309,35,F,Primaria,Occidente,2087.11,2392.65,614.0,6.0,7885.82
1310,57,M,Secundaria,Occidente,1789.42,1740.77,,4.0,6604.71
1311,25,M,Primaria,Occidente,3145.48,4049.94,582.0,7.0,8679.86
1312,56,F,Universitario,Occidente,2665.86,4684.27,712.0,6.0,12408.87
1313,57,M,Primaria,Norte,1950.56,3959.26,,7.0,5651.65
1314,31,M,Universitario,Norte,2975.95,5776.63,657.0,8.0,8887.1
1315,49,M,Tecnico,Norte,1373.27,,526.0,6.0,2585.61
1316,68,F,Postgrado,Norte,3376.6,4708.17,690.0,4.0,13464.05
1317,55,M,Secundaria,Centro,2540.07,4704.25,,3.0,5075.12
1318,50,M,Secundaria,Sur,1304.32,2757.87,568.0,9.0,2294.61
1319,40,F,Tecnico,Centro,,4328.74,661.0,8.0,5325.25
1320,32,F,Universitario,Oriente,1780.04,2068.64,575.0,7.0,5737.24
1321,50,M,Secundaria,Oriente,,4831.41,547.0,8.0,8055.99
1322,42,M,Universitario,Sur,2492.7,4631.39,571.0,2.0,5374.02
1323,34,F,Primaria,,1744.05,,640.0,8.0,8746.37
1324,50,F,Tecnico,Centro,3204.41,5266.48,678.0,3.0,12301.08
1325,64,F,Secundaria,Norte,2118.78,3100.89,,4.0,4456.34
1326,72,M,Primaria,Centro,1172.57,1460.62,570.0,9.0,1620.16
1327,19,M,Secundaria,Oriente,1331.98,3274.94,515.0,,2979.69
1328,31,F,Universitario,Sur,910.9,2056.31,517.0,4.0,4259.17
1329,70,F,Postgrado,Oriente,4225.39,6718.81,618.0,7.0,12210.99
1330,57,M,Secundaria,Centro,2478.25,4099.37,606.0,3.0,7645.85
1331,57,M,Universitario,Norte,1416.46,3030.6,513.0,,
1332,68,F,Secundaria,Oriente,1470.62,1026.14,498.0,9.0,4941.92
1333,56,M,Tecnico,Norte,1709.34,3555.92,544.0,4.0,4342.38
1334,68,M,Primaria,Sur,1555.42,4382.26,556.0,8.0,1592.75
1335,23,M,Tecnico,Oriente,1852.02,3585.76,549.0,6.0,7634.32
1336,23,M,Primaria,Norte,,1233.47,478.0,9.0,1921.05
1337,20,M,Secundaria,Sur,2964.86,4120.98,640.0,5.0,11157.22
1338,24,F,Tecnico,Sur,820.02,0.0,447.0,5.0,2213.64
1339,68,M,Universitario,,1922.11,3051.88,638.0,8.0,
1340,25,M,Tecnico,Norte,956.07,2114.64,516.0,12.0,776.31
1341,59,M,Universitario,,2913.09,5113.85,660.0,2.0,10753.56
1342,69,M,Universitario,Norte,,6592.61,608.0,10.0,7031.71
1343,32,M,Primaria,Sur,1116.88,2305.6,521.0,8.0,782.52
1344,64,M,Secundaria,Centro,907.53,995.53,516.0,5.0,3636.4
1345,46,F,Tecnico,Centro,1193.2,3154.33,554.0,7.0,4884.29
1346,50,M,Universitario,Centro,3644.79,7033.91,653.0,7.0,12259.8
1347,69,M,Postgrado,Norte,3355.49,4777.11,715.0,10.0,12351.63
1348,47,M,Universitario,Centro,1976.51,2763.68,633.0,9.0,7391.39
1349,56,F,Tecnico,Norte,1352.91,2042.29,602.0,8.0,
1350,44,F,Universitario,Occidente,,,556.0,,8140.42
1351,53,M,Secundaria,Norte,1981.45,4158.69,576.0,7.0,6749.88
1352,46,F,Secundaria,Occidente,1355.09,1614.66,485.0,9.0,8298.79
1353,55,M,Tecnico,Occidente,2244.68,6575.08,577.0,8.0,4537.89
1354,74,F,Universitario,Centro,1263.8,2903.7,,9.0,578.26
1355,50,M,Postgrado,Centro,5588.58,9109.93,,9.0,16672.76
1356,54,F,Secundaria,Centro,1510.53,,580.0,4.0,6764.59
1357,44,M,Universitario,Occidente,1550.82,2377.59,538.0,7.0,7804.11
1358,72,M,Universitario,Sur,3101.93,4911.3,611.0,6.0,9227.91
1359,50,F,Tecnico,Occidente,1984.77,4615.24,671.0,4.0,3227.05
1360,21,F,Secundaria,Centro,,1460.23,,7.0,4093.8
1361,39,M,Tecnico,Occidente,1695.26,3795.01,522.0,14.0,3295.88
1362,19,M,Tecnico,Centro,1362.12,,520.0,8.0,4554.22
1363,27,M,Tecnico,Occidente,988.03,1491.1,498.0,12.0,2677.81
1364,22,F,Tecnico,Norte,1431.18,2098.33,526.0,9.0,3393.47
1365,27,F,Universitario,Sur,1456.05,2635.44,520.0,,4613.49
1366,50,M,Primaria,Sur,703.44,,433.0,8.0,500.0
1367,71,F,Secundaria,Sur,1984.69,3548.06,626.0,5.0,2290.61
1368,55,F,Tecnico,Centro,2119.87,3359.82,627.0,10.0,7314.08
1369,30,F,Secundaria,Sur,1305.56,1274.5,487.0,10.0,4588.95
1370,48,F,Postgrado,Centro,1218.51,1906.59,454.0,7.0,
1371,64,F,Secundaria,Sur,1516.57,1307.29,523.0,5.0,3403.98
1372,53,M,Secundaria,Sur,2159.41,4971.67,654.0,6.0,7229.46
1373,62,M,Universitario,Centro,4304.96,8150.6,682.0,3.0,14041.1
1374,41,F,Primaria,Oriente,1894.47,3038.55,568.0,7.0,5310.26
1375,69,M,Universitario,Norte,1480.92,1250.64,576.0,11.0,4839.4
1376,73,F,Tecnico,Norte,1346.92,2436.0,494.0,9.0,
1377,32,M,Primaria,Centro,1092.11,2147.68,,7.0,1312.14
1378,46,M,Universitario,Occidente,2338.47,4543.96,597.0,4.0,8573.58
1379,25,F,Primaria,Sur,1176.53,1499.05,492.0,15.0,500.0
1380,22,F,Secundaria,Oriente,2386.24,4463.27,572.0,5.0,
1381,46,M,Primaria,Sur,1321.57,3907.33,583.0,8.0,4355.31
1382,64,F,Primaria,Oriente,2163.35,3478.19,,3.0,5605.55
1383,21,F,Universitario,Centro,1625.06,3753.12,574.0,6.0,4473.58
1384,29,F,Universitario,Oriente,1963.9,3523.69,569.0,7.0,4125.11
1385,62,M,Secundaria,Centro,,2206.79,570.0,8.0,2317.39
1386,19,F,Tecnico,Sur,1676.48,3121.9,605.0,3.0,5969.25
1387,44,F,Universitario,Norte,1309.54,1928.03,,6.0,4156.86
1388,48,M,Universitario,Occidente,5769.23,,677.0,6.0,19560.15
1389,68,F,Secundaria,Oriente,1647.99,3738.97,596.0,12.0,3719.72
1390,68,F,Universitario,Occidente,1509.24,3438.66,495.0,10.0,3939.44
1391,53,F,Secundaria,Norte,940.19,2611.84,,5.0,500.0
1392,53,F,Tecnico,Norte,1908.02,2935.51,594.0,6.0,5800.19
1393,43,M,Postgrado,Centro,4319.35,7821.04,687.0,9.0,13157.81
1394,60,M,Secundaria,Sur,2372.64,6012.43,707.0,5.0,8875.2
1395,44,F,Primaria,Oriente,1231.5,1438.34,541.0,7.0,2617.29
1396,22,F,Secundaria,Centro,1897.21,3325.91,596.0,9.0,5018.93
1397,37,F,Primaria,Centro,1385.71,1524.75,552.0,5.0,
1398,28,M,Secundaria,Centro,1392.18,2593.62,533.0,8.0,5631.74
1399,27,M,Universitario,Oriente,1999.4,4432.37,604.0,6.0,5930.93
1400,57,M,Secundaria,Centro,1564.36,4188.84,564.0,11.0,3027.87
1401,55,M,Secundaria,Occidente,1461.26,1831.38,524.0,8.0,2754.57
1402,23,M,Secundaria,Norte,,1932.0,602.0,5.0,3618.11
1403,25,F,Secundaria,Oriente,1775.83,4460.83,560.0,4.0,6918.86
1404,40,M,Secundaria,Sur,3099.2,3155.0,585.0,4.0,5656.21
1405,64,F,Tecnico,Centro,1195.94,1641.46,443.0,10.0,2603.32
1406,43,M,Primaria,Oriente,1255.65,3037.09,505.0,8.0,2678.67
1407,63,F,Postgrado,Centro,4028.92,5890.46,698.0,6.0,16794.94
1408,60,F,Secundaria,Sur,1315.13,1528.08,551.0,8.0,5528.96
1409,29,M,Postgrado,Sur,5231.06,10423.25,619.0,5.0,15542.8
1410,43,M,Primaria,,966.81,150.62,546.0,7.0,2153.33
1411,30,M,Universitario,Oriente,3176.41,4096.15,659.0,7.0,11521.93
1412,57,F,Tecnico,Sur,3268.77,6555.82,664.0,7.0,9523.76
1413,35,M,Universitario,Oriente,2832.62,6397.61,667.0,7.0,11952.28
1414,42,F,Tecnico,Centro,1663.94,4141.65,592.0,6.0,5220.26
1415,50,F,Postgrado,Norte,4164.52,5423.69,727.0,7.0,14855.16
1416,64,F,Tecnico,Centro,1571.83,3999.45,534.0,14.0,6378.21
1417,57,M,Universitario,Occidente,1797.47,3298.64,604.0,5.0,
1418,60,F,Universitario,Occidente,2932.36,4632.0,688.0,5.0,11329.39
1419,29,M,Tecnico,Centro,2459.44,3678.0,617.0,10.0,8072.3
1420,61,M,Tecnico,Centro,,4072.06,582.0,8.0,4967.29
1421,53,F,Secundaria,Oriente,1972.05,3899.38,598.0,7.0,6020.48
1422,65,F,Universitario,Oriente,7087.68,13881.97,771.0,4.0,27419.11
1423,21,M,Secundaria,Oriente,2491.43,3983.8,651.0,8.0,8446.92
1424,22,M,Tecnico,Norte,,2025.46,449.0,7.0,4090.42
1425,73,M,Primaria,Norte,1385.02,,548.0,9.0,3869.49
1426,54,M,Secundaria,Centro,1760.28,2534.57,584.0,11.0,3542.1
1427,25,M,Tecnico,Norte,1192.63,2802.57,510.0,5.0,5041.78
1428,59,F,Tecnico,Oriente,2455.86,3527.55,627.0,9.0,7124.01
1429,66,F,Secundaria,Sur,1118.82,3644.5,512.0,9.0,2131.63
1430,45,F,Secundaria,,,5273.6,570.0,9.0,5257.01
1431,48,M,Secundaria,Norte,3624.98,5936.3,653.0,3.0,10719.41
1432,75,F,Tecnico,Sur,1812.61,3312.67,552.0,12.0,4609.03
1433,26,F,Secundaria,Sur,1769.76,3283.79,550.0,7.0,6510.07
1434,71,F,Tecnico,Centro,2171.57,3801.83,679.0,7.0,5753.32
1435,68,M,Tecnico,Sur,,1438.11,561.0,5.0,1768.08
1436,46,M,Postgrado,Sur,2389.49,4384.94,,4.0,7695.73
1437,31,M,Primaria,Occidente,,1301.3,516.0,7.0,1130.78
1438,57,F,Primaria,Norte,,3590.23,542.0,6.0,3078.27
1439,58,F,Secundaria,Oriente,1458.2,3906.93,526.0,5.0,1384.62
1440,39,F,Tecnico,Occidente,2723.69,5981.48,690.0,1.0,8435.62
1441,28,M,Primaria,Oriente,1440.13,3727.06,557.0,6.0,4137.17
1442,40,M,Universitario,Oriente,6448.96,12201.96,670.0,7.0,21334.76
1443,18,M,Secundaria,Norte,941.63,967.69,,8.0,4495.45
1444,63,M,Secundaria,Sur,,1298.83,497.0,13.0,4627.1
1445,54,M,Secundaria,Oriente,2954.84,4459.08,635.0,8.0,10857.93
1446,38,F,Universitario,Sur,5092.98,,,10.0,17920.26
1447,43,M,Secundaria,Centro,1021.66,769.17,510.0,9.0,1079.11
1448,63,F,Primaria,Occidente,,2028.77,499.0,6.0,2876.99
1449,53,M,Secundaria,,1414.91,,519.0,9.0,5243.23
1450,71,M,Tecnico,Occidente,3589.27,6313.01,681.0,6.0,12780.37
1451,40,M,Universitario,Sur,,4080.69,692.0,7.0,7895.13
1452,74,F,Secundaria,Oriente,,4746.38,529.0,4.0,1930.1
1453,18,M,Primaria,Oriente,1015.67,1802.81,564.0,9.0,2357.68
1454,71,F,Secundaria,Sur,1666.53,3322.63,,12.0,3624.8
1455,72,M,Tecnico,Norte,2226.66,4949.04,,8.0,7871.72
1456,68,F,Secundaria,Norte,3674.74,7338.58,651.0,6.0,10592.07
1457,57,F,Universitario,Sur,4778.7,9269.6,745.0,5.0,19416.75
1458,32,M,Primaria,Occidente,723.43,1521.98,454.0,11.0,2121.81
1459,38,F,Primaria,Sur,1094.95,2192.95,492.0,5.0,
1460,64,M,Primaria,Centro,1264.48,820.13,,15.0,5082.64
1461,26,F,Universitario,Centro,1904.9,4817.19,521.0,10.0,6787.32
1462,70,M,Tecnico,Sur,2984.4,4897.9,692.0,7.0,11754.17
1463,26,M,Postgrado,Sur,5866.8,11263.11,768.0,9.0,23477.56
1464,27,F,Secundaria,,1173.78,1925.15,568.0,6.0,3430.59
1465,69,F,Secundaria,Sur,1589.53,5352.97,,10.0,4348.95
1466,74,M,Tecnico,Centro,2867.19,4498.7,671.0,6.0,9961.33
1467,70,F,Tecnico,Sur,3074.08,7426.41,622.0,,10062.16
1468,43,M,Tecnico,,1438.62,2487.54,596.0,6.0,4794.8
1469,58,M,Secundaria,Sur,1920.11,4040.5,621.0,10.0,6934.7
1470,52,F,Primaria,Centro,896.44,,,14.0,3128.9
1471,69,M,Primaria,Centro,2034.75,,560.0,11.0,4313.48
1472,42,M,Tecnico,Oriente,1298.32,2441.41,581.0,6.0,1151.26
1473,43,F,Tecnico,Norte,1898.08,3674.38,590.0,10.0,8629.01
1474,28,M,Universitario,Centro,1885.89,3477.17,604.0,7.0,3140.52
1475,55,F,Secundaria,Norte,989.25,2233.51,440.0,13.0,3100.18
1476,19,M,Universitario,Occidente,1773.47,2450.51,519.0,10.0,6017.17
1477,24,M,Secundaria,Norte,1239.1,462.4,,9.0,2945.18
1478,35,M,Primaria,Oriente,,4107.06,710.0,10.0,7184.36
1479,44,F,Postgrado,Sur,2681.77,6532.3,578.0,8.0,7173.1
1480,51,F,Secundaria,Sur,1578.19,2511.86,540.0,8.0,
1481,44,M,Tecnico,Oriente,1335.88,3018.89,523.0,7.0,6030.16
1482,34,M,Tecnico,Centro,,3644.94,682.0,8.0,7413.93
1483,60,F,Secundaria,Centro,2499.95,4054.9,638.0,6.0,8773.2
1484,61,M,Universitario,Centro,3545.96,6421.39,608.0,7.0,12401.53
1485,68,F,Universitario,Sur,2152.7,,592.0,9.0,5910.84
1486,71,M,Secundaria,Occidente,,3011.8,507.0,13.0,3704.77
1487,41,F,Tecnico,Occidente,1187.4,683.96,458.0,7.0,500.0
1488,42,M,Universitario,Oriente,3394.48,5974.08,660.0,4.0,11053.91
1489,24,F,Secundaria,Occidente,1177.21,,523.0,7.0,2531.71
1490,69,F,Secundaria,Occidente,2318.83,3445.05,660.0,1.0,7475.29
1491,23,M,Primaria,Oriente,,831.14,482.0,8.0,1218.67
1492,70,M,Tecnico,Centro,,3332.77,531.0,10.0,3919.32
1493,41,F,Universitario,Centro,1952.64,3631.78,,9.0,5122.11
1494,50,F,Tecnico,Occidente,1326.47,2230.31,606.0,,1359.5
1495,66,M,Primaria,Sur,573.46,0.0,456.0,,
1496,46,M,Tecnico,Oriente,1000.6,1587.56,516.0,5.0,500.0
1497,60,F,Universitario,Norte,4131.82,8338.84,655.0,,14681.68
1498,39,M,Secundaria,Norte,1024.21,529.28,474.0,7.0,500.0
1499,43,F,Universitario,Centro,3252.93,5284.27,621.0,6.0,11216.81
1500,45,M,Universitario,Norte,2432.37,3460.97,618.0,4.0,5783.76
1501,67,F,Primaria,Occidente,,1058.5,520.0,7.0,2802.73
1502,38,F,Secundaria,Norte,1230.54,2021.04,527.0,12.0,5393.19
1503,66,F,Tecnico,Sur,1818.07,2760.35,627.0,8.0,7152.22
1504,24,M,Tecnico,Norte,,3534.81,613.0,6.0,8661.49
1505,34,F,Universitario,Norte,1360.36,2463.96,,13.0,500.0
1506,37,M,Tecnico,Centro,1731.39,1862.73,550.0,10.0,3755.45
1507,58,F,Secundaria,Occidente,,,578.0,,3818.64
1508,66,M,Secundaria,Oriente,2197.45,3501.94,588.0,7.0,5165.9
1509,37,M,Universitario,Sur,3746.62,6443.76,661.0,7.0,11779.44
1510,71,F,Secundaria,Occidente,1461.14,2355.75,529.0,7.0,3099.92
1511,39,M,Tecnico,Occidente,953.05,939.99,540.0,13.0,2145.18
1512,45,F,Secundaria,Centro,1812.63,4263.99,523.0,6.0,4993.76
1513,57,F,Primaria,Centro,1171.85,2315.26,468.0,8.0,1056.98
1514,66,F,Secundaria,Centro,2703.5,2861.18,576.0,8.0,9166.69
1515,24,M,Secundaria,Norte,1584.11,1860.98,583.0,7.0,5312.12
1516,18,M,Tecnico,Centro,2964.52,4820.22,574.0,8.0,
1517,49,F,Primaria,Centro,,2236.98,515.0,9.0,3435.71
1518,30,M,Universitario,Norte,4050.26,8243.17,672.0,6.0,12376.02
1519,47,M,Tecnico,Occidente,1951.94,3404.37,577.0,8.0,8390.94
1520,40,M,Secundaria,Oriente,1804.27,4519.24,591.0,,6084.39
1521,68,M,Secundaria,Centro,728.77,1930.7,,8.0,2023.89
1522,73,F,Tecnico,Oriente,3150.25,7385.34,610.0,4.0,8401.74
1523,36,M,Primaria,Oriente,1092.43,1518.54,,8.0,3077.89
1524,49,F,Postgrado,Centro,4183.35,7207.29,624.0,7.0,12757.93
1525,47,M,Tecnico,Sur,1569.17,2995.5,565.0,9.0,5380.23
1526,46,M,Primaria,Centro,2032.76,3068.26,573.0,9.0,5771.55
1527,66,M,Tecnico,Norte,2089.18,4386.36,559.0,5.0,4203.4
1528,62,M,Secundaria,Sur,1667.02,2011.75,552.0,8.0,2185.72
1529,46,M,Primaria,Centro,2837.68,3923.89,597.0,1.0,8705.16
1530,47,F,Universitario,Norte,790.26,1377.76,502.0,10.0,
1531,33,M,Primaria,Centro,980.86,2949.7,412.0,9.0,
1532,57,M,Tecnico,Occidente,,3505.34,631.0,11.0,
1533,36,M,Postgrado,Oriente,2248.05,4699.66,658.0,4.0,4906.06
1534,35,M,Secundaria,Oriente,1718.81,4428.0,532.0,7.0,3376.24
1535,18,F,Secundaria,Oriente,782.92,1755.4,471.0,7.0,2276.04
1536,31,F,Primaria,Oriente,655.05,902.52,540.0,3.0,500.0
1537,68,M,Primaria,Norte,1536.63,3930.77,570.0,9.0,3129.44
1538,64,M,Primaria,Occidente,,2267.28,,6.0,1206.04
1539,67,F,Universitario,Oriente,3172.8,5124.11,696.0,7.0,10056.11
1540,19,M,Universitario,Centro,1751.46,2473.03,587.0,11.0,6158.02
1541,71,F,Universitario,Sur,1741.61,3092.68,537.0,8.0,4560.95
1542,45,M,Secundaria,Sur,968.24,2461.99,457.0,9.0,2471.67
1543,66,F,Universitario,Norte,1639.0,2172.22,561.0,9.0,4982.42
1544,67,F,Tecnico,,1558.69,2913.26,629.0,5.0,3217.26
1545,47,F,Secundaria,Norte,1058.62,2630.1,,5.0,3122.3
1546,55,M,Secundaria,Occidente,,2422.23,537.0,9.0,4920.83
1547,68,M,Primaria,Norte,546.51,1209.17,503.0,11.0,1009.87
1548,21,M,Postgrado,Centro,2162.23,4283.99,574.0,6.0,5168.24
1549,18,M,Tecnico,Norte,3010.46,6021.21,679.0,5.0,9457.34
1550,25,M,Universitario,Oriente,1318.13,2436.45,522.0,10.0,3944.81
1551,46,M,Tecnico,Occidente,1346.97,2324.93,599.0,5.0,6052.1
1552,72,F,Tecnico,,3331.97,6810.83,708.0,7.0,
1553,56,F,Primaria,Norte,1211.48,128.19,532.0,6.0,4694.66
1554,20,M,Tecnico,Sur,793.75,2117.24,458.0,6.0,1793.13
1555,49,M,Universitario,Oriente,3183.31,6196.64,617.0,13.0,11652.49
1556,27,F,Primaria,Oriente,,4794.68,515.0,10.0,5344.14
1557,27,M,Postgrado,Oriente,3169.76,6165.53,646.0,8.0,10924.12
1558,36,F,Secundaria,Centro,,1246.87,530.0,,2964.35
1559,63,M,Secundaria,Norte,713.74,1366.71,495.0,7.0,3150.18
1560,51,M,Tecnico,Norte,1473.22,1868.13,640.0,14.0,2572.69
1561,50,M,Universitario,Occidente,1392.3,3423.3,488.0,9.0,4259.27
1562,40,M,Secundaria,Sur,1489.41,711.96,,4.0,3261.34
1563,72,F,Tecnico,Oriente,2768.87,3702.63,661.0,7.0,10384.84
1564,45,F,Secundaria,Occidente,967.54,781.14,453.0,4.0,2374.16
1565,49,M,Tecnico,Occidente,2485.39,3171.38,644.0,2.0,10127.3
1566,67,F,Primaria,Norte,572.42,770.33,,8.0,
1567,24,M,Primaria,,1036.02,1529.63,480.0,9.0,2596.58
1568,46,F,Primaria,Occidente,490.09,1545.29,359.0,8.0,3603.67
1569,25,F,Secundaria,Occidente,1574.57,1306.53,549.0,7.0,1919.88
1570,18,M,Secundaria,,2374.56,3845.32,,10.0,8123.97
1571,74,M,Tecnico,Occidente,1574.52,,,6.0,4480.98
1572,72,M,Secundaria,Centro,1709.81,2332.48,563.0,9.0,5950.12
1573,20,F,Primaria,Norte,915.79,326.38,466.0,14.0,2403.47
1574,41,F,Primaria,Centro,1405.19,3094.06,577.0,10.0,4259.18
1575,40,F,Primaria,Oriente,1722.63,3556.2,524.0,8.0,5182.32
1576,25,F,Secundaria,Sur,1441.82,897.57,559.0,6.0,4067.47
1577,71,M,Primaria,Sur,999.44,1455.82,530.0,11.0,5056.23
1578,74,M,Secundaria,Norte,1815.71,2776.96,593.0,8.0,7163.57
1579,64,F,Secundaria,Centro,3544.68,7833.35,707.0,7.0,13618.96
1580,54,M,Tecnico,Occidente,2124.63,2312.99,683.0,4.0,9620.23
1581,20,F,Universitario,Norte,1295.45,1971.84,562.0,10.0,3511.95
1582,68,M,Secundaria,Oriente,3697.35,7263.27,660.0,7.0,12667.98
1583,50,M,Primaria,Oriente,845.41,1426.01,502.0,12.0,2967.14
1584,45,M,Secundaria,Oriente,1061.13,2766.48,551.0,6.0,4092.31
1585,64,F,Primaria,Occidente,1972.36,1964.02,563.0,7.0,4816.29
1586,25,M,Primaria,Centro,960.69,698.3,511.0,6.0,1714.57
1587,51,F,Universitario,Sur,3057.39,5251.26,658.0,5.0,9410.94
1588,52,M,Secundaria,Norte,1853.33,3726.9,605.0,,3920.22
1589,49,F,Postgrado,Centro,4081.09,7349.19,629.0,5.0,14329.49
1590,41,F,Primaria,Centro,2295.56,4621.43,,3.0,7699.91
1591,31,M,Universitario,Norte,,3479.04,566.0,,5971.99
1592,49,F,Tecnico,Occidente,1854.15,2289.82,,,5344.58
1593,73,M,Secundaria,Oriente,,2339.52,542.0,10.0,5016.46
1594,63,M,Secundaria,Centro,2187.49,2713.18,536.0,,
1595,60,M,Tecnico,Norte,2046.28,2908.43,613.0,9.0,
1596,33,F,Universitario,Centro,4155.14,6384.48,741.0,5.0,16985.8
1597,21,F,Secundaria,Sur,1698.19,3202.91,621.0,6.0,5282.26
1598,69,F,Primaria,Oriente,,4897.43,704.0,3.0,10701.31
1599,54,F,Secundaria,Sur,1450.92,1701.23,583.0,6.0,7248.83
1600,71,F,Secundaria,Norte,1764.01,2540.28,634.0,5.0,3202.19
1601,38,M,Universitario,Centro,2457.95,4142.67,601.0,,6616.96
1602,31,F,Tecnico,Centro,1289.44,2827.98,525.0,7.0,3215.15
1603,48,M,Primaria,Sur,503.65,929.06,362.0,8.0,2064.88
1604,72,F,Secundaria,Centro,1758.95,3394.15,561.0,8.0,7314.96
1605,65,F,Primaria,Centro,,1445.64,482.0,9.0,2962.48
1606,35,F,Universitario,Centro,2918.6,5236.32,,7.0,6462.44
1607,24,F,Universitario,Sur,3897.12,7185.42,568.0,6.0,11174.45
1608,27,M,Primaria,Centro,1134.5,1928.12,512.0,8.0,500.0
1609,24,F,Secundaria,Oriente,1719.19,4273.46,545.0,8.0,6630.18
1610,50,M,Universitario,Sur,,5718.07,633.0,7.0,9628.63
1611,40,F,Primaria,Sur,1834.11,4768.73,636.0,6.0,7601.82
1612,38,F,Secundaria,Norte,1424.72,3579.01,499.0,8.0,1369.28
1613,36,F,Secundaria,Norte,861.07,1391.03,439.0,11.0,3831.4
1614,65,M,Primaria,Sur,570.91,870.24,510.0,9.0,5319.58
1615,36,M,Primaria,Norte,1015.35,501.41,490.0,6.0,2321.69
1616,53,M,Postgrado,Centro,1620.3,2028.62,605.0,10.0,4337.61
1617,46,F,Tecnico,Norte,1846.63,4131.77,587.0,11.0,3105.74
1618,35,M,Secundaria,Norte,1657.65,3752.8,566.0,4.0,5963.13
1619,19,M,Secundaria,Norte,,417.76,470.0,8.0,3485.32
1620,18,F,Tecnico,Oriente,2392.1,,652.0,4.0,7041.3
1621,64,F,Secundaria,Centro,1683.49,3977.89,604.0,9.0,6201.65
1622,22,M,Secundaria,Norte,1070.14,,483.0,6.0,3012.02
1623,37,M,Primaria,Centro,968.73,,491.0,9.0,500.0
1624,28,F,Universitario,Sur,4287.19,8123.3,708.0,9.0,15747.98
1625,59,M,Secundaria,Oriente,721.63,1150.76,429.0,6.0,1549.16
1626,19,F,Primaria,Norte,1028.68,1345.23,426.0,14.0,2898.82
1627,20,M,Secundaria,Oriente,,3734.49,554.0,6.0,3693.6
1628,40,F,Primaria,Centro,909.96,1428.26,454.0,7.0,
1629,72,M,Postgrado,Sur,2527.09,1475.22,666.0,4.0,
1630,29,M,Tecnico,Sur,,5689.29,624.0,8.0,8356.6
1631,37,F,Primaria,,2979.92,4520.96,589.0,6.0,10275.64
1632,22,F,Primaria,,,1907.75,497.0,9.0,
1633,54,M,Tecnico,Norte,1865.11,4684.89,534.0,9.0,2969.39
1634,55,F,Secundaria,Sur,1998.83,5279.72,612.0,4.0,7051.25
1635,47,M,Universitario,Norte,1533.6,3315.39,470.0,16.0,5460.22
1636,26,F,Tecnico,Occidente,1800.37,4293.09,571.0,5.0,7807.9
1637,51,F,Secundaria,Centro,3046.05,6078.81,665.0,8.0,7492.08
1638,70,M,Postgrado,Centro,10185.28,18977.17,728.0,7.0,37385.78
1639,61,F,Secundaria,Norte,888.06,2333.99,538.0,7.0,500.0
1640,52,M,Secundaria,Norte,,987.51,441.0,7.0,500.0
1641,69,M,Tecnico,Sur,1561.99,1787.23,576.0,6.0,5617.66
1642,75,F,Universitario,Centro,2164.83,4707.44,547.0,8.0,4369.0
1643,39,F,Tecnico,,2915.92,5493.71,596.0,9.0,7766.82
1644,61,M,Tecnico,Norte,,3543.17,601.0,10.0,6904.5
1645,41,M,Secundaria,Oriente,,3853.41,630.0,7.0,8052.9
1646,34,M,Secundaria,Norte,,2678.22,566.0,5.0,5449.6
1647,27,F,Secundaria,Centro,1384.0,3496.56,564.0,9.0,1034.12
1648,47,M,Tecnico,Sur,2224.12,3324.34,555.0,10.0,5952.39
1649,73,M,Secundaria,Centro,571.5,,381.0,7.0,
1650,63,M,Primaria,Norte,1079.28,1312.12,538.0,6.0,4029.98
1651,40,M,Universitario,Oriente,2098.9,,,7.0,4985.06
1652,49,M,Secundaria,Centro,813.25,1549.47,425.0,9.0,1752.73
1653,34,M,Secundaria,Norte,2704.43,5460.73,623.0,7.0,6244.13
1654,67,M,Secundaria,Sur,1410.51,1688.95,561.0,7.0,2432.14
1655,68,M,Secundaria,Norte,1862.16,2783.61,599.0,6.0,7732.41
1656,34,F,Secundaria,Centro,,2977.36,545.0,9.0,4977.48
1657,31,M,Primaria,Oriente,807.69,1560.35,468.0,7.0,583.65
1658,26,F,Primaria,Occidente,1321.98,1990.69,,17.0,3250.03
1659,57,F,Secundaria,Sur,740.29,0.0,479.0,3.0,1349.02
1660,19,F,Secundaria,Norte,1831.82,3014.13,577.0,10.0,4397.24
1661,62,F,Primaria,Centro,973.3,2584.3,534.0,12.0,2493.8
1662,42,M,Secundaria,Sur,1323.34,3309.24,524.0,8.0,1311.78
1663,56,M,Secundaria,Centro,2555.5,5567.18,,3.0,7791.89
1664,26,M,Primaria,Norte,2636.38,3950.58,691.0,4.0,9161.19
1665,71,M,Universitario,Oriente,1836.22,2356.35,513.0,3.0,4828.13
1666,39,F,Universitario,Norte,1628.51,2413.25,634.0,13.0,6563.79
1667,60,F,Secundaria,Centro,2119.78,4593.9,594.0,7.0,4317.18
1668,63,F,Primaria,Norte,1669.88,3756.12,516.0,6.0,5557.68
1669,21,M,Tecnico,Oriente,1011.13,1822.34,467.0,6.0,500.0
1670,43,F,Tecnico,Centro,1785.85,4109.12,607.0,6.0,4446.19
1671,75,M,Postgrado,Centro,3483.37,6755.65,704.0,4.0,11205.41
1672,46,M,Secundaria,Centro,1484.71,2286.74,632.0,5.0,3537.58
1673,62,M,Tecnico,Occidente,2521.28,4262.27,633.0,10.0,6742.96
1674,51,F,Universitario,Sur,4836.55,7691.08,715.0,6.0,17821.01
1675,40,M,Secundaria,Norte,1346.38,2324.31,570.0,5.0,3851.8
1676,54,F,Primaria,Oriente,2760.11,4480.67,557.0,6.0,7673.73
1677,28,F,Secundaria,Norte,1380.88,1683.39,530.0,10.0,5207.66
1678,23,F,Primaria,Centro,2411.67,3751.91,617.0,2.0,7047.55
1679,35,M,Primaria,Sur,1433.57,3775.95,481.0,8.0,3627.17
1680,38,F,Universitario,Sur,3883.98,6620.8,669.0,4.0,13808.44
1681,59,F,Secundaria,Norte,2374.39,5535.66,592.0,8.0,6951.49
1682,53,M,Primaria,Oriente,851.24,1578.24,475.0,12.0,500.0
1683,58,M,Universitario,Centro,2919.83,5072.55,711.0,3.0,10617.29
1684,55,M,Secundaria,Occidente,1019.59,2252.54,586.0,4.0,
1685,51,M,Secundaria,Oriente,1458.62,718.18,544.0,8.0,3855.83
1686,34,F,Secundaria,Occidente,882.83,3254.34,499.0,8.0,2127.4
1687,54,F,Secundaria,Centro,1403.19,3289.85,588.0,4.0,4590.06
1688,42,M,Secundaria,Norte,1542.66,2941.69,569.0,7.0,4738.6
1689,55,F,Universitario,Oriente,1677.98,3671.28,508.0,10.0,3236.94
1690,75,F,Primaria,Oriente,1278.59,2345.18,540.0,18.0,2705.66
1691,29,M,Tecnico,Occidente,2520.16,4050.65,593.0,3.0,7378.86
1692,40,F,Primaria,Centro,769.81,1366.95,497.0,10.0,2693.75
1693,70,F,Postgrado,Sur,5198.88,9020.63,692.0,2.0,17423.17
1694,59,F,Tecnico,Occidente,2821.97,4360.6,,5.0,11332.01
1695,39,M,Universitario,Occidente,1555.33,2483.71,566.0,10.0,4175.02
1696,38,F,Secundaria,Norte,459.15,996.59,376.0,7.0,500.0
1697,44,M,Universitario,Sur,3937.9,7372.59,633.0,8.0,14248.52
1698,74,F,Universitario,,2286.47,5244.02,568.0,7.0,2419.1
1699,48,M,Tecnico,Norte,1822.78,3033.57,645.0,5.0,4799.66
1700,23,F,Primaria,Occidente,,4602.31,658.0,7.0,9486.56
1701,44,M,Primaria,Centro,,1621.35,546.0,6.0,6181.26
1702,57,M,Primaria,Sur,1524.23,3097.39,594.0,9.0,
1703,51,F,Primaria,Occidente,1217.64,3358.52,574.0,6.0,2828.63
1704,29,M,Universitario,Norte,2146.39,3550.78,594.0,7.0,4342.87
1705,62,F,Tecnico,Occidente,1819.84,,598.0,5.0,6160.52
1706,74,F,Tecnico,Oriente,1790.02,3914.14,556.0,9.0,3714.98
1707,70,F,Secundaria,Oriente,,484.74,537.0,3.0,3544.24
1708,24,M,Primaria,Centro,739.1,2626.5,457.0,7.0,2051.13
1709,27,F,Secundaria,Norte,1419.8,2495.18,584.0,12.0,3227.07
1710,62,F,Secundaria,Sur,3902.18,7324.48,732.0,8.0,14692.98
1711,34,F,Universitario,Centro,1265.68,,531.0,7.0,2381.83
1712,43,M,Secundaria,Centro,1190.64,139.11,565.0,11.0,1490.27
1713,38,M,Tecnico,Centro,1408.38,2482.19,488.0,4.0,
1714,45,F,Secundaria,Centro,,3402.96,579.0,9.0,7044.28
1715,75,M,Universitario,Sur,2667.63,5113.47,673.0,7.0,9665.13
1716,63,M,Secundaria,Oriente,1170.47,3021.07,508.0,11.0,1773.22
1717,19,M,Secundaria,Oriente,2408.75,4730.19,656.0,5.0,8724.78
1718,71,F,Primaria,Sur,812.25,929.27,,13.0,3397.78
1719,60,F,Secundaria,Oriente,1237.0,3544.24,616.0,8.0,2033.31
1720,18,F,Secundaria,Norte,867.11,1596.92,,,
1721,68,M,Universitario,Oriente,3946.76,8128.72,686.0,7.0,11752.19
1722,70,M,Secundaria,Centro,1549.75,3495.19,574.0,8.0,5999.49
1723,53,F,Secundaria,Sur,1113.24,1206.7,546.0,8.0,4857.6
1724,68,F,Tecnico,Centro,2314.5,5014.41,566.0,8.0,5678.56
1725,43,F,Secundaria,,,6203.2,,8.0,6510.24
1726,46,F,Secundaria,Centro,547.52,1047.48,,9.0,1423.07
1727,38,M,Universitario,Norte,3143.76,5301.42,638.0,8.0,10736.51
1728,28,F,Secundaria,Norte,,6383.94,,6.0,10380.62
1729,57,M,Tecnico,Centro,3733.52,7515.05,649.0,2.0,10710.43
1730,28,M,Tecnico,Norte,1565.25,2489.85,486.0,7.0,6489.89
1731,53,F,Universitario,Centro,2562.47,5097.18,616.0,5.0,7685.87
1732,66,M,Tecnico,Norte,2071.62,3459.64,530.0,6.0,6689.93
1733,56,M,Primaria,Norte,1098.73,1538.36,514.0,8.0,4274.33
1734,57,M,Secundaria,Occidente,2342.18,4561.91,566.0,11.0,5702.67
1735,52,M,Postgrado,Sur,,3573.49,601.0,5.0,7149.91
1736,71,F,Secundaria,Occidente,2056.03,4115.8,579.0,7.0,2969.22
1737,51,M,Tecnico,Sur,1771.61,3078.88,627.0,1.0,4467.54
1738,72,M,Universitario,Oriente,4008.9,6298.59,669.0,5.0,11871.22
1739,64,M,Tecnico,Sur,3096.92,5326.72,682.0,6.0,10494.29
1740,41,M,Secundaria,Centro,1574.11,3131.52,566.0,6.0,7813.6
1741,71,M,Primaria,Sur,959.33,3450.11,535.0,8.0,3720.38
1742,39,F,Secundaria,Centro,2380.73,3507.32,614.0,4.0,2074.6
1743,22,M,Secundaria,Sur,812.71,1370.46,517.0,5.0,6005.4
1744,73,F,Postgrado,Occidente,2181.91,3798.18,615.0,5.0,7777.54
1745,50,F,Tecnico,,1767.75,1389.38,598.0,7.0,6604.26
1746,75,F,Universitario,Centro,2024.47,3171.92,566.0,9.0,4957.88
1747,53,M,Secundaria,Occidente,1392.05,1550.6,577.0,3.0,3834.09
1748,64,M,Primaria,Occidente,,1645.15,588.0,4.0,1492.18
1749,37,F,Secundaria,Centro,1468.61,3846.24,548.0,8.0,1902.9
1750,36,F,Secundaria,Occidente,2896.74,5738.7,606.0,10.0,5392.4
1751,52,F,Secundaria,Norte,910.24,1777.4,446.0,5.0,4032.45
1752,69,F,Secundaria,Norte,1281.62,3866.76,,7.0,2792.41
1753,60,F,Secundaria,Norte,2252.68,5182.62,,6.0,9083.57
1754,34,F,Secundaria,Oriente,1501.85,2060.86,518.0,10.0,4073.95
1755,62,F,Postgrado,Norte,2217.81,2530.45,548.0,7.0,7685.68
1756,60,M,Secundaria,Norte,1494.63,832.93,568.0,,4917.35
1757,51,F,Tecnico,Norte,930.33,,,7.0,2088.48
1758,26,F,Secundaria,Centro,2313.16,3709.73,634.0,8.0,9925.42
1759,43,M,Secundaria,Centro,1586.24,4093.04,603.0,6.0,4733.33
1760,19,F,Secundaria,Norte,3856.93,7904.15,683.0,5.0,13917.09
1761,70,F,Tecnico,Centro,1148.17,2802.17,556.0,4.0,3743.94
1762,26,F,Secundaria,Centro,1077.75,1537.28,476.0,4.0,2115.61
1763,26,F,Primaria,Centro,1256.03,2109.91,,10.0,1915.18
1764,57,M,Universitario,Oriente,4472.81,7724.74,630.0,9.0,14037.18
1765,34,F,Primaria,Occidente,950.04,3473.77,470.0,7.0,
1766,18,F,Secundaria,Centro,1041.87,1374.29,,6.0,4622.73
1767,42,F,Secundaria,Centro,1553.15,2160.75,551.0,9.0,4478.7
1768,60,M,Secundaria,Occidente,1148.82,2519.81,529.0,11.0,
1769,57,M,Universitario,Sur,3063.34,,687.0,6.0,12529.1
1770,59,F,Tecnico,Oriente,1926.74,3914.39,653.0,8.0,5038.06
1771,42,M,Secundaria,Centro,2055.45,3931.22,617.0,9.0,5743.24
1772,56,M,Primaria,Norte,1845.31,2728.44,597.0,7.0,7428.16
1773,52,F,Universitario,Sur,2887.91,4922.97,625.0,6.0,11242.51
1774,20,M,Secundaria,Sur,2413.36,3667.55,,7.0,5651.95
1775,67,M,Universitario,Centro,,4708.08,584.0,8.0,
1776,54,M,Secundaria,Centro,802.34,1326.17,464.0,10.0,3820.54
1777,61,M,Tecnico,Oriente,,1899.98,445.0,4.0,500.0
1778,61,F,Universitario,Centro,2397.84,4963.67,594.0,,8666.15
1779,68,M,Tecnico,,2285.32,4653.74,663.0,10.0,9344.72
1780,47,M,Secundaria,Centro,1971.18,3735.48,587.0,8.0,5110.59
1781,55,F,Tecnico,Centro,1380.32,3319.86,557.0,8.0,5030.23
1782,51,F,Tecnico,Norte,2706.14,4746.6,686.0,5.0,8691.42
1783,29,F,Tecnico,Sur,617.88,398.21,,5.0,2978.65
1784,36,M,Primaria,Centro,,1788.31,488.0,11.0,3496.08
1785,54,M,Tecnico,Centro,2303.05,4116.97,632.0,6.0,7820.23
1786,61,F,Primaria,Centro,,4530.5,698.0,10.0,6424.35
1787,66,M,Primaria,Occidente,1768.22,2971.92,580.0,4.0,4695.78
1788,34,F,Tecnico,Occidente,2694.62,6122.35,623.0,4.0,9894.05
1789,27,M,Primaria,Oriente,1259.92,1296.01,544.0,4.0,3593.21
1790,74,M,Universitario,,2417.53,4162.67,652.0,8.0,8526.92
1791,72,F,Universitario,Norte,1092.56,1714.14,511.0,3.0,3215.63
1792,66,F,Postgrado,Occidente,3101.65,5325.89,657.0,7.0,9355.24
1793,64,F,Tecnico,Norte,1121.49,,513.0,9.0,2627.31
1794,29,M,Secundaria,Centro,1929.96,3103.07,611.0,6.0,5251.03
1795,33,M,Secundaria,Centro,796.69,2227.35,389.0,,500.0
1796,41,F,Secundaria,Occidente,1397.04,2446.5,,4.0,3455.13
1797,36,F,Secundaria,Sur,868.2,1484.52,483.0,8.0,1424.8
1798,25,M,Secundaria,Sur,1442.97,1526.05,452.0,10.0,3452.98
1799,48,M,Tecnico,Occidente,1717.78,4095.58,481.0,12.0,2803.98
1800,38,M,Secundaria,Sur,,2444.5,446.0,7.0,1923.07
1801,34,F,Secundaria,Sur,1724.88,2104.91,487.0,9.0,4246.14
1802,40,F,Universitario,Norte,2104.6,5081.08,655.0,4.0,5456.88
1803,54,F,Primaria,Occidente,1244.78,1085.86,617.0,5.0,500.0
1804,71,M,Secundaria,Occidente,1316.46,2234.9,486.0,,2051.83
1805,33,F,Primaria,Occidente,854.29,1456.78,,7.0,2183.58
1806,23,M,Universitario,Centro,3249.53,5607.49,626.0,6.0,11873.99
1807,25,M,Tecnico,Centro,2768.76,5854.78,629.0,6.0,8108.81
1808,42,F,Tecnico,Centro,2785.79,5612.41,643.0,10.0,11447.07
1809,35,M,Secundaria,Centro,800.03,80.67,428.0,8.0,500.0
1810,42,M,Tecnico,,3364.66,7234.14,712.0,7.0,14628.48
1811,29,M,Tecnico,Sur,2261.0,5408.77,631.0,10.0,7102.71
1812,32,M,Secundaria,Oriente,2581.75,5190.19,669.0,4.0,7341.68
1813,43,F,Secundaria,Occidente,,4435.02,626.0,5.0,9762.05
1814,58,F,Tecnico,Norte,2174.14,4089.28,663.0,9.0,3444.41
1815,62,F,Secundaria,Centro,1091.26,1736.72,509.0,7.0,3728.05
1816,43,F,Tecnico,Centro,1282.96,3091.59,473.0,9.0,2287.07
1817,64,F,Secundaria,Centro,1153.06,641.76,566.0,11.0,5192.58
1818,49,M,Tecnico,Centro,1683.25,3350.17,524.0,,5384.93
1819,27,M,Secundaria,Centro,933.53,,,6.0,4904.35
1820,33,F,Secundaria,Occidente,681.4,1030.26,414.0,6.0,500.0
1821,24,M,Secundaria,Centro,,1663.03,501.0,10.0,2031.95
1822,34,F,Universitario,Sur,2328.03,2784.84,589.0,12.0,9294.0
1823,40,M,Universitario,Oriente,2119.12,3051.53,609.0,9.0,7008.12
1824,43,F,Tecnico,Oriente,2270.19,,651.0,3.0,9157.17
1825,38,F,Tecnico,Sur,1647.65,3326.7,536.0,5.0,3399.33
1826,39,M,Primaria,Occidente,2005.0,3144.25,605.0,5.0,6655.29
1827,75,M,Universitario,,1962.13,3775.97,584.0,5.0,5434.08
1828,24,F,Secundaria,Occidente,1679.8,2978.37,569.0,5.0,4951.61
1829,31,M,Secundaria,Centro,1882.61,1919.07,578.0,13.0,4116.71
1830,32,M,Primaria,Norte,1205.81,1984.59,558.0,7.0,519.72
1831,70,F,Primaria,Oriente,1999.54,4178.61,593.0,6.0,2000.1
1832,24,M,Primaria,Centro,1467.6,3703.07,541.0,7.0,4035.63
1833,26,F,Primaria,Sur,1670.86,2814.95,633.0,6.0,3451.65
1834,68,M,Primaria,Oriente,946.06,2011.81,,11.0,946.06
1835,65,M,Universitario,Centro,2274.61,4232.28,642.0,6.0,6198.81
1836,25,F,Secundaria,Sur,542.3,1403.87,,5.0,
1837,67,M,Secundaria,Occidente,1531.15,2237.76,556.0,6.0,2820.13
1838,40,M,Universitario,Occidente,1291.19,2266.65,476.0,8.0,4793.18
1839,46,M,Primaria,Oriente,,6699.27,639.0,4.0,11685.67
1840,35,M,Universitario,Oriente,2712.34,5204.45,618.0,8.0,10594.36
1841,48,M,Tecnico,Occidente,1523.41,3227.51,614.0,5.0,3220.85
1842,47,M,Secundaria,Oriente,2126.81,4465.87,537.0,5.0,2617.25
1843,69,M,Primaria,Centro,676.43,1345.41,475.0,10.0,500.0
1844,56,M,Primaria,Norte,,2015.83,,4.0,1001.5
1845,52,F,Secundaria,Centro,1308.35,1901.6,514.0,6.0,500.0
1846,35,F,Primaria,Norte,1582.84,3537.75,,11.0,7969.83
1847,59,M,Secundaria,Norte,998.93,934.4,526.0,7.0,1639.12
1848,56,F,Primaria,Occidente,,,503.0,8.0,1711.7
1849,34,F,Tecnico,Sur,1864.1,3460.77,618.0,,4219.21
1850,31,F,Primaria,Occidente,1560.82,2236.72,552.0,10.0,3898.41
1851,48,F,Universitario,Sur,2672.6,4272.45,637.0,7.0,7508.95
1852,41,M,Secundaria,Centro,996.4,1965.27,,5.0,1675.53
1853,52,F,Universitario,Norte,2569.28,4425.51,644.0,5.0,8818.99
1854,61,M,Secundaria,Occidente,1144.18,1716.01,,,500.0
1855,62,M,Universitario,Norte,1633.18,3275.5,632.0,6.0,7826.47
1856,51,F,Secundaria,Sur,1835.65,,519.0,6.0,4320.07
1857,20,M,Tecnico,Norte,2203.32,4039.68,591.0,7.0,6005.45
1858,54,M,Primaria,Centro,1221.73,1900.17,518.0,4.0,
1859,60,F,Secundaria,Norte,1956.24,2538.28,645.0,6.0,9307.96
1860,57,F,Primaria,Sur,1748.27,2876.75,540.0,3.0,6384.21
1861,43,F,Secundaria,Occidente,499.91,0.0,408.0,14.0,
1862,72,F,Primaria,Sur,1529.98,3699.49,,7.0,2749.36
1863,40,M,Secundaria,Sur,3001.44,5979.18,662.0,7.0,8520.76
1864,61,M,Primaria,Occidente,1096.24,2635.33,507.0,4.0,
1865,56,F,Secundaria,Oriente,3080.53,5954.13,629.0,9.0,7910.77
1866,32,M,Tecnico,,2034.94,1950.23,562.0,9.0,4714.36
1867,73,F,Postgrado,Centro,3632.03,5595.64,633.0,8.0,13085.4
1868,66,M,Secundaria,Occidente,1772.25,3904.95,,7.0,5162.45
1869,21,M,Tecnico,Sur,870.71,3145.07,458.0,11.0,
1870,46,M,Tecnico,Norte,3851.78,7233.57,647.0,8.0,10975.3
1871,39,F,Secundaria,Norte,1193.08,3259.34,597.0,5.0,4698.08
1872,42,M,Primaria,Centro,700.35,609.62,472.0,7.0,
1873,30,M,Primaria,Centro,,1160.72,442.0,7.0,3117.04
1874,35,M,Universitario,Oriente,2393.18,4843.36,629.0,11.0,6936.11
1875,50,M,Secundaria,Oriente,2534.62,3922.06,561.0,6.0,6366.61
1876,33,M,Tecnico,Occidente,1710.19,1785.64,616.0,5.0,5489.75
1877,62,M,Tecnico,Sur,1620.31,3516.06,548.0,7.0,9160.48
1878,59,M,Secundaria,Oriente,1352.15,1858.91,585.0,6.0,1353.28
1879,61,M,Secundaria,Centro,845.97,0.0,,14.0,1262.81
1880,19,M,Tecnico,Sur,1356.54,,540.0,9.0,2433.0
1881,72,F,Primaria,Oriente,,2159.26,507.0,8.0,1562.62
1882,52,F,Secundaria,Oriente,1712.93,3641.45,460.0,8.0,3688.96
1883,59,M,Secundaria,Sur,714.5,1893.41,483.0,9.0,500.0
1884,51,M,Postgrado,Sur,2755.34,,,8.0,6237.04
1885,47,M,Secundaria,,2730.28,5317.02,634.0,1.0,9159.58
1886,72,F,Tecnico,Oriente,2304.67,2957.78,640.0,11.0,8423.08
1887,30,M,Primaria,Oriente,1789.7,2352.51,627.0,7.0,4969.73
1888,30,M,Primaria,Sur,982.32,2573.62,534.0,1.0,4000.62
1889,35,F,Universitario,Norte,5012.8,,660.0,1.0,16564.15
1890,49,M,Universitario,Centro,3485.1,6168.67,611.0,6.0,11451.86
1891,49,F,Secundaria,Centro,1569.35,1477.53,564.0,13.0,4508.36
1892,52,F,Secundaria,Sur,2047.17,3013.21,618.0,5.0,4357.83
1893,56,F,Primaria,Centro,707.64,1029.77,488.0,10.0,2504.7
1894,63,M,Tecnico,Oriente,1065.65,1314.14,546.0,8.0,
1895,69,F,Primaria,Centro,1818.58,2435.67,564.0,9.0,4483.8
1896,46,F,Universitario,Norte,4031.85,7524.03,687.0,10.0,12026.99
1897,66,M,Tecnico,Oriente,1247.09,3419.5,483.0,10.0,4108.93
1898,46,M,Secundaria,Sur,2222.32,4512.97,657.0,8.0,7381.31
1899,70,M,Universitario,Oriente,3223.73,5423.2,708.0,7.0,12315.02
1900,61,F,Postgrado,Centro,2395.72,4259.19,616.0,9.0,6579.4
1901,74,F,Secundaria,Norte,,2329.02,479.0,,4372.58
1902,33,F,Universitario,Norte,1705.12,2591.88,521.0,12.0,3384.16
1903,73,F,Universitario,Norte,2045.36,3852.64,611.0,11.0,5561.51
1904,61,M,Universitario,Oriente,2084.29,3466.94,558.0,9.0,5950.4
1905,64,M,Postgrado,Centro,1683.06,2726.86,,8.0,4946.0
1906,74,F,Secundaria,Occidente,1281.47,1036.66,541.0,7.0,2226.26
1907,27,F,Tecnico,Oriente,2016.78,3665.71,575.0,10.0,7011.33
1908,47,M,Universitario,Sur,3267.05,6207.71,688.0,8.0,13533.02
1909,42,F,Secundaria,Occidente,1150.69,2746.03,442.0,13.0,
1910,56,F,Secundaria,Centro,3021.67,4044.96,667.0,8.0,8765.91
1911,37,F,Secundaria,Norte,1499.78,3462.03,548.0,9.0,3716.08
1912,22,F,Universitario,Oriente,7220.23,13578.22,725.0,3.0,26518.08
1913,18,F,Tecnico,Centro,1226.23,3385.18,544.0,7.0,5697.9
1914,47,M,Secundaria,Occidente,1783.8,2919.66,628.0,4.0,3938.85
1915,66,F,Secundaria,Occidente,,2775.27,567.0,14.0,4390.3
1916,20,M,Primaria,Occidente,850.71,710.93,490.0,7.0,
1917,62,F,Primaria,Occidente,1839.34,3261.28,567.0,3.0,3808.13
1918,31,M,Tecnico,Sur,2483.76,4218.07,589.0,7.0,8004.7
1919,73,F,Secundaria,Sur,1419.19,2676.16,,10.0,6260.09
1920,47,M,Universitario,Norte,2799.01,5003.81,623.0,6.0,12916.34
1921,67,M,Tecnico,Oriente,2124.39,4473.18,591.0,4.0,4358.47
1922,21,M,Universitario,Norte,2046.75,3521.24,647.0,6.0,5213.23
1923,35,F,Secundaria,Oriente,1053.5,2914.79,553.0,8.0,4035.83
1924,54,F,Postgrado,Occidente,3377.65,4106.13,613.0,6.0,11104.81
1925,42,M,Secundaria,Norte,1377.59,3514.13,577.0,6.0,7074.3
1926,65,F,Tecnico,Norte,1167.88,999.23,553.0,9.0,1775.4
1927,18,F,Secundaria,Centro,1922.45,4118.3,585.0,6.0,7934.5
1928,70,F,Secundaria,Oriente,1616.2,3449.66,612.0,2.0,4164.13
1929,63,M,Primaria,,,1259.34,586.0,4.0,5839.48
1930,32,F,Primaria,Sur,,2061.88,466.0,7.0,1633.55
1931,26,F,Tecnico,Oriente,2011.92,2673.36,571.0,8.0,6397.72
1932,32,F,Secundaria,Norte,753.14,299.64,442.0,6.0,3330.73
1933,66,F,Postgrado,Sur,3685.27,6274.97,656.0,8.0,13736.49
1934,74,F,Secundaria,Sur,2341.78,3895.11,636.0,,7781.14
1935,41,F,Postgrado,Norte,6962.97,12048.68,787.0,8.0,27843.66
1936,21,M,Secundaria,Centro,1482.84,2725.18,,7.0,3201.88
1937,29,M,Primaria,Occidente,2581.27,4942.57,656.0,5.0,8400.96
1938,75,M,Secundaria,Occidente,2223.13,3937.41,671.0,9.0,8489.64
1939,54,M,Universitario,Sur,3040.86,4543.02,585.0,9.0,11481.2
1940,54,F,Tecnico,Occidente,3046.57,4801.76,634.0,6.0,9233.49
1941,60,F,Primaria,Norte,,5774.99,565.0,4.0,7763.59
1942,23,F,Secundaria,Occidente,2092.81,,607.0,9.0,5609.08
1943,56,M,Secundaria,Norte,1447.59,1795.62,516.0,7.0,4302.12
1944,73,F,Tecnico,Sur,1501.51,1461.11,520.0,6.0,5399.01
1945,63,M,Secundaria,Centro,,2350.07,538.0,4.0,4217.67
1946,41,M,Universitario,Oriente,2585.21,,586.0,12.0,
1947,28,M,Tecnico,Norte,2980.41,5682.42,,7.0,9497.66
1948,30,F,Universitario,Norte,1521.09,3767.35,547.0,15.0,3990.94
1949,51,M,Secundaria,Centro,941.09,1115.55,470.0,10.0,518.47
1950,42,F,Secundaria,Norte,3371.02,5144.29,654.0,7.0,12003.25
1951,24,M,Postgrado,Centro,,5329.48,623.0,2.0,8423.61
1952,69,F,Secundaria,Sur,,1690.35,511.0,5.0,
1953,21,F,Secundaria,Centro,747.1,1497.11,495.0,7.0,4087.89
1954,25,F,Universitario,Centro,2832.74,4851.49,648.0,4.0,10720.67
1955,37,F,Primaria,Norte,959.7,2549.81,549.0,,1101.23
1956,46,F,Secundaria,Norte,1876.32,3342.47,609.0,6.0,5998.5
1957,71,F,Primaria,Sur,1148.96,2270.57,,8.0,1941.55
1958,70,F,Primaria,Sur,1393.52,2485.3,524.0,8.0,3412.68
1959,68,M,Primaria,Centro,2796.29,4639.44,724.0,7.0,9440.42
1960,62,M,Primaria,Norte,,1215.35,,7.0,1413.74
1961,63,M,Secundaria,Sur,2655.39,5116.96,641.0,5.0,8655.22
1962,27,F,Universitario,Sur,2452.68,,621.0,5.0,10216.3
1963,60,M,Tecnico,Centro,1111.32,1492.7,518.0,8.0,3422.98
1964,51,F,Tecnico,Centro,4461.26,7630.11,789.0,4.0,20336.73
1965,74,F,Secundaria,Norte,4147.12,6494.19,661.0,7.0,13710.05
1966,43,M,Universitario,Norte,,3809.24,640.0,7.0,
1967,58,M,Universitario,Centro,2652.58,5131.87,682.0,12.0,11392.36
1968,66,F,Universitario,Norte,4393.81,8011.57,670.0,8.0,16725.73
1969,75,M,Universitario,,2353.82,3777.25,591.0,9.0,5496.84
1970,20,F,Secundaria,Sur,2218.22,4487.53,539.0,9.0,9181.56
1971,73,M,Tecnico,Occidente,1325.26,2596.35,504.0,8.0,2127.99
1972,23,F,Tecnico,Sur,3955.64,6204.11,705.0,6.0,13060.27
1973,22,M,Tecnico,Sur,2037.6,3046.73,582.0,4.0,10238.88
1974,22,F,Secundaria,Centro,2021.32,2509.02,611.0,6.0,4693.39
1975,71,F,Primaria,Norte,,3927.94,653.0,5.0,10707.87
1976,64,M,Primaria,Centro,1811.04,2724.84,582.0,8.0,4244.1
1977,40,M,Universitario,Sur,2338.25,4025.71,574.0,10.0,4130.12
1978,66,M,Tecnico,Oriente,4091.64,8912.38,714.0,3.0,15995.95
1979,26,F,Secundaria,Oriente,2116.76,2501.71,,10.0,4636.8
1980,52,F,Secundaria,Centro,1421.32,1041.04,595.0,8.0,3447.19
1981,37,M,Tecnico,Centro,906.75,2828.43,394.0,5.0,3178.41
1982,75,M,Secundaria,Sur,1588.28,3280.48,518.0,2.0,2653.99
1983,66,F,Secundaria,,1238.76,3010.58,516.0,4.0,2696.41
1984,59,F,Primaria,Norte,,1982.87,484.0,8.0,2888.22
1985,52,F,Primaria,Sur,917.4,2202.14,415.0,10.0,1155.75
1986,67,M,Secundaria,Centro,1872.26,3269.22,592.0,2.0,4042.94
1987,35,F,Tecnico,Sur,1451.33,3305.82,524.0,10.0,
1988,34,F,Primaria,Centro,2246.29,4857.29,582.0,4.0,5033.59
1989,41,F,Secundaria,Sur,,4293.33,578.0,5.0,5978.18
1990,20,F,Tecnico,Oriente,1397.46,1991.85,,11.0,2840.75
1991,49,F,Universitario,Occidente,2444.76,4474.43,646.0,6.0,8327.65
1992,52,F,Secundaria,Occidente,1924.43,2697.17,551.0,10.0,9277.87
1993,55,M,Universitario,Sur,1252.61,2697.13,549.0,,7830.29
1994,30,F,Postgrado,Centro,3980.46,7436.3,668.0,10.0,12849.87
1995,73,M,Universitario,Centro,1180.75,850.96,520.0,12.0,3013.46
1996,64,M,Universitario,Norte,4999.82,9366.96,695.0,7.0,19111.64
1997,42,M,Tecnico,Norte,1522.9,3090.0,,7.0,3629.4
1998,26,F,Secundaria,Norte,2330.55,4649.03,650.0,3.0,7922.54
1999,21,M,Tecnico,Sur,1031.45,1893.69,535.0,8.0,
2000,31,M,Tecnico,Centro,,4559.34,,5.0,10684.41
2001,54,M,Secundaria,Norte,906.36,1882.91,489.0,9.0,500.0
2002,51,M,Secundaria,Sur,1338.31,1696.36,506.0,8.0,3473.61
2003,28,M,Tecnico,Sur,2707.3,5378.04,,6.0,9454.66
2004,58,F,Postgrado,Oriente,4496.54,7331.54,649.0,6.0,11414.92
2005,73,F,Secundaria,Sur,,2843.32,579.0,8.0,6635.44
2006,20,M,Secundaria,Norte,1224.57,2373.3,528.0,9.0,5372.51
2007,45,F,Tecnico,Norte,1131.85,,509.0,9.0,5158.88
2008,46,F,Primaria,Oriente,1720.08,2562.11,548.0,6.0,6204.94
2009,26,M,Tecnico,Norte,1153.0,1824.74,547.0,6.0,2630.21
2010,20,F,Primaria,Sur,868.19,2622.39,434.0,8.0,500.0
2011,42,F,Secundaria,Centro,2853.25,4963.47,638.0,5.0,11485.92
2012,51,M,Tecnico,Occidente,2378.11,5821.36,711.0,7.0,8163.43
2013,29,M,Primaria,Sur,,0.0,500.0,11.0,500.0
2014,59,F,Secundaria,Sur,1543.79,3156.2,538.0,9.0,7129.5
2015,26,F,Secundaria,Centro,1353.87,,580.0,7.0,6005.82
2016,32,M,Secundaria,Occidente,1243.14,1501.47,496.0,10.0,2312.17
2017,57,F,Tecnico,Sur,1588.4,2787.08,,5.0,5070.77
2018,42,M,Tecnico,Norte,,5758.17,725.0,7.0,11803.23
2019,22,F,Secundaria,Sur,3537.56,7237.15,646.0,3.0,10035.71
2020,28,F,Secundaria,Centro,1431.93,1423.89,571.0,8.0,2869.13
2021,51,M,Primaria,Norte,,3871.47,529.0,7.0,500.0
2022,41,F,Universitario,Centro,,815.43,508.0,8.0,5225.5
2023,32,F,Primaria,Oriente,2523.59,4881.48,644.0,5.0,6448.23
2024,55,M,Universitario,Sur,1831.43,2597.71,603.0,3.0,3738.37
2025,25,F,Tecnico,Sur,1439.12,2972.0,486.0,8.0,2609.01
2026,22,F,Tecnico,Sur,2469.3,3915.75,600.0,11.0,5022.13
2027,65,M,Tecnico,Sur,2136.63,4922.76,558.0,14.0,4993.28
2028,43,F,Universitario,Centro,3081.24,5626.67,581.0,9.0,12014.53
2029,35,M,Postgrado,Centro,4421.37,7622.92,682.0,6.0,16233.28
2030,23,M,Tecnico,Norte,,2212.37,,3.0,4836.74
2031,54,M,Primaria,Norte,1828.9,3602.31,620.0,8.0,5554.09
2032,65,M,Universitario,Occidente,1164.48,2456.36,,8.0,
2033,30,F,Primaria,Oriente,2447.56,4115.2,,7.0,6052.54
2034,45,M,Universitario,Centro,2226.2,4030.66,,11.0,6689.8
2035,22,F,Tecnico,Centro,2562.96,4839.34,587.0,7.0,7421.45
2036,30,M,Universitario,Occidente,2926.77,5781.09,580.0,9.0,9925.48
2037,34,F,Universitario,Centro,961.97,932.89,557.0,7.0,
2038,67,F,Primaria,Sur,1390.16,2133.82,542.0,8.0,5968.52
2039,57,F,Tecnico,Norte,716.65,1778.76,442.0,7.0,511.21
2040,62,M,Primaria,Sur,1558.97,2721.41,533.0,7.0,2783.68
2041,49,M,Primaria,Occidente,1342.48,915.19,499.0,5.0,3192.4
2042,46,M,Secundaria,Occidente,850.71,2805.04,,2.0,
2043,68,F,Primaria,Sur,,3150.48,559.0,10.0,1064.72
2044,75,M,Universitario,Sur,2065.57,2318.86,621.0,,7021.73
2045,20,F,Postgrado,,2934.65,4757.01,562.0,8.0,10305.03
2046,73,F,Tecnico,Norte,596.7,2332.15,507.0,7.0,1338.51
2047,57,M,Secundaria,Norte,885.26,1957.96,479.0,6.0,
2048,51,F,Universitario,Occidente,1715.29,1933.66,585.0,7.0,
2049,57,F,Universitario,Centro,1482.39,1101.4,584.0,4.0,3908.96
2050,44,F,Universitario,Centro,1903.41,2016.03,569.0,,5296.98
2051,30,M,Tecnico,Sur,1299.56,1946.74,547.0,5.0,2656.79
2052,62,M,Universitario,Occidente,2859.4,5682.01,649.0,8.0,9092.92
2053,50,M,Primaria,Sur,,0.0,382.0,10.0,500.0
2054,23,F,Universitario,Sur,5666.49,10655.51,715.0,6.0,
2055,41,F,Postgrado,Sur,2498.73,3794.91,597.0,8.0,
2056,36,M,Universitario,Oriente,2067.55,2235.23,559.0,8.0,5668.95
2057,33,F,Secundaria,Sur,1926.73,3189.61,587.0,3.0,6250.32
2058,57,M,Universitario,Occidente,5407.65,11312.73,724.0,1.0,20406.48
2059,45,F,Secundaria,Sur,1158.29,3159.73,527.0,9.0,1210.78
2060,50,F,Tecnico,Centro,2495.12,4091.97,679.0,2.0,8784.27
2061,65,F,Universitario,Oriente,1856.31,3507.2,598.0,10.0,7172.86
2062,58,F,Primaria,Oriente,,2938.59,572.0,6.0,7035.7
2063,30,M,Secundaria,Norte,2005.53,2034.64,595.0,3.0,5605.19
2064,60,M,Universitario,Centro,1539.35,2283.61,,,7233.1
2065,62,F,Universitario,Occidente,3239.45,6341.84,,7.0,11547.93
2066,42,M,Universitario,Centro,1263.49,1332.85,596.0,10.0,2602.15
2067,70,M,Primaria,Sur,907.66,2490.48,510.0,8.0,5973.51
2068,59,F,Tecnico,Centro,1018.89,2725.44,507.0,5.0,1226.42
2069,53,M,Primaria,Centro,1227.38,1848.47,515.0,8.0,1732.91
2070,44,F,Universitario,Oriente,3778.57,6890.29,,4.0,14379.88
2071,55,F,Secundaria,Centro,880.12,2625.76,417.0,5.0,1572.9
2072,24,F,Universitario,Centro,2774.34,5284.23,635.0,7.0,7319.98
2073,22,F,Secundaria,Norte,1293.1,3494.89,560.0,6.0,2790.96
2074,60,F,Postgrado,Occidente,2154.3,2474.2,,7.0,9126.54
2075,62,F,Tecnico,Occidente,1548.45,2321.8,543.0,8.0,6825.47
2076,75,F,Tecnico,Oriente,2489.36,4218.67,,4.0,5739.51
2077,74,M,Secundaria,Sur,2436.24,5380.19,629.0,5.0,7683.53
2078,68,F,Universitario,Sur,2899.49,5219.8,670.0,9.0,9504.6
2079,48,F,Secundaria,Occidente,1493.68,2098.25,592.0,6.0,4847.4
2080,40,M,Primaria,Oriente,1208.48,2086.36,445.0,7.0,3243.24
2081,59,M,Tecnico,Oriente,1339.38,2826.86,,8.0,2729.35
2082,27,F,Universitario,Centro,2434.45,4129.6,641.0,7.0,8086.96
2083,49,M,Secundaria,Centro,,2083.99,422.0,5.0,4211.88
2084,60,F,Secundaria,Oriente,1473.54,2745.53,546.0,8.0,3785.67
2085,70,F,Tecnico,Centro,4083.38,7108.36,721.0,5.0,16323.12
2086,47,M,Universitario,Centro,1990.61,4526.31,587.0,8.0,7770.07
2087,56,F,Secundaria,Sur,2554.67,5749.39,629.0,9.0,9580.76
2088,48,M,Universitario,Centro,3286.54,6850.6,611.0,4.0,10839.87
2089,35,F,Universitario,Oriente,4523.43,7497.04,,3.0,13812.72
2090,53,M,Secundaria,Norte,,1628.8,,9.0,1699.89
2091,19,F,Secundaria,Oriente,1551.77,3594.48,,9.0,3509.14
2092,31,M,Tecnico,Norte,2295.97,3216.76,591.0,12.0,
2093,30,M,Postgrado,Occidente,4617.82,8044.22,739.0,7.0,18637.17
2094,46,M,Tecnico,Centro,3117.1,,651.0,6.0,7802.85
2095,29,M,Secundaria,Oriente,2000.82,4365.8,585.0,4.0,4301.54
2096,56,F,Primaria,Sur,1372.6,2050.57,599.0,4.0,5284.88
2097,19,M,Secundaria,Norte,930.79,805.11,,7.0,500.0
2098,49,F,Tecnico,Sur,775.6,2436.06,369.0,9.0,754.75
2099,30,F,Secundaria,Occidente,2677.51,5269.55,661.0,11.0,7826.75
2100,63,F,Secundaria,Norte,1189.4,2169.89,514.0,,500.0
2101,44,F,Primaria,,1029.76,1212.14,519.0,10.0,
2102,66,F,Secundaria,Centro,2362.93,4829.1,620.0,3.0,8070.07
2103,58,M,Primaria,Centro,1228.13,1381.96,547.0,8.0,
2104,34,M,Primaria,Occidente,702.11,540.34,,11.0,500.0
2105,57,F,Universitario,Centro,1146.76,,561.0,4.0,1984.26
2106,48,F,Secundaria,Sur,1292.51,3118.13,549.0,8.0,
2107,51,F,Tecnico,,1914.06,3559.33,,13.0,4825.68
2108,41,M,Primaria,Norte,1714.86,2796.85,547.0,,3491.57
2109,62,M,Secundaria,,,3364.44,571.0,9.0,3734.84
2110,52,M,Secundaria,Centro,1544.47,1855.88,501.0,11.0,3622.51
2111,65,F,Primaria,Sur,,487.05,432.0,20.0,500.0
2112,23,F,Primaria,Norte,1846.7,4193.34,601.0,6.0,4193.28
2113,36,M,Universitario,Oriente,9208.58,15629.86,790.0,4.0,37021.29
2114,47,M,Primaria,Sur,2177.88,,595.0,5.0,4203.95
2115,24,F,Primaria,Norte,1997.05,2804.87,632.0,3.0,8602.19
2116,27,F,Universitario,Norte,2722.14,5769.92,561.0,7.0,5280.85
2117,58,M,Secundaria,Norte,,2456.17,538.0,9.0,4100.21
2118,49,F,Universitario,Centro,1652.13,1802.97,558.0,7.0,5698.17
2119,51,F,Primaria,Centro,1643.77,,,9.0,3876.79
2120,45,F,Secundaria,Occidente,,2867.59,566.0,9.0,6977.03
2121,32,F,Tecnico,Occidente,1157.13,2592.07,493.0,5.0,2903.74
2122,47,M,Postgrado,Oriente,4091.76,6386.63,642.0,8.0,12861.0
2123,54,M,Primaria,Centro,,2688.81,,7.0,2032.37
2124,46,F,Secundaria,Centro,1890.47,3237.44,604.0,4.0,7069.31
2125,39,M,Primaria,Occidente,,2599.08,517.0,8.0,2194.41
2126,21,F,Secundaria,Sur,1729.84,1771.57,,11.0,3856.85
2127,37,F,Universitario,Centro,990.85,2497.46,505.0,9.0,3485.73
2128,49,F,Primaria,Centro,2766.16,6216.28,,,7668.23
2129,53,M,Universitario,Centro,4639.1,9534.64,754.0,4.0,
2130,67,M,Primaria,Sur,1251.58,2304.12,,8.0,
2131,21,F,Universitario,Occidente,1353.65,797.5,460.0,12.0,2542.55
2132,44,M,Tecnico,Norte,2329.97,3904.05,600.0,,7217.31
2133,34,F,Universitario,Norte,1224.31,2418.53,,5.0,1155.49
2134,29,F,Primaria,Centro,,4586.56,576.0,8.0,4428.49
2135,39,M,Universitario,Centro,2220.16,2759.91,590.0,5.0,6091.41
2136,34,F,Tecnico,Sur,1355.51,3008.94,527.0,6.0,2973.98
2137,27,M,Tecnico,Sur,2272.94,4708.16,590.0,4.0,6930.19
2138,71,M,Universitario,Centro,2055.41,4318.69,593.0,4.0,5898.98
2139,18,F,Tecnico,Sur,1512.81,2149.4,568.0,4.0,4164.32
2140,39,F,Universitario,Centro,1670.46,1847.61,556.0,9.0,5201.18
2141,43,M,Secundaria,Sur,1992.53,3195.52,599.0,6.0,4518.56
2142,73,F,Tecnico,Sur,2195.02,4894.29,644.0,2.0,6726.61
2143,35,F,Universitario,Centro,3799.63,6064.69,647.0,7.0,12854.32
2144,67,M,Secundaria,Sur,,669.92,470.0,8.0,
2145,31,M,Secundaria,Centro,849.15,679.87,477.0,7.0,2569.36
2146,64,F,Postgrado,Centro,2729.61,4577.26,582.0,,6484.47
2147,46,M,Secundaria,Centro,2494.44,4821.94,534.0,3.0,7809.28
2148,29,F,Secundaria,Centro,770.2,1928.1,463.0,,500.0
2149,53,F,Secundaria,Oriente,1046.35,873.86,464.0,8.0,
2150,52,F,Universitario,Centro,4640.76,9162.97,764.0,7.0,16729.54
2151,69,M,Postgrado,Sur,4414.3,8867.99,727.0,5.0,17566.32
2152,29,M,Postgrado,Occidente,5231.94,9188.91,664.0,6.0,14482.06
2153,24,M,Tecnico,Centro,1667.51,1892.23,,13.0,3404.45
2154,46,F,Secundaria,Norte,3352.63,,609.0,6.0,12148.5
2155,28,F,Secundaria,Norte,759.69,1667.53,463.0,9.0,2072.56
2156,50,F,Primaria,Norte,1107.58,3516.64,500.0,8.0,
2157,23,F,Primaria,Norte,1011.42,669.16,520.0,6.0,
2158,64,M,Primaria,Oriente,,2217.47,,14.0,4841.34
2159,32,F,Universitario,Centro,1338.1,,550.0,9.0,8302.63
2160,49,F,Universitario,Sur,3124.83,5996.71,664.0,6.0,8081.48
2161,68,M,Tecnico,Norte,1091.33,216.36,566.0,7.0,5641.79
2162,28,M,Postgrado,Centro,1763.05,1502.95,575.0,7.0,6211.21
2163,75,F,Postgrado,Centro,1095.11,3409.21,483.0,8.0,
2164,40,F,Tecnico,Centro,,1820.09,581.0,10.0,
2165,43,M,Secundaria,Norte,1606.63,3273.81,549.0,9.0,7234.63
2166,51,F,Primaria,Sur,1391.53,1464.52,526.0,6.0,3795.27
2167,63,M,Secundaria,Sur,1413.28,2088.74,553.0,4.0,4362.11
2168,51,M,Primaria,Norte,,2390.74,535.0,8.0,1542.4
2169,46,F,Secundaria,Oriente,,2494.99,570.0,6.0,5129.53
2170,21,F,Postgrado,Centro,2336.67,3845.93,627.0,10.0,9120.91
2171,34,F,Secundaria,Centro,,7340.05,704.0,8.0,15407.23
2172,52,M,Primaria,Oriente,,1223.41,474.0,8.0,1182.29
2173,30,M,Tecnico,Occidente,1240.61,3034.11,,10.0,1574.46
2174,58,M,Tecnico,Oriente,1857.66,3000.14,,11.0,3430.79
2175,56,M,Secundaria,Norte,,1931.03,394.0,4.0,2248.2
2176,32,M,Secundaria,Occidente,1502.26,4303.25,546.0,8.0,3975.53
2177,72,M,Postgrado,Sur,1673.54,3138.56,576.0,8.0,4798.75
2178,46,M,Secundaria,Sur,1599.58,3433.69,647.0,4.0,3064.49
2179,46,M,Universitario,Occidente,1981.98,2169.81,550.0,5.0,
2180,28,F,Secundaria,Oriente,1043.67,1995.97,538.0,6.0,865.42
2181,69,M,Secundaria,Sur,,2659.29,556.0,5.0,2267.14
2182,49,M,Secundaria,Oriente,1192.95,,508.0,13.0,992.08
2183,19,F,Universitario,Centro,1912.55,3225.99,501.0,,5334.14
2184,64,M,Universitario,Sur,3538.15,6136.47,680.0,9.0,11543.91
2185,31,F,Secundaria,Norte,3299.5,5050.86,662.0,11.0,12097.65
2186,37,M,Primaria,Occidente,352.07,227.52,379.0,7.0,500.0
2187,39,M,Primaria,,1075.31,3625.89,571.0,4.0,3641.77
2188,28,M,Universitario,Oriente,1311.14,2377.9,573.0,3.0,3987.71
2189,44,M,Secundaria,Centro,1292.46,2576.28,524.0,7.0,
2190,20,F,Primaria,Oriente,1376.95,3987.04,576.0,4.0,4334.18
2191,34,F,Secundaria,Centro,4325.27,5794.31,738.0,10.0,16901.34
2192,61,M,Secundaria,Sur,1346.98,4147.78,515.0,9.0,4882.9
2193,73,M,Universitario,Oriente,2701.85,,598.0,5.0,10223.98
2194,45,F,Tecnico,Norte,,1176.45,,10.0,4704.89
2195,46,M,Primaria,Centro,783.55,418.17,,12.0,2396.31
2196,38,F,Primaria,Sur,754.94,1996.94,448.0,15.0,
2197,64,M,Secundaria,Centro,1133.97,2661.59,490.0,9.0,609.74
2198,33,F,Primaria,Centro,952.63,2062.33,526.0,11.0,3045.38
2199,54,M,Universitario,Centro,4661.05,7631.85,688.0,10.0,16637.61
2200,37,M,Secundaria,Centro,1271.8,2476.95,485.0,7.0,3246.3
2201,23,F,Secundaria,Oriente,1854.72,2822.88,633.0,7.0,7034.5
2202,36,F,Secundaria,Occidente,1693.13,2828.91,607.0,10.0,4498.32
2203,74,M,Tecnico,Oriente,2939.32,4501.78,625.0,10.0,6797.38
2204,22,F,Tecnico,Norte,735.12,780.97,,7.0,3231.28
2205,20,F,Universitario,Oriente,2680.89,3142.43,615.0,3.0,8338.76
2206,18,M,Tecnico,Sur,1902.76,4627.62,602.0,10.0,3672.23
2207,75,F,Universitario,Oriente,2445.59,3727.08,672.0,4.0,8801.66
2208,55,M,Tecnico,Centro,2998.52,6494.79,604.0,9.0,9054.46
2209,32,F,Secundaria,Norte,1393.53,2144.6,472.0,4.0,2785.26
2210,51,F,Primaria,Sur,1815.06,2791.3,571.0,7.0,4931.66
2211,52,M,Universitario,Centro,2643.79,3089.24,587.0,7.0,6362.77
2212,66,M,Postgrado,Occidente,3865.78,8482.76,672.0,8.0,12318.33
2213,42,M,Universitario,,2768.85,5823.45,609.0,5.0,7280.54
2214,41,M,Universitario,Centro,2191.22,3187.0,,9.0,7837.22
2215,29,F,Secundaria,Oriente,2956.36,6057.46,706.0,6.0,9462.69
2216,35,M,Tecnico,Centro,2882.28,6044.7,642.0,2.0,11167.85
2217,32,M,Postgrado,Norte,3151.55,5835.79,682.0,9.0,10233.37
2218,61,F,Universitario,Centro,2690.92,4982.51,547.0,6.0,7200.37
2219,33,F,Secundaria,Centro,1830.67,3285.07,545.0,5.0,3899.22
2220,44,M,Secundaria,Norte,2169.76,,574.0,8.0,5310.1
2221,25,F,Secundaria,Centro,2997.44,5073.88,679.0,5.0,11051.94
2222,63,F,Secundaria,Norte,2350.86,3458.21,686.0,7.0,7548.18
2223,42,F,Secundaria,Norte,1387.71,3324.9,492.0,5.0,5281.41
2224,34,F,Tecnico,Oriente,1227.12,3536.46,527.0,6.0,4225.32
2225,46,F,Primaria,Norte,,3694.73,635.0,6.0,8643.88
2226,70,M,Universitario,Centro,,4776.12,620.0,12.0,6619.4
2227,25,M,Universitario,Centro,1491.67,2328.41,513.0,10.0,5564.37
2228,32,F,Universitario,Norte,3456.44,6505.25,679.0,6.0,15069.76
2229,44,F,Universitario,Occidente,4770.63,9034.26,636.0,6.0,13822.88
2230,63,F,Tecnico,Sur,1881.84,3503.46,506.0,5.0,4226.4
2231,67,F,Universitario,Oriente,5100.08,8604.33,590.0,3.0,13783.95
2232,69,F,Secundaria,Centro,2231.82,4954.83,640.0,4.0,
2233,24,F,Postgrado,Oriente,1890.97,3504.45,631.0,4.0,5175.65
2234,20,F,Secundaria,Occidente,1736.61,3494.79,564.0,10.0,6102.15
2235,46,F,Universitario,Centro,1090.88,279.6,549.0,7.0,2637.34
2236,61,M,Secundaria,,,3112.95,497.0,9.0,3650.88
2237,70,M,Primaria,Sur,799.05,2006.64,,4.0,3705.92
2238,41,F,Secundaria,Occidente,1633.48,1951.97,,6.0,5087.09
2239,75,M,Tecnico,Centro,2602.38,3286.73,600.0,7.0,6480.17
2240,20,F,Secundaria,Sur,1101.94,2888.68,517.0,15.0,2477.32
2241,37,M,Tecnico,Norte,,6969.97,744.0,3.0,14116.53
2242,63,F,Universitario,Occidente,1652.14,3134.49,606.0,8.0,3845.97
2243,32,F,Secundaria,Sur,562.04,1333.34,404.0,6.0,1604.48
2244,42,F,Tecnico,Occidente,1777.97,3407.34,549.0,11.0,7548.17
2245,47,M,Secundaria,,2801.91,2661.78,653.0,2.0,9401.19
2246,31,F,Tecnico,Sur,1745.58,2816.73,591.0,9.0,3971.32
2247,24,F,Tecnico,Sur,1330.38,2280.13,497.0,7.0,1251.5
2248,34,M,Secundaria,Sur,703.52,1395.54,524.0,7.0,782.25
2249,61,F,Postgrado,Centro,2649.14,4789.58,631.0,9.0,8782.33
2250,37,M,Tecnico,Centro,1066.73,1575.99,549.0,10.0,4428.77
2251,53,M,Universitario,Norte,2738.09,5633.39,622.0,6.0,6261.68
2252,26,M,Universitario,Centro,2696.27,4625.41,713.0,5.0,7870.97
2253,55,F,Universitario,Occidente,1607.12,3040.6,578.0,11.0,5024.46
2254,65,M,Primaria,Centro,1083.89,3227.53,440.0,10.0,500.0
2255,74,F,Secundaria,Oriente,3059.17,4355.76,622.0,14.0,10337.32
2256,39,M,Secundaria,Norte,1231.87,403.94,541.0,8.0,5372.54
2257,71,M,Universitario,Centro,2072.34,4004.5,664.0,8.0,6532.32
2258,70,F,Secundaria,Norte,1722.6,3570.36,584.0,11.0,6110.35
2259,70,F,Postgrado,Centro,1847.63,5067.63,538.0,9.0,3693.55
2260,19,F,Primaria,Norte,1757.68,3189.55,561.0,11.0,
2261,41,M,Primaria,Sur,995.14,1650.35,511.0,5.0,2992.19
2262,25,M,Primaria,Sur,689.19,819.55,480.0,5.0,1389.53
2263,28,F,Tecnico,Oriente,2230.55,4883.01,658.0,5.0,8177.97
2264,30,F,Universitario,Sur,1882.73,3796.18,628.0,8.0,8083.42
2265,34,M,Secundaria,Occidente,996.13,2449.6,492.0,9.0,1642.98
2266,25,M,Tecnico,Oriente,1798.68,3458.95,,10.0,2683.79
2267,38,F,Primaria,Norte,1912.44,4128.14,620.0,9.0,4807.15
2268,35,M,Tecnico,Centro,1476.62,,526.0,6.0,2351.22
2269,47,F,Primaria,Norte,785.44,1890.47,533.0,9.0,
2270,35,M,Secundaria,Centro,538.82,538.13,451.0,13.0,
2271,63,M,Tecnico,Sur,976.81,985.44,,10.0,
2272,64,F,Tecnico,Occidente,,2847.09,,5.0,5484.98
2273,48,M,Primaria,Sur,674.64,2425.12,470.0,8.0,500.0
2274,55,M,Primaria,Oriente,899.3,1783.72,536.0,8.0,
2275,49,F,Tecnico,Centro,4348.31,6499.18,661.0,9.0,17136.02
2276,28,M,Universitario,Norte,4063.99,8737.16,638.0,6.0,13218.75
2277,62,M,Universitario,Oriente,1727.54,3478.63,488.0,8.0,7314.5
2278,42,F,Universitario,Centro,2555.62,4527.87,659.0,5.0,9304.99
2279,50,M,Postgrado,Occidente,2062.7,3578.71,584.0,2.0,10062.07
2280,55,M,Secundaria,Norte,3109.36,3752.95,745.0,5.0,11275.55
2281,58,M,Secundaria,Occidente,1598.76,2214.83,576.0,,5401.53
2282,25,F,Primaria,Oriente,1861.71,2675.27,587.0,8.0,8044.77
2283,28,F,Secundaria,Sur,1024.45,2343.93,550.0,14.0,839.42
2284,39,F,Tecnico,Occidente,3680.68,6456.01,,3.0,11882.12
2285,68,M,Universitario,Centro,2071.32,4600.91,583.0,,7311.77
2286,41,F,Secundaria,Norte,676.77,0.0,403.0,10.0,2291.85
2287,58,F,Secundaria,Norte,1432.1,4384.79,551.0,8.0,2880.22
2288,34,F,Tecnico,Centro,1301.44,3336.89,544.0,8.0,2971.65
2289,29,F,Tecnico,Centro,2758.76,5308.84,608.0,7.0,8811.6
2290,74,F,Secundaria,Occidente,1207.03,1895.45,,10.0,4635.43
2291,63,F,Universitario,Norte,3185.97,6365.73,,8.0,9147.72
2292,49,F,Primaria,Occidente,895.57,1682.95,516.0,5.0,500.0
2293,32,M,Universitario,Occidente,1608.99,2737.36,515.0,5.0,4619.35
2294,33,M,Postgrado,Oriente,3244.82,6438.46,684.0,8.0,11861.55
2295,71,M,Secundaria,Occidente,2015.89,4323.21,605.0,,7423.03
2296,39,M,Secundaria,Oriente,739.35,1614.87,465.0,8.0,1616.16
2297,45,M,Universitario,Sur,3659.66,6204.98,692.0,10.0,12891.1
2298,37,F,Secundaria,Sur,2265.78,3981.75,637.0,4.0,7683.74
2299,50,M,Primaria,Sur,1063.55,837.2,495.0,9.0,
2300,27,F,Universitario,,2139.34,2728.84,609.0,5.0,7893.19
2301,57,F,Secundaria,Norte,469.27,363.19,447.0,8.0,2195.87
2302,49,M,Secundaria,Sur,3424.83,6940.51,725.0,3.0,13157.12
2303,67,F,Tecnico,Norte,1635.32,3037.75,590.0,5.0,5553.96
2304,50,F,Secundaria,Occidente,2483.28,5232.67,606.0,4.0,7081.36
2305,19,M,Secundaria,Sur,1091.38,2997.68,576.0,5.0,500.0
2306,50,M,Tecnico,Centro,1832.03,3587.6,632.0,5.0,6361.15
2307,50,M,Secundaria,Norte,1929.34,2643.45,627.0,8.0,7074.59
2308,58,F,Tecnico,Centro,1511.39,3370.56,567.0,7.0,7214.4
2309,30,M,Postgrado,Centro,1594.11,1961.8,553.0,7.0,2246.7
2310,47,F,Universitario,Norte,2291.76,3697.17,548.0,8.0,8438.06
2311,50,F,Primaria,Occidente,645.44,2246.33,496.0,6.0,500.0
2312,30,M,Primaria,Centro,795.16,1427.21,342.0,8.0,1255.75
2313,69,F,Tecnico,Sur,1428.82,2940.82,560.0,,2836.57
2314,43,M,Tecnico,Norte,1870.07,1733.33,569.0,8.0,7562.86
2315,39,F,Universitario,Occidente,1787.59,2963.85,594.0,4.0,6669.79
2316,56,M,Tecnico,Sur,1069.31,2150.42,,10.0,3755.28
2317,19,F,Secundaria,Sur,1559.27,2882.96,554.0,4.0,
2318,55,M,Secundaria,Oriente,2064.69,4346.93,577.0,8.0,3133.65
2319,56,F,Universitario,Sur,1322.5,1873.64,542.0,5.0,4542.0
2320,43,M,Universitario,Norte,2427.12,5286.63,585.0,3.0,6332.29
2321,63,M,Secundaria,Centro,2193.14,3577.71,607.0,10.0,5672.81
2322,75,F,Tecnico,Centro,2008.1,3632.79,567.0,7.0,4779.65
2323,67,M,Primaria,Centro,730.84,525.4,537.0,,652.64
2324,32,F,Secundaria,Centro,1638.81,3392.75,496.0,4.0,2064.47
2325,51,F,Primaria,Oriente,,1592.54,488.0,9.0,2268.96
2326,59,M,Postgrado,Centro,3654.6,6788.85,659.0,5.0,11844.61
2327,72,M,Tecnico,Norte,1940.51,4144.73,575.0,6.0,6265.02
2328,61,M,Universitario,Occidente,1004.6,2546.92,536.0,6.0,2790.64
2329,66,F,Postgrado,Occidente,3198.79,7852.39,659.0,8.0,11026.47
2330,57,M,Secundaria,Occidente,2370.11,4271.94,587.0,8.0,8602.01
2331,28,M,Tecnico,Sur,3343.96,5771.86,639.0,,
2332,20,M,Universitario,Norte,3593.98,5966.53,685.0,6.0,13359.76
2333,23,M,Tecnico,Occidente,1754.0,3648.85,,5.0,2834.44
2334,26,F,Tecnico,Norte,2381.41,4184.34,564.0,5.0,5156.1
2335,23,M,Secundaria,Norte,1844.67,2644.98,559.0,5.0,4789.04
2336,26,F,Tecnico,Norte,1571.4,2127.26,,9.0,4621.82
2337,56,F,Secundaria,Sur,2587.2,5661.95,627.0,11.0,10967.8
2338,48,F,Secundaria,Norte,1135.31,2748.77,524.0,8.0,2609.12
2339,49,M,Primaria,Oriente,,3146.11,512.0,,3129.45
2340,58,F,Primaria,Norte,1859.0,2205.18,613.0,3.0,4238.22
2341,67,F,Primaria,Norte,834.07,1215.21,470.0,13.0,2983.91
2342,29,M,Secundaria,Centro,801.76,711.36,436.0,9.0,500.0
2343,25,M,Secundaria,Centro,937.44,1794.52,434.0,7.0,728.86
2344,25,M,Primaria,Occidente,1417.33,1918.82,,7.0,
2345,67,M,Primaria,Occidente,3442.6,7314.22,663.0,7.0,12404.34
2346,45,M,Universitario,Norte,4141.53,7169.11,670.0,9.0,13190.06
2347,37,F,Universitario,Occidente,3382.05,7572.84,591.0,5.0,10238.55
2348,64,M,Universitario,Sur,5069.88,9815.48,723.0,5.0,18828.19
2349,24,M,Universitario,Centro,2638.57,5473.1,621.0,4.0,10327.62
2350,28,F,Primaria,Oriente,884.24,2973.89,500.0,9.0,978.98
2351,37,M,Primaria,Occidente,,2137.29,504.0,4.0,4551.98
2352,33,F,Secundaria,Norte,1307.15,3027.29,,10.0,
2353,21,M,Universitario,Norte,1492.51,2938.14,538.0,4.0,3979.33
2354,23,F,Universitario,Centro,2104.75,3157.71,666.0,6.0,7265.07
2355,75,M,Secundaria,Norte,792.35,920.89,449.0,13.0,1381.74
2356,39,F,Primaria,Centro,1032.4,1696.95,487.0,9.0,
2357,43,F,Tecnico,Sur,1727.13,3468.51,533.0,6.0,4420.88
2358,20,M,Secundaria,Oriente,1328.39,2992.87,523.0,6.0,5693.04
2359,58,M,Tecnico,Centro,3962.36,7581.76,648.0,3.0,15140.71
2360,59,F,Postgrado,Centro,3734.93,7185.58,665.0,7.0,11754.23
2361,31,M,Tecnico,Oriente,,6795.84,717.0,4.0,14827.53
2362,28,F,Universitario,Centro,1259.31,492.58,551.0,14.0,1848.96
2363,35,F,Secundaria,Oriente,2195.93,4563.35,595.0,4.0,7616.94
2364,71,M,Tecnico,Occidente,2096.73,3136.02,601.0,12.0,6064.69
2365,29,M,Universitario,Occidente,2239.65,5755.89,632.0,4.0,7334.19
2366,40,M,Tecnico,Sur,988.05,2053.97,416.0,11.0,2705.59
2367,29,M,Tecnico,Centro,2045.42,4784.22,568.0,9.0,4007.38
2368,30,F,Tecnico,Norte,4893.67,7926.44,,11.0,18116.47
2369,42,F,Universitario,Oriente,2928.34,6174.36,670.0,3.0,10214.3
2370,62,M,Primaria,Occidente,1222.5,2772.97,519.0,9.0,2289.12
2371,68,M,Secundaria,Norte,1687.19,3338.73,,6.0,4196.45
2372,75,M,Secundaria,Norte,2084.53,2911.33,528.0,14.0,5375.21
2373,36,M,Universitario,Oriente,4794.27,8066.24,628.0,4.0,11808.22
2374,72,F,Postgrado,Norte,2961.57,5854.75,605.0,,10000.51
2375,63,M,Primaria,Norte,1359.11,1883.2,505.0,7.0,
2376,53,F,Primaria,Occidente,,1549.67,566.0,3.0,5000.12
2377,62,F,Universitario,Norte,2033.61,3256.11,539.0,6.0,6791.57
2378,25,F,Secundaria,Norte,1584.58,3254.24,520.0,8.0,5270.91
2379,46,M,Secundaria,Sur,3012.57,6559.76,667.0,9.0,7536.73
2380,72,F,Primaria,Oriente,948.45,2038.45,502.0,,3084.34
2381,70,F,Secundaria,Centro,1869.55,4340.89,604.0,12.0,1939.1
2382,72,F,Tecnico,Centro,2286.66,4003.26,613.0,4.0,4139.42
2383,49,M,Secundaria,Sur,1515.04,4358.01,598.0,6.0,7620.75
2384,68,M,Secundaria,Sur,1915.22,4512.17,,6.0,6062.62
2385,61,F,Universitario,Norte,2965.29,6053.11,603.0,7.0,9482.23
2386,35,M,Primaria,Norte,784.78,1778.24,437.0,7.0,591.07
2387,23,M,Primaria,Sur,1124.97,2342.28,512.0,10.0,
2388,35,F,Universitario,,2352.29,3041.62,610.0,8.0,8153.43
2389,36,M,Universitario,Oriente,1480.22,1434.04,586.0,6.0,3510.04
2390,39,M,Secundaria,Oriente,1532.26,3280.98,598.0,6.0,4493.31
2391,54,M,Secundaria,Oriente,1517.6,2789.8,596.0,6.0,4489.8
2392,49,F,Secundaria,Norte,3782.35,7257.88,669.0,3.0,11474.93
2393,73,M,Tecnico,Occidente,1318.8,1469.98,584.0,7.0,3000.4
2394,58,F,Primaria,Occidente,,4715.9,638.0,5.0,7289.38
2395,20,M,Secundaria,Sur,1776.72,3036.56,573.0,3.0,3717.56
2396,45,M,Primaria,Centro,1922.72,3765.03,519.0,12.0,5142.07
2397,27,F,Universitario,Sur,1625.09,,515.0,5.0,5368.78
2398,68,M,Secundaria,Sur,676.36,,437.0,8.0,929.47
2399,52,F,Tecnico,Centro,1750.13,5056.65,,13.0,4595.2
2400,46,M,Primaria,Sur,1711.95,4007.55,539.0,7.0,4086.61
2401,71,M,Primaria,Oriente,1098.5,1522.14,501.0,7.0,500.0
2402,32,M,Tecnico,Oriente,,2169.32,580.0,7.0,6008.78
2403,50,M,Universitario,Norte,5934.33,10965.64,734.0,12.0,22569.03
2404,24,F,Tecnico,Norte,1252.25,1989.73,499.0,11.0,2339.27
2405,29,F,Universitario,Sur,3548.82,5846.04,680.0,7.0,11204.89
2406,66,M,Primaria,,808.86,3045.95,499.0,9.0,760.8
2407,47,F,Tecnico,Sur,3052.18,3911.32,665.0,3.0,10018.28
2408,38,F,Secundaria,Oriente,1443.13,3165.69,545.0,6.0,3848.34
2409,48,M,Primaria,Norte,1513.64,4278.84,,3.0,3212.25
2410,75,M,Universitario,,1915.66,2520.35,592.0,8.0,4417.45
2411,41,F,Universitario,Occidente,2500.67,4167.65,607.0,8.0,7829.92
2412,37,F,Tecnico,Sur,1924.18,3200.51,608.0,10.0,8585.54
2413,54,F,Universitario,Occidente,1301.37,3630.14,572.0,,6113.9
2414,21,F,Postgrado,Sur,2535.3,4540.03,583.0,10.0,11662.45
2415,45,F,Primaria,Oriente,1362.25,4090.88,631.0,6.0,
2416,61,M,Postgrado,,2440.5,5074.35,579.0,9.0,8407.86
2417,37,M,Tecnico,Norte,1929.91,3192.03,581.0,5.0,6803.29
2418,41,M,Universitario,Norte,2205.31,3066.89,627.0,8.0,7393.32
2419,67,F,Tecnico,Centro,2469.62,3636.58,636.0,4.0,
2420,66,F,Tecnico,Centro,1748.76,3677.89,539.0,8.0,4101.16
2421,68,F,Tecnico,Oriente,5528.27,12006.4,731.0,8.0,18207.0
2422,49,F,Secundaria,Occidente,627.27,750.38,505.0,8.0,792.98
2423,58,F,Universitario,Sur,1733.88,2607.36,566.0,13.0,6562.42
2424,53,F,Primaria,,1664.64,3520.25,511.0,6.0,4515.95
2425,75,M,Secundaria,Occidente,1737.99,,524.0,7.0,5028.39
2426,70,F,Primaria,Sur,1542.03,2404.15,607.0,12.0,4236.23
2427,51,F,Secundaria,Oriente,360.83,1891.53,381.0,10.0,597.18
2428,53,M,Secundaria,Occidente,1412.95,3766.23,544.0,8.0,1869.54
2429,19,F,Primaria,Occidente,,2298.14,520.0,7.0,3083.17
2430,32,F,Secundaria,Sur,,2961.26,478.0,6.0,4016.71
2431,51,M,Secundaria,Oriente,1792.75,3537.42,619.0,7.0,8303.9
2432,53,M,Primaria,Sur,1234.09,3041.16,599.0,6.0,3870.53
2433,23,F,Secundaria,Centro,1379.92,3561.43,517.0,11.0,4512.9
2434,56,F,Postgrado,Sur,1925.22,4365.06,584.0,5.0,8134.26
2435,59,F,Primaria,Centro,,538.14,579.0,9.0,4874.18
2436,68,M,Secundaria,Centro,1493.01,3080.91,538.0,11.0,4711.62
2437,68,M,Primaria,Oriente,,2487.61,553.0,7.0,4400.47
2438,75,M,Primaria,Centro,,3028.86,558.0,9.0,5106.51
2439,71,M,Tecnico,Sur,1619.64,3202.15,620.0,8.0,1808.83
2440,29,M,Secundaria,Oriente,762.59,1407.29,413.0,7.0,2374.26
2441,20,F,Secundaria,Occidente,1929.76,3239.01,,7.0,5321.42
2442,62,M,Primaria,Centro,2898.01,4581.53,662.0,8.0,6522.94
2443,35,M,Tecnico,Occidente,2012.4,3116.11,617.0,6.0,7060.51
2444,57,M,Universitario,Occidente,2824.2,6188.59,635.0,8.0,10301.87
2445,38,M,Secundaria,Sur,2924.23,5835.35,602.0,6.0,8017.39
2446,32,F,Primaria,Oriente,2771.83,5650.1,,10.0,7216.45
2447,50,F,Primaria,Centro,1127.02,1574.3,492.0,6.0,4342.06
2448,52,F,Tecnico,Occidente,1327.11,2816.43,511.0,10.0,4372.13
2449,43,M,Primaria,Sur,1464.31,4108.38,530.0,9.0,721.97
2450,25,M,Secundaria,Centro,1557.26,2914.07,542.0,6.0,5285.85
2451,53,M,Primaria,Centro,,4044.41,534.0,5.0,8128.82
2452,65,M,Primaria,Sur,1257.4,1858.99,492.0,7.0,4283.74
2453,47,F,Primaria,Centro,1255.28,1948.32,509.0,9.0,6937.57
2454,40,M,Secundaria,Oriente,970.49,1975.53,508.0,6.0,2324.71
2455,59,F,Primaria,Centro,1965.19,2981.19,566.0,8.0,5385.53
2456,61,M,Secundaria,Sur,1170.02,1508.63,538.0,8.0,4001.73
2457,31,F,Tecnico,Sur,1029.94,1718.8,566.0,8.0,4970.54
2458,31,F,Secundaria,Occidente,445.12,964.42,405.0,11.0,2410.71
2459,19,F,Tecnico,Oriente,1642.98,2467.4,621.0,5.0,4540.68
2460,72,F,Universitario,,1847.75,3463.44,635.0,7.0,5907.0
2461,54,F,Tecnico,Occidente,1659.8,2090.14,589.0,8.0,6221.74
2462,22,F,Universitario,Sur,1851.46,3463.98,554.0,9.0,5634.42
2463,55,M,Secundaria,Oriente,,835.94,526.0,9.0,3967.58
2464,62,M,Secundaria,Centro,1077.1,2804.0,548.0,8.0,4806.69
2465,58,F,Tecnico,Oriente,1327.08,1145.9,541.0,12.0,2137.89
2466,71,F,Tecnico,Centro,1242.33,3480.51,,6.0,5034.2
2467,64,M,Secundaria,Occidente,1433.49,2923.04,538.0,9.0,2880.87
2468,31,M,Primaria,Centro,701.69,1735.6,446.0,8.0,2446.08
2469,73,F,Tecnico,Norte,3366.37,,,5.0,12590.2
2470,56,M,Universitario,Norte,2457.92,4858.38,582.0,7.0,8437.58
2471,42,M,Secundaria,Norte,752.17,1504.26,545.0,11.0,2621.4
2472,37,M,Postgrado,Centro,3609.59,5576.31,579.0,8.0,11644.54
2473,19,F,Secundaria,Sur,,2337.95,450.0,4.0,2018.0
2474,56,M,Primaria,Occidente,1974.8,2888.07,,4.0,7052.59
2475,23,F,Secundaria,Centro,1096.38,3845.44,436.0,7.0,2386.78
2476,34,M,Secundaria,Norte,2765.59,4351.34,603.0,9.0,7652.13
2477,42,F,Tecnico,Oriente,2824.52,3789.97,618.0,8.0,8813.45
2478,74,F,Secundaria,Norte,,16134.39,768.0,6.0,32313.48
2479,45,M,Tecnico,Occidente,1893.12,4030.93,500.0,7.0,6517.34
2480,19,F,Primaria,Centro,,3178.08,621.0,10.0,
2481,52,M,Secundaria,Sur,1539.33,2328.57,534.0,6.0,7092.74
2482,54,M,Secundaria,Norte,1596.5,2925.28,571.0,12.0,6343.42
2483,22,F,Postgrado,Norte,5524.54,9818.15,684.0,3.0,18040.67
2484,18,M,Secundaria,Oriente,2024.46,4358.29,584.0,8.0,
2485,57,F,Universitario,Centro,2372.31,3795.96,628.0,10.0,7820.18
2486,29,M,Secundaria,Occidente,2650.0,4368.13,651.0,5.0,9040.58
2487,73,M,Primaria,Sur,1999.56,4176.87,529.0,8.0,5202.94
2488,53,M,Secundaria,Oriente,3089.67,6624.41,723.0,,11355.08
2489,62,F,Secundaria,Occidente,,4553.57,535.0,8.0,8069.22
2490,40,M,Postgrado,Centro,2805.56,,644.0,4.0,6283.92
2491,64,F,Tecnico,Oriente,1527.63,3581.33,571.0,,3827.92
2492,48,M,Universitario,Norte,2006.62,2877.23,563.0,4.0,8150.66
2493,28,M,Universitario,Sur,,5751.16,648.0,11.0,9441.47
2494,27,F,Tecnico,Oriente,3198.69,4385.9,655.0,6.0,12737.61
2495,20,F,Tecnico,Centro,2774.18,6642.02,592.0,6.0,7020.9
2496,71,M,Tecnico,Norte,1001.46,1998.89,397.0,15.0,2316.04
2497,31,F,Tecnico,Sur,1277.62,3028.72,506.0,12.0,500.0
2498,33,M,Secundaria,Occidente,2005.11,3292.61,662.0,4.0,5801.02
2499,27,F,Secundaria,Occidente,2532.38,4161.79,575.0,5.0,7750.54
2500,46,F,Tecnico,Oriente,2085.43,3669.34,574.0,3.0,6784.42
2501,27,F,Primaria,Centro,,4031.12,585.0,10.0,5382.96
2502,29,F,Secundaria,Occidente,624.62,3017.29,,5.0,
2503,47,M,Universitario,Occidente,2207.27,4290.89,543.0,4.0,8140.35
2504,58,F,Secundaria,Centro,2929.79,5815.31,679.0,,10357.04
2505,18,F,Tecnico,Norte,1998.88,,595.0,7.0,6982.78
2506,22,M,Secundaria,Occidente,1003.64,1870.46,,11.0,500.0
2507,37,M,Universitario,Occidente,3392.85,6651.29,610.0,9.0,9026.76
2508,25,F,Secundaria,Norte,1543.23,2749.76,522.0,7.0,3830.87
2509,60,F,Postgrado,Occidente,2777.65,6121.36,658.0,6.0,8584.58
2510,29,M,Postgrado,Sur,1586.29,2196.18,,3.0,5034.34
2511,18,F,Universitario,Occidente,3129.8,6606.59,,6.0,12793.19
2512,74,F,Primaria,Centro,,2344.12,497.0,8.0,4217.18
2513,71,M,Secundaria,Sur,4160.99,9156.69,774.0,3.0,17054.46
2514,37,M,Postgrado,Centro,1466.07,1243.01,,4.0,3258.89
2515,45,F,Universitario,Occidente,2476.17,5320.76,568.0,6.0,4606.73
2516,74,M,Universitario,Centro,3580.68,5914.19,743.0,8.0,12783.4
2517,60,M,Tecnico,Oriente,1180.21,2840.66,513.0,6.0,3705.69
2518,54,F,Secundaria,Norte,1116.56,2720.38,544.0,5.0,2394.01
2519,64,F,Primaria,Oriente,1836.89,2622.17,573.0,5.0,3449.74
2520,54,F,Universitario,Centro,1602.75,3456.07,492.0,7.0,5142.24
2521,29,F,Universitario,Norte,5553.68,9726.5,721.0,3.0,20354.61
2522,54,M,Primaria,Centro,1260.41,1715.67,584.0,6.0,2639.11
2523,66,M,Secundaria,Norte,1301.64,838.66,498.0,8.0,5301.11
2524,66,F,Tecnico,Oriente,3914.47,8174.59,667.0,3.0,12771.58
2525,73,M,Tecnico,Centro,1187.03,2063.61,610.0,8.0,500.0
2526,61,F,Primaria,Norte,2713.36,4043.69,688.0,10.0,8129.17
2527,73,M,Secundaria,Centro,1023.7,2096.2,544.0,12.0,3224.74
2528,45,M,Secundaria,Sur,2661.31,4875.31,656.0,12.0,9652.93
2529,64,M,Secundaria,Norte,3624.11,5787.09,686.0,5.0,11122.27
2530,32,F,Universitario,Centro,2246.65,3323.0,567.0,12.0,5729.05
2531,23,M,Tecnico,Sur,1652.1,3859.88,537.0,12.0,5627.29
2532,61,M,Universitario,Sur,2191.65,4114.22,660.0,9.0,7428.28
2533,37,M,Universitario,Sur,1672.61,2493.04,,9.0,5205.88
2534,67,F,Secundaria,Centro,1636.3,2640.46,498.0,11.0,2138.77
2535,31,M,Universitario,Norte,3533.36,6067.83,665.0,8.0,9976.8
2536,19,M,Postgrado,Oriente,4107.34,6051.39,597.0,6.0,14439.23
2537,26,M,Tecnico,Occidente,2193.04,4700.98,569.0,8.0,7467.73
2538,54,F,Secundaria,,1104.58,1696.1,443.0,5.0,2411.22
2539,37,M,Tecnico,Centro,1098.14,1853.31,507.0,12.0,2510.52
2540,43,M,Universitario,,5331.59,10046.33,722.0,7.0,19443.55
2541,46,M,Primaria,Occidente,,2190.42,509.0,8.0,1312.14
2542,18,F,Secundaria,Sur,1335.51,2565.12,550.0,8.0,4474.92
2543,72,F,Universitario,Occidente,3568.61,5551.22,655.0,4.0,12251.62
2544,52,F,Postgrado,Centro,6676.85,11819.25,700.0,5.0,24912.35
2545,23,F,Secundaria,Oriente,1458.78,2570.92,558.0,12.0,5964.31
2546,54,F,Secundaria,Sur,1738.46,1664.67,506.0,6.0,4551.22
2547,70,M,Secundaria,Sur,1280.51,2685.77,598.0,9.0,
2548,22,F,Secundaria,Sur,3141.73,6181.35,661.0,3.0,10782.8
2549,50,F,Universitario,Sur,4523.75,8216.87,649.0,1.0,14206.53
2550,66,F,Primaria,Oriente,801.75,774.49,444.0,16.0,
2551,68,M,Secundaria,Occidente,2120.17,3986.07,584.0,8.0,7470.84
2552,31,F,Universitario,,,4833.84,597.0,10.0,7387.06
2553,29,M,Secundaria,Sur,1683.27,2856.21,574.0,11.0,2940.82
2554,59,F,Universitario,Occidente,1730.7,,564.0,11.0,
2555,37,M,Secundaria,Norte,616.81,1456.1,452.0,9.0,1681.33
2556,70,M,Universitario,Centro,1538.85,1255.26,543.0,11.0,3196.7
2557,67,M,Postgrado,Norte,,4444.82,695.0,4.0,10379.88
2558,41,M,Secundaria,Norte,1196.89,2572.61,550.0,6.0,1516.61
2559,60,F,Universitario,Occidente,866.29,1665.8,528.0,4.0,3149.77
2560,51,M,Postgrado,Centro,3866.45,7711.7,693.0,11.0,14864.96
2561,42,M,Postgrado,Sur,1751.33,3341.64,618.0,5.0,
2562,67,F,Secundaria,Norte,1547.5,3305.53,477.0,9.0,5436.48
2563,46,M,Secundaria,Norte,888.04,,,6.0,5909.34
2564,74,F,Secundaria,Occidente,713.32,1551.42,526.0,15.0,1243.77
2565,56,M,Secundaria,Sur,1508.31,1897.18,595.0,8.0,4642.83
2566,48,M,Secundaria,Norte,,3193.69,566.0,10.0,3951.2
2567,73,F,Secundaria,Occidente,1662.01,3208.91,546.0,8.0,4997.71
2568,64,F,Tecnico,Centro,3854.53,5965.7,709.0,5.0,14802.38
2569,60,M,Tecnico,Centro,2567.01,4437.82,,,11259.98
2570,67,F,Universitario,Sur,6117.89,,680.0,1.0,19786.9
2571,40,F,Universitario,Norte,2083.45,3596.89,636.0,6.0,6632.54
2572,61,F,Secundaria,Sur,1125.46,1778.98,510.0,7.0,
2573,55,M,Secundaria,Sur,1892.44,2798.65,546.0,7.0,7778.43
2574,37,M,Universitario,Centro,5487.7,9014.84,664.0,1.0,19220.47
2575,40,F,Secundaria,Oriente,903.64,844.83,463.0,5.0,1249.09
2576,62,F,Primaria,Centro,2343.78,5833.17,627.0,5.0,7401.49
2577,69,M,Universitario,Oriente,3132.5,5930.72,640.0,8.0,10458.94
2578,33,F,Primaria,Norte,967.09,609.81,454.0,3.0,500.0
2579,67,M,Universitario,Occidente,4956.81,8937.86,684.0,6.0,17294.31
2580,59,M,Universitario,Occidente,1446.72,3427.29,558.0,10.0,4423.38
2581,72,M,Secundaria,Norte,2146.94,4204.35,646.0,9.0,7559.23
2582,25,F,Universitario,Occidente,2135.17,2743.08,596.0,7.0,5766.75
2583,67,M,Secundaria,Sur,2604.23,5206.5,704.0,6.0,11030.51
2584,38,F,Universitario,Oriente,2770.27,5010.69,596.0,4.0,8111.6
2585,18,F,Universitario,Oriente,3748.45,6918.55,639.0,10.0,9889.82
2586,72,F,Primaria,Norte,1299.76,3820.6,,8.0,5881.47
2587,25,F,Tecnico,Norte,1431.42,2560.47,532.0,5.0,1707.86
2588,46,F,Tecnico,Centro,,2590.84,618.0,11.0,4973.88
2589,49,F,Primaria,Centro,1321.88,995.55,481.0,12.0,3458.86
2590,55,M,Postgrado,Centro,3968.84,6588.95,694.0,3.0,13634.57
2591,22,M,Secundaria,Sur,1960.06,2926.01,608.0,,3884.26
2592,64,M,Secundaria,Norte,1577.84,1315.0,491.0,14.0,3921.39
2593,39,M,Secundaria,Sur,2025.98,4183.98,538.0,5.0,7996.92
2594,64,F,Tecnico,Norte,5100.92,9585.41,688.0,2.0,
2595,51,M,Universitario,Centro,1764.66,3157.57,521.0,9.0,2792.55
2596,18,F,Tecnico,Norte,2696.82,4057.08,619.0,3.0,7943.03
2597,72,F,Universitario,Oriente,1872.52,3570.18,617.0,7.0,7548.46
2598,72,F,Universitario,,1663.77,3497.58,552.0,6.0,6303.29
2599,43,M,Secundaria,Norte,2869.45,6578.59,668.0,5.0,8926.83
2600,60,F,Secundaria,Oriente,1036.33,2143.95,465.0,6.0,1509.09
2601,27,M,Primaria,Occidente,1152.11,2442.55,479.0,5.0,2959.31
2602,47,M,Primaria,Occidente,845.96,1657.34,450.0,11.0,1012.82
2603,67,F,Primaria,Sur,3740.83,6578.51,670.0,4.0,15212.66
2604,35,F,Postgrado,Centro,3215.44,6413.39,585.0,8.0,10419.92
2605,34,M,Postgrado,Centro,1980.61,3523.27,527.0,7.0,
2606,43,F,Primaria,Centro,814.11,1348.41,408.0,9.0,500.0
2607,25,M,Secundaria,Sur,3768.9,6492.33,677.0,,11322.69
2608,64,M,Primaria,Centro,1137.79,1812.81,533.0,12.0,869.73
2609,57,M,Universitario,Sur,2383.45,4559.79,,6.0,6512.89
2610,66,F,Secundaria,Norte,3066.02,6017.01,719.0,8.0,15117.95
2611,29,F,Tecnico,Norte,3112.96,,566.0,3.0,8301.46
2612,44,M,Tecnico,Occidente,,2361.52,,3.0,2919.78
2613,25,M,Tecnico,Occidente,1217.01,1474.74,559.0,5.0,2782.2
2614,42,F,Secundaria,Oriente,1170.39,2610.9,562.0,3.0,5840.12
2615,63,M,Primaria,Centro,1079.38,3119.8,487.0,11.0,1013.93
2616,21,M,Primaria,Occidente,1674.04,3453.91,563.0,7.0,4663.51
2617,50,F,Secundaria,Norte,1466.23,2385.37,542.0,7.0,3102.01
2618,18,M,Universitario,Oriente,,4408.3,654.0,6.0,
2619,36,F,Secundaria,Norte,1486.62,1686.89,536.0,4.0,1790.63
2620,48,M,Secundaria,Sur,1177.64,2361.5,,8.0,1593.45
2621,33,F,Universitario,Oriente,4751.11,10814.03,656.0,7.0,18148.58
2622,31,M,Primaria,Occidente,858.58,842.27,449.0,4.0,500.0
2623,70,F,Primaria,Oriente,1282.5,2049.45,525.0,9.0,4194.14
2624,65,M,Universitario,Occidente,3314.73,5790.94,664.0,4.0,9860.3
2625,22,F,Tecnico,Sur,2344.13,3324.91,603.0,10.0,8240.74
2626,58,F,Secundaria,Sur,1299.66,1738.78,512.0,10.0,2245.44
2627,43,M,Universitario,Centro,,7118.06,593.0,4.0,
2628,45,M,Universitario,Norte,6337.3,12694.36,679.0,3.0,21344.24
2629,19,F,Primaria,Oriente,2579.39,5026.73,639.0,5.0,11138.31
2630,67,F,Tecnico,Occidente,,2011.14,,5.0,500.0
2631,23,M,Tecnico,Norte,,3674.73,548.0,7.0,2904.27
2632,26,M,Postgrado,Norte,2374.3,4551.44,576.0,4.0,6470.01
2633,50,F,Postgrado,Norte,4308.19,6322.58,623.0,14.0,12653.59
2634,58,M,Secundaria,Occidente,2485.99,5765.86,679.0,,7244.74
2635,42,F,Tecnico,Centro,1073.91,2756.41,527.0,9.0,3679.1
2636,65,F,Primaria,Centro,1855.11,3565.42,537.0,4.0,5909.85
2637,30,F,Primaria,Norte,,1060.55,525.0,5.0,2783.23
2638,26,M,Secundaria,Centro,1291.75,1159.15,528.0,11.0,2444.92
2639,70,M,Tecnico,Oriente,2411.17,3381.89,665.0,4.0,8011.83
2640,30,F,Tecnico,Occidente,1647.33,2414.58,566.0,6.0,6042.37
2641,48,F,Secundaria,Centro,2528.71,4845.58,,9.0,7370.29
2642,58,F,Universitario,Centro,2075.09,3535.87,,11.0,4765.62
2643,28,M,Universitario,Occidente,4255.34,7734.11,722.0,6.0,14919.66
2644,21,M,Universitario,Occidente,2280.32,4547.49,601.0,,5682.24
2645,51,M,Primaria,Centro,419.28,1802.61,362.0,3.0,755.25
2646,55,F,Universitario,Norte,1716.16,2585.53,,9.0,4459.86
2647,63,M,Universitario,Occidente,2386.2,2961.07,645.0,8.0,8474.51
2648,21,M,Primaria,Sur,,1805.01,543.0,7.0,
2649,55,M,Secundaria,Occidente,1472.65,3132.85,,7.0,1970.03
2650,36,M,Postgrado,Centro,2384.43,4961.51,591.0,12.0,6057.88
2651,23,F,Tecnico,Sur,3863.98,7642.94,675.0,1.0,12535.67
2652,51,F,Secundaria,Sur,2873.72,4616.87,679.0,6.0,8504.18
2653,35,M,Primaria,Occidente,,1499.41,467.0,5.0,1775.89
2654,30,M,Tecnico,Occidente,1203.8,,555.0,8.0,500.0
2655,58,M,Secundaria,Norte,1787.52,3818.03,616.0,6.0,5173.11
2656,40,M,Primaria,Sur,,604.85,583.0,8.0,1181.06
2657,36,M,Secundaria,Centro,432.84,739.53,451.0,,
2658,62,F,Primaria,Oriente,903.18,,,8.0,2529.03
2659,28,M,Universitario,Oriente,,4650.29,632.0,8.0,9304.96
2660,18,M,Postgrado,Occidente,3308.76,7130.24,576.0,11.0,7666.03
2661,41,M,Secundaria,Centro,985.28,665.93,462.0,8.0,5443.11
2662,71,F,Tecnico,Norte,1480.66,2582.86,576.0,10.0,3585.78
2663,24,F,Secundaria,Norte,1309.36,3403.33,563.0,12.0,2114.61
2664,42,F,Primaria,Centro,3801.25,6140.53,636.0,10.0,12090.18
2665,38,F,Postgrado,Centro,3330.03,5968.01,688.0,4.0,13305.99
2666,32,F,Primaria,Occidente,850.16,1922.27,480.0,6.0,
2667,18,M,Primaria,Centro,2575.14,3994.92,662.0,10.0,
2668,29,F,Secundaria,Sur,1898.43,2956.94,626.0,4.0,6656.65
2669,75,M,Tecnico,Occidente,1335.26,2644.49,560.0,5.0,4699.1
2670,24,M,Secundaria,Occidente,1460.38,3138.64,528.0,7.0,5464.07
2671,32,F,Secundaria,Sur,1349.88,3059.08,545.0,6.0,3741.23
2672,38,M,Universitario,Norte,3049.9,4715.97,684.0,3.0,8617.82
2673,36,F,Secundaria,Centro,842.32,216.74,523.0,4.0,3221.79
2674,46,M,Secundaria,Centro,884.96,2275.56,,11.0,1653.33
2675,42,F,Secundaria,Oriente,1336.99,3403.65,,8.0,5576.17
2676,50,F,Secundaria,Oriente,1026.05,3922.84,496.0,9.0,4795.36
2677,66,F,Secundaria,Sur,2484.68,6975.42,732.0,5.0,9685.21
2678,49,F,Tecnico,Occidente,1149.56,3477.95,496.0,6.0,1949.23
2679,66,F,Universitario,Oriente,7431.72,12549.43,716.0,8.0,26505.49
2680,52,F,Secundaria,Occidente,1429.57,2419.72,582.0,7.0,5102.94
2681,61,M,Primaria,Occidente,1321.78,2895.08,570.0,7.0,4959.85
2682,55,M,Primaria,Norte,1442.36,2966.8,501.0,8.0,1424.69
2683,43,F,Secundaria,Norte,1455.44,2485.27,543.0,4.0,6205.05
2684,28,F,Primaria,Centro,,4633.03,608.0,9.0,7871.01
2685,52,F,Secundaria,Sur,1634.26,2543.52,566.0,10.0,3932.28
2686,25,F,Primaria,Sur,,1831.55,519.0,6.0,2583.51
2687,63,F,Tecnico,Centro,1014.91,1888.13,521.0,6.0,
2688,31,M,Secundaria,,1751.21,3536.08,601.0,8.0,
2689,27,M,Primaria,Centro,,3604.83,578.0,6.0,1302.14
2690,19,M,Secundaria,Occidente,810.1,770.35,505.0,9.0,1395.9
2691,63,M,Secundaria,Centro,1316.83,129.3,580.0,8.0,3232.45
2692,26,F,Tecnico,Norte,2693.82,4478.3,632.0,5.0,8927.26
2693,20,F,Secundaria,Norte,978.9,1961.79,487.0,7.0,
2694,38,F,Primaria,Norte,808.87,1852.65,,10.0,1904.99
2695,43,M,Secundaria,Norte,,2037.62,531.0,8.0,
2696,25,M,Secundaria,Oriente,2622.0,4952.1,,5.0,11597.35
2697,65,M,Universitario,Norte,3795.75,7046.46,710.0,6.0,13462.0
2698,19,F,Postgrado,Oriente,5699.69,9728.2,758.0,,21299.25
2699,23,M,Primaria,Centro,739.1,1199.81,386.0,9.0,2591.27
2700,45,M,Tecnico,Norte,1346.58,1464.43,,7.0,602.59
2701,70,M,Secundaria,Oriente,,1063.97,549.0,2.0,
2702,46,M,Primaria,Centro,1054.36,2875.37,510.0,10.0,3781.29
2703,43,F,Primaria,Sur,848.25,1686.39,,9.0,500.0
2704,42,M,Universitario,Centro,2981.78,5095.24,652.0,4.0,10972.56
2705,29,M,Secundaria,Norte,702.41,1567.97,,10.0,2363.87
2706,22,M,Postgrado,Centro,3392.89,6479.63,659.0,8.0,11519.74
2707,51,M,Secundaria,Sur,,,579.0,4.0,9479.23
2708,65,F,Secundaria,Norte,1625.54,3998.29,546.0,11.0,5622.94
2709,54,F,Universitario,Sur,1690.54,3323.24,581.0,4.0,5267.21
2710,32,M,Universitario,Occidente,1323.18,4097.32,553.0,10.0,4607.37
2711,61,F,Universitario,Norte,2930.89,5202.58,651.0,8.0,10251.54
2712,53,M,Universitario,Occidente,5360.12,10618.91,672.0,7.0,17979.65
2713,32,F,Secundaria,Norte,1619.75,2490.68,573.0,6.0,5687.09
2714,60,M,Primaria,Oriente,1069.35,1967.99,,7.0,2444.21
2715,65,M,Secundaria,Oriente,1113.12,2540.29,535.0,12.0,2032.27
2716,40,F,Secundaria,Centro,769.03,1557.89,531.0,6.0,500.0
2717,23,F,Postgrado,Occidente,3593.15,6700.61,,9.0,10546.96
2718,63,F,Universitario,Centro,1216.6,,612.0,8.0,6009.8
2719,67,M,Universitario,Norte,3804.22,,705.0,6.0,11896.01
2720,61,M,Secundaria,Sur,2064.99,3795.14,,5.0,4514.84
2721,60,F,Tecnico,Occidente,1692.38,2571.38,648.0,6.0,5833.05
2722,62,M,Universitario,Occidente,,5973.15,664.0,11.0,12335.68
2723,38,M,Secundaria,Centro,,3931.47,523.0,12.0,7086.67
2724,40,M,Secundaria,Sur,1993.08,4272.81,564.0,6.0,5632.64
2725,60,M,Tecnico,Norte,2789.74,4936.15,,4.0,8491.3
2726,72,M,Tecnico,Centro,1700.96,2440.55,548.0,8.0,5758.9
2727,33,M,Postgrado,Sur,1810.01,2817.04,559.0,13.0,4117.81
2728,64,M,Secundaria,Centro,4326.37,7775.96,671.0,4.0,14515.33
2729,70,F,Primaria,Centro,1151.18,2005.8,,9.0,
2730,32,M,Secundaria,Occidente,,,598.0,8.0,2725.26
2731,42,M,Secundaria,Sur,1832.98,4059.82,572.0,3.0,3348.44
2732,53,F,Tecnico,Oriente,,2582.26,534.0,11.0,689.73
2733,28,F,Primaria,Centro,662.93,470.55,441.0,5.0,1015.3
2734,68,M,Postgrado,Occidente,2030.51,3497.1,560.0,10.0,7153.56
2735,32,F,Universitario,Norte,1577.08,3211.25,679.0,3.0,4518.32
2736,21,M,Primaria,Sur,1351.89,,573.0,6.0,4571.35
2737,38,F,Primaria,Oriente,871.2,1608.35,540.0,8.0,500.0
2738,30,M,Secundaria,Oriente,2232.62,,635.0,8.0,8025.81
2739,39,M,Universitario,Norte,2226.6,3746.37,556.0,7.0,7209.21
2740,36,F,Secundaria,Centro,1431.67,2569.42,,12.0,2339.36
2741,51,F,Primaria,Sur,1255.57,2733.68,545.0,3.0,3243.76
2742,31,M,Tecnico,Centro,1103.85,1994.62,549.0,2.0,2689.51
2743,21,M,Tecnico,Sur,3064.9,7612.36,655.0,7.0,10899.25
2744,65,M,Secundaria,Centro,,3799.53,549.0,5.0,6224.56
2745,70,F,Universitario,Centro,2344.37,4545.77,702.0,8.0,8707.98
2746,69,M,Postgrado,Norte,2741.09,4691.42,674.0,4.0,10583.35
2747,63,M,Primaria,Norte,977.02,1354.28,,11.0,3216.42
2748,44,M,Secundaria,Oriente,895.23,2419.76,484.0,12.0,5499.13
2749,46,F,Primaria,Centro,664.74,,,5.0,500.0
2750,64,F,Secundaria,Sur,860.28,2447.87,,5.0,624.01
2751,45,F,Primaria,Centro,1948.84,4437.99,592.0,5.0,4174.84
2752,52,M,Secundaria,Norte,1084.08,1856.56,523.0,9.0,4398.5
2753,25,F,Universitario,Centro,1430.06,3498.1,,6.0,3253.12
2754,33,F,Tecnico,Centro,3158.62,5456.05,677.0,6.0,
2755,59,F,Secundaria,Oriente,,2795.76,551.0,8.0,5121.27
2756,53,M,Primaria,Occidente,723.45,1709.21,437.0,13.0,500.0
2757,47,M,Tecnico,,2351.65,3936.58,653.0,4.0,7233.56
2758,35,F,Primaria,Sur,2277.4,4670.17,631.0,9.0,5224.26
2759,19,M,Secundaria,Sur,1944.16,3127.84,578.0,5.0,7556.51
2760,66,F,Secundaria,Occidente,1672.94,3231.69,546.0,8.0,7021.98
2761,30,F,Universitario,Sur,2894.31,7320.19,670.0,2.0,11108.67
2762,21,F,Primaria,Sur,1970.66,3931.7,579.0,9.0,5391.39
2763,43,F,Tecnico,Sur,3927.61,7939.06,668.0,10.0,12605.68
2764,42,F,Primaria,Oriente,,2138.74,444.0,15.0,3827.64
2765,47,M,Tecnico,Sur,1837.4,1721.5,532.0,7.0,5130.43
2766,28,M,Tecnico,Sur,,4063.69,645.0,6.0,
2767,24,M,Universitario,Oriente,2502.76,5601.54,580.0,5.0,5848.16
2768,48,M,Tecnico,Oriente,2313.12,3215.82,556.0,9.0,6628.11
2769,61,M,Secundaria,Centro,4207.28,7434.5,687.0,4.0,16731.38
2770,27,M,Secundaria,Oriente,1294.72,4035.23,,11.0,3107.76
2771,56,F,Primaria,Norte,,273.53,511.0,7.0,1053.88
2772,30,F,Tecnico,Occidente,4043.23,8198.71,690.0,9.0,15158.47
2773,48,F,Universitario,Centro,5383.96,9001.06,633.0,4.0,16022.88
2774,24,F,Secundaria,Centro,1848.67,3782.34,534.0,8.0,5989.18
2775,73,F,Universitario,Oriente,2039.45,4256.28,662.0,6.0,8785.34
2776,66,F,Secundaria,Sur,2312.39,4808.73,615.0,6.0,7547.3
2777,59,F,Secundaria,Centro,1574.31,2083.02,519.0,6.0,4284.43
2778,59,F,Secundaria,Centro,1349.73,3369.26,,7.0,1960.76
2779,73,F,Primaria,Occidente,939.86,,522.0,10.0,
2780,53,F,Secundaria,Norte,1522.41,1488.39,519.0,8.0,1615.73
2781,37,F,Universitario,Norte,3041.48,4692.79,640.0,4.0,12073.14
2782,21,M,Secundaria,Sur,1549.18,2121.56,533.0,4.0,2005.88
2783,71,M,Tecnico,Sur,2834.98,5708.34,716.0,7.0,11949.32
2784,24,M,Universitario,Oriente,2098.76,4592.16,547.0,9.0,7726.56
2785,71,M,Secundaria,Oriente,1314.43,2484.09,597.0,6.0,
2786,18,M,Universitario,Occidente,2723.74,4135.99,714.0,9.0,8539.31
2787,61,M,Secundaria,,1618.94,2491.87,,10.0,5091.96
2788,73,M,Secundaria,Oriente,,5521.81,,8.0,9261.68
2789,62,F,Secundaria,Centro,,1417.11,552.0,8.0,3388.1
2790,59,F,Secundaria,Centro,1237.51,1341.8,532.0,12.0,6307.98
2791,64,M,Universitario,Sur,2322.55,4176.44,671.0,7.0,9735.65
2792,30,F,Universitario,Sur,1946.97,3336.57,534.0,8.0,6309.89
2793,72,F,Secundaria,Norte,1197.27,1274.03,538.0,,4616.42
2794,39,F,Primaria,Sur,572.7,2070.64,450.0,12.0,1504.15
2795,71,F,Secundaria,Occidente,944.27,1141.11,503.0,8.0,
2796,38,M,Tecnico,Centro,1692.92,2095.96,549.0,8.0,3743.77
2797,39,M,Secundaria,Sur,828.45,2521.29,,6.0,2642.58
2798,45,M,Tecnico,Sur,,4449.41,735.0,6.0,8579.94
2799,26,M,Universitario,Centro,2747.18,4714.38,560.0,5.0,6477.18
2800,43,F,Secundaria,Sur,1112.57,1442.22,602.0,9.0,4296.45
2801,26,M,Postgrado,Norte,3122.88,5325.74,624.0,12.0,10331.43
2802,32,M,Secundaria,Sur,1349.85,1841.65,487.0,7.0,3713.98
2803,27,M,Postgrado,Oriente,1422.49,2146.46,495.0,8.0,2606.03
2804,41,M,Secundaria,Oriente,1830.15,3432.74,571.0,9.0,6213.79
2805,75,F,Primaria,Centro,,1032.77,509.0,6.0,500.0
2806,74,F,Universitario,Norte,,906.85,575.0,6.0,5552.1
2807,59,M,Tecnico,,2526.02,,611.0,7.0,6449.85
2808,25,M,Universitario,Centro,,3690.41,684.0,10.0,8631.66
2809,41,M,Secundaria,,2257.45,2780.49,560.0,12.0,4667.91
2810,33,M,Universitario,Centro,2237.12,4997.88,588.0,10.0,7660.9
2811,66,F,Primaria,Oriente,1385.61,2118.36,545.0,2.0,5912.15
2812,43,M,Primaria,Oriente,1723.91,3377.4,568.0,8.0,3073.0
2813,44,F,Secundaria,Occidente,3204.12,6439.71,608.0,5.0,8950.18
2814,54,F,Universitario,Norte,2136.95,4589.54,606.0,3.0,7451.57
2815,21,M,Tecnico,Centro,1930.56,3883.21,594.0,7.0,5618.04
2816,67,M,Secundaria,Sur,2038.85,3132.59,616.0,6.0,6203.82
2817,41,F,Secundaria,Oriente,1932.26,2442.35,602.0,3.0,6757.37
2818,36,F,Primaria,Centro,941.93,3135.68,458.0,6.0,1654.24
2819,53,M,Secundaria,Centro,1458.2,2729.69,505.0,4.0,3212.2
2820,56,F,Secundaria,Centro,1987.9,3950.83,557.0,7.0,4669.16
2821,27,F,Tecnico,Oriente,1892.03,3017.36,545.0,10.0,
2822,42,M,Tecnico,Centro,4263.36,7935.96,593.0,8.0,13021.13
2823,35,F,Postgrado,Occidente,2833.25,,626.0,5.0,9347.33
2824,36,M,Primaria,,827.97,1260.27,466.0,8.0,1084.71
2825,53,F,Secundaria,Centro,1907.21,2354.08,,7.0,4519.28
2826,27,F,Secundaria,Centro,954.89,2078.05,506.0,10.0,2222.62
2827,50,F,Tecnico,Norte,1488.58,828.82,,11.0,3826.18
2828,72,M,Secundaria,Sur,,3870.02,591.0,4.0,4333.0
2829,67,M,Universitario,Oriente,2482.96,6001.99,604.0,5.0,7924.08
2830,22,F,Tecnico,Norte,1683.77,2672.97,,6.0,4911.74
2831,64,F,Primaria,Sur,972.3,2460.15,532.0,,
2832,66,F,Primaria,Oriente,,2363.76,,7.0,4048.83
2833,52,F,Universitario,Centro,6510.06,11711.91,734.0,11.0,
2834,61,F,Tecnico,Centro,2714.23,4442.6,653.0,6.0,9094.95
2835,51,M,Primaria,Centro,533.08,620.56,473.0,9.0,589.93
2836,50,M,Primaria,,,1488.82,,16.0,2997.19
2837,72,M,Tecnico,Centro,2423.82,2832.74,584.0,14.0,8417.4
2838,38,F,Tecnico,Norte,911.58,1903.53,463.0,14.0,1079.97
2839,34,F,Primaria,Centro,,0.0,324.0,5.0,500.0
2840,39,F,Secundaria,Occidente,1076.85,,,9.0,2816.84
2841,65,M,Secundaria,Norte,1090.47,539.09,,3.0,3062.76
2842,54,M,Universitario,Norte,5142.71,8958.06,764.0,6.0,19827.95
2843,32,M,Secundaria,Oriente,1726.67,3315.71,555.0,7.0,4293.04
2844,52,M,Universitario,Norte,2294.72,5220.81,684.0,5.0,6820.09
2845,45,M,Secundaria,Centro,1309.81,2319.11,507.0,7.0,3092.7
2846,24,M,Primaria,Centro,1418.57,2315.92,545.0,4.0,4842.71
2847,49,M,Secundaria,Occidente,1663.6,2098.98,483.0,8.0,6481.13
2848,28,F,Primaria,Norte,1428.96,1872.4,536.0,9.0,2786.18
2849,27,M,Tecnico,Occidente,2021.54,,589.0,4.0,3376.18
2850,26,F,Tecnico,Oriente,2784.37,5379.79,,7.0,9019.23
2851,31,F,Primaria,Sur,1192.24,,561.0,10.0,
2852,30,F,Secundaria,Oriente,,2113.1,521.0,7.0,5662.41
2853,74,F,Universitario,Norte,,6708.61,582.0,4.0,9414.52
2854,42,M,Secundaria,Norte,1644.2,1967.85,567.0,4.0,
2855,19,M,Secundaria,Centro,1197.08,2145.8,424.0,8.0,4508.07
2856,52,F,Secundaria,Norte,,1974.83,581.0,3.0,2760.98
2857,24,F,Universitario,Occidente,2266.95,3201.28,593.0,6.0,6433.65
2858,38,F,Tecnico,Sur,2903.7,5373.48,666.0,10.0,9638.65
2859,35,F,Tecnico,Centro,1975.07,4240.36,589.0,4.0,7595.42
2860,20,M,Primaria,Oriente,,1902.8,,9.0,500.0
2861,59,M,Primaria,Occidente,618.78,1592.54,442.0,,2098.08
2862,71,F,Secundaria,Occidente,950.98,892.66,547.0,7.0,1245.29
2863,56,M,Secundaria,Oriente,1131.31,2171.43,559.0,6.0,3176.64
2864,58,M,Tecnico,Centro,2286.33,4381.11,628.0,7.0,
2865,66,F,Tecnico,Norte,1427.79,1438.09,562.0,7.0,4079.54
2866,28,M,Secundaria,Norte,2534.68,2892.68,646.0,3.0,8641.63
2867,56,M,Tecnico,Norte,1065.81,1959.53,503.0,8.0,1125.63
2868,41,F,Primaria,Norte,1615.02,2245.95,574.0,3.0,2882.9
2869,63,F,Primaria,Occidente,540.79,,406.0,7.0,2709.26
2870,36,M,Universitario,Occidente,1435.43,973.6,,8.0,3157.56
2871,21,F,Tecnico,,1104.26,1423.06,499.0,9.0,2424.19
2872,43,F,Tecnico,Oriente,,,555.0,7.0,4009.96
2873,55,M,Secundaria,Sur,1155.56,2769.26,547.0,8.0,1792.6
2874,59,M,Secundaria,Centro,2210.31,5151.02,565.0,11.0,7246.31
2875,49,M,Primaria,Occidente,1681.43,2433.79,540.0,8.0,5518.32
2876,56,F,Universitario,Centro,1568.78,3681.74,545.0,9.0,7110.93
2877,62,M,Tecnico,Oriente,1714.06,4075.51,518.0,5.0,3617.11
2878,63,F,Primaria,Centro,1534.28,3950.51,529.0,9.0,3704.05
2879,53,F,Universitario,Occidente,2257.74,3858.87,559.0,6.0,4516.12
2880,57,F,Secundaria,Sur,,5273.13,640.0,7.0,7566.47
2881,54,F,Universitario,Sur,2919.59,5185.07,624.0,7.0,9619.66
2882,50,F,Primaria,Norte,827.13,1562.36,509.0,7.0,
2883,53,M,Primaria,Centro,870.03,518.7,,9.0,2381.07
2884,20,M,Primaria,Sur,743.5,879.22,497.0,4.0,2889.55
2885,26,F,Secundaria,Centro,1061.21,2800.47,414.0,8.0,2391.08
2886,25,M,Universitario,Occidente,2343.71,3772.64,563.0,12.0,5916.63
2887,50,M,Tecnico,Oriente,1645.67,3020.88,579.0,7.0,5198.24
2888,23,F,Tecnico,Centro,1403.49,2907.19,546.0,10.0,6859.77
2889,58,F,Universitario,Centro,3218.89,6789.94,644.0,5.0,7718.71
2890,56,M,Secundaria,Oriente,1799.85,3722.88,618.0,9.0,4555.19
2891,21,F,Universitario,,1130.93,2780.96,504.0,11.0,1649.23
2892,30,M,Universitario,Norte,1321.66,2725.19,621.0,6.0,5781.11
2893,66,F,Secundaria,Norte,1009.47,2049.18,509.0,15.0,3099.8
2894,19,M,Primaria,Norte,796.97,2132.6,437.0,3.0,1568.45
2895,22,F,Universitario,Centro,1730.31,1252.16,626.0,7.0,6430.1
2896,61,M,Secundaria,Centro,1298.79,2903.01,537.0,10.0,2327.56
2897,44,F,Universitario,Sur,2830.58,3434.16,661.0,12.0,8856.5
2898,49,M,Primaria,Sur,734.13,908.54,423.0,6.0,500.0
2899,38,M,Tecnico,Sur,1266.81,2997.13,540.0,4.0,5095.2
2900,25,M,Secundaria,Centro,711.29,1149.34,449.0,8.0,3056.13
2901,55,M,Primaria,Occidente,813.64,1408.29,502.0,10.0,1580.07
2902,25,M,Secundaria,Oriente,,2570.05,514.0,8.0,3741.28
2903,67,M,Primaria,,,3000.16,416.0,7.0,1393.2
2904,20,F,Secundaria,Sur,902.57,0.0,506.0,3.0,500.0
2905,71,F,Universitario,Norte,2016.1,3051.67,,11.0,7049.15
2906,61,M,Secundaria,Centro,1731.77,4232.39,,7.0,3463.68
2907,75,F,Universitario,Occidente,,2844.25,582.0,14.0,5247.75
2908,20,M,Secundaria,Centro,2274.17,3937.08,,5.0,7523.29
2909,39,F,Tecnico,Sur,,2748.87,539.0,10.0,1435.92
2910,23,M,Universitario,Centro,1916.58,2454.02,,9.0,2376.02
2911,19,F,Secundaria,Occidente,2412.74,5049.0,664.0,6.0,7577.18
2912,40,M,Universitario,Centro,3097.74,,635.0,5.0,11528.74
2913,61,F,Secundaria,Centro,1462.87,2501.18,,7.0,1968.8
2914,19,M,Secundaria,Sur,,2397.56,544.0,6.0,6983.9
2915,55,M,Universitario,Sur,1392.69,,482.0,10.0,
2916,34,M,Primaria,Sur,2664.43,4542.93,677.0,2.0,9634.93
2917,52,F,Primaria,Sur,708.84,1496.38,,5.0,1340.39
2918,51,F,Tecnico,Centro,2013.51,3326.91,625.0,5.0,5179.69
2919,40,F,Universitario,Centro,3965.26,7103.18,681.0,8.0,14517.5
2920,47,F,Universitario,Sur,,4466.54,642.0,4.0,8532.26
2921,69,F,Primaria,Sur,1235.84,1946.49,577.0,7.0,3387.1
2922,25,F,Postgrado,Centro,5296.19,8847.24,618.0,6.0,15718.73
2923,39,M,Tecnico,Oriente,2367.19,3468.53,644.0,5.0,7309.16
2924,61,F,Postgrado,Occidente,2751.87,6353.9,664.0,8.0,9791.8
2925,75,M,Secundaria,Oriente,3200.47,5908.04,,4.0,10656.35
2926,53,F,Tecnico,Norte,1316.45,697.75,536.0,10.0,1742.34
2927,22,F,Universitario,Centro,4794.04,8535.32,729.0,5.0,20486.14
2928,30,F,Secundaria,Centro,1913.92,4233.03,537.0,9.0,5615.23
2929,46,F,Postgrado,Centro,2788.17,3683.27,628.0,6.0,8210.33
2930,48,F,Secundaria,Centro,,2174.72,537.0,7.0,500.0
2931,64,F,Secundaria,Centro,1683.03,2980.11,516.0,10.0,2271.83
2932,74,M,Universitario,Norte,1933.68,2058.87,605.0,8.0,5936.99
2933,72,M,Postgrado,Centro,3671.62,6098.25,,11.0,11266.11
2934,33,F,Secundaria,Norte,2078.87,3567.6,600.0,3.0,6690.25
2935,59,F,Primaria,Centro,1847.4,2297.07,534.0,10.0,3111.03
2936,47,M,Universitario,Norte,4530.71,7541.94,693.0,8.0,15423.01
2937,74,M,Universitario,Norte,1609.77,3080.52,,12.0,5298.85
2938,72,M,Tecnico,Norte,2126.68,4016.97,600.0,5.0,5891.1
2939,33,M,Tecnico,Occidente,936.37,2031.32,518.0,9.0,4242.28
2940,29,F,Universitario,Oriente,2344.2,3680.62,607.0,7.0,8465.13
2941,34,F,Primaria,Centro,587.32,1920.5,,8.0,911.45
2942,33,F,Postgrado,Occidente,8414.89,15031.62,695.0,7.0,24294.84
2943,29,F,Secundaria,Centro,2619.06,4364.29,586.0,3.0,8520.1
2944,25,F,Tecnico,Sur,869.83,1373.64,448.0,6.0,3698.99
2945,37,M,Secundaria,Norte,1120.49,2295.48,486.0,3.0,4826.2
2946,20,M,Secundaria,Oriente,1988.26,3806.13,583.0,11.0,3461.92
2947,33,M,Tecnico,Norte,1965.84,3164.51,549.0,12.0,6372.44
2948,47,M,Postgrado,Norte,3363.74,6800.79,,6.0,10500.14
2949,62,M,Tecnico,Centro,,,606.0,12.0,6494.12
2950,40,M,Universitario,Occidente,3511.71,6861.14,661.0,6.0,11176.07
2951,45,M,Primaria,Norte,2984.38,6457.68,656.0,9.0,10511.97
2952,68,M,Universitario,Centro,1516.54,2320.17,645.0,11.0,7138.67
2953,57,F,Secundaria,Centro,1409.37,2221.03,495.0,7.0,
2954,71,M,Primaria,Oriente,565.04,118.11,442.0,11.0,687.03
2955,22,F,Primaria,Centro,,1270.02,504.0,6.0,
2956,37,M,Tecnico,Sur,,7250.98,674.0,7.0,12766.58
2957,57,F,Postgrado,Centro,4207.4,8097.12,774.0,2.0,17370.88
2958,73,F,Tecnico,Sur,,3390.21,535.0,4.0,6430.31
2959,61,F,Secundaria,Norte,1689.8,2217.55,556.0,7.0,7494.07
2960,18,F,Secundaria,Centro,1035.16,2964.29,493.0,7.0,2160.93
2961,74,M,Tecnico,Occidente,959.82,1044.33,522.0,6.0,2997.6
2962,47,M,Primaria,Sur,,3977.91,640.0,14.0,8865.93
2963,38,M,Secundaria,Occidente,1217.6,2220.17,451.0,,1763.85
2964,37,M,Tecnico,Oriente,1643.62,3081.37,553.0,5.0,4781.67
2965,23,M,Postgrado,Centro,1314.57,1192.68,488.0,7.0,1615.9
2966,39,F,Secundaria,Sur,,2131.17,524.0,12.0,4998.51
2967,35,F,Secundaria,Oriente,1570.81,500.11,560.0,10.0,4154.51
2968,25,F,Universitario,Centro,2706.72,4343.37,602.0,7.0,9834.98
2969,56,F,Universitario,Norte,5089.63,8869.77,782.0,3.0,19120.98
2970,49,F,Universitario,Centro,2173.47,2601.99,591.0,5.0,
2971,50,F,Secundaria,Norte,1453.24,3138.54,535.0,9.0,2617.93
2972,70,F,Secundaria,Centro,3141.46,4917.47,622.0,2.0,8417.09
2973,33,M,Postgrado,Occidente,5500.15,11236.17,592.0,11.0,16891.6
2974,29,M,Primaria,Oriente,620.96,1441.22,440.0,12.0,1756.29
2975,55,F,Tecnico,Sur,3545.21,6179.06,633.0,8.0,9205.45
2976,69,F,Secundaria,Centro,767.86,1964.04,480.0,9.0,2798.08
2977,51,F,Secundaria,Centro,1888.0,,703.0,9.0,7146.6
2978,31,M,Universitario,Sur,3296.23,6072.91,661.0,8.0,7768.09
2979,53,F,Secundaria,Sur,1668.43,1988.98,575.0,3.0,2870.19
2980,50,M,Universitario,Oriente,2060.23,4355.69,636.0,12.0,7432.64
2981,40,M,Secundaria,Occidente,1222.34,1830.47,,7.0,
2982,67,M,Postgrado,Centro,1138.83,356.91,529.0,9.0,4312.75
2983,62,M,Secundaria,Norte,1670.23,1903.41,578.0,13.0,4960.07
2984,19,M,Primaria,Centro,1163.23,2086.63,487.0,7.0,2554.04
2985,58,M,Secundaria,Centro,,5754.99,673.0,3.0,7567.97
2986,38,M,Universitario,Norte,2108.12,2536.11,619.0,8.0,2291.77
2987,19,M,Universitario,Occidente,1808.95,1755.08,570.0,8.0,3698.93
2988,44,F,Secundaria,Occidente,1196.45,1799.99,472.0,6.0,3738.9
2989,74,F,Tecnico,Occidente,1312.58,3635.99,549.0,7.0,1051.66
2990,26,M,Universitario,Occidente,1895.2,2972.43,608.0,5.0,4387.56
2991,18,M,Universitario,Occidente,1439.04,2758.37,,13.0,2079.3
2992,28,F,Tecnico,Occidente,2308.43,2035.71,615.0,7.0,7316.4
2993,20,F,Universitario,Sur,2749.16,7104.77,656.0,6.0,
2994,69,M,Tecnico,Norte,986.14,886.44,516.0,7.0,3069.72
2995,40,F,Primaria,,1248.05,2315.84,597.0,15.0,4222.38
2996,43,F,Primaria,Norte,,2082.82,561.0,8.0,4774.22
2997,21,M,Postgrado,Centro,5094.95,9492.69,659.0,10.0,16402.34
2998,35,M,Primaria,Oriente,,848.42,422.0,6.0,2329.71
2999,72,M,Secundaria,Centro,,5392.25,625.0,6.0,9552.94
3000,23,F,Universitario,Centro,1821.56,3033.51,543.0,9.0,3831.52
3001,52,M,Secundaria,Norte,1545.5,3152.75,589.0,12.0,2608.62
3002,39,M,Universitario,Norte,2037.86,4496.22,515.0,4.0,5417.99
3003,60,M,Universitario,Centro,1447.12,1468.06,522.0,14.0,500.0
3004,32,F,Postgrado,Norte,2279.02,5426.18,642.0,9.0,8276.13
3005,39,F,Secundaria,Norte,2612.9,4122.57,617.0,7.0,8831.48
3006,54,F,Secundaria,Centro,2723.84,5257.14,,5.0,7352.46
3007,69,F,Universitario,Sur,3436.34,5467.58,649.0,7.0,11954.51
3008,59,M,Secundaria,,1401.76,2616.44,598.0,4.0,5620.58
3009,29,F,Tecnico,Sur,3947.36,6796.69,666.0,8.0,12550.79
3010,64,F,Tecnico,Centro,2931.94,6853.64,660.0,6.0,7798.54
3011,66,M,Secundaria,Norte,1491.42,2052.87,548.0,6.0,5380.01
3012,59,F,Universitario,Sur,1030.08,3129.81,569.0,5.0,
3013,55,F,Tecnico,,2721.97,4083.88,622.0,7.0,7020.85
3014,35,F,Primaria,Norte,,5001.59,569.0,6.0,5078.92
3015,62,M,Primaria,Occidente,1513.75,,586.0,7.0,7076.96
3016,52,F,Secundaria,Sur,,863.32,,6.0,500.0
3017,47,F,Secundaria,Centro,1657.27,,558.0,9.0,5599.4
3018,41,M,Universitario,Occidente,6381.51,11610.26,737.0,5.0,25106.17
3019,59,M,Primaria,Occidente,1158.2,2085.52,548.0,9.0,3926.15
3020,47,M,Secundaria,,3667.96,6923.88,648.0,10.0,13284.94
3021,31,F,Universitario,Oriente,3222.57,5893.06,682.0,14.0,9199.32
3022,23,F,Tecnico,Oriente,1771.02,2384.81,571.0,9.0,4165.99
3023,20,M,Secundaria,Norte,2699.56,4432.23,635.0,5.0,
3024,33,M,Postgrado,Oriente,2467.1,4662.21,,11.0,9361.44
3025,24,M,Secundaria,Norte,829.97,629.39,,7.0,1126.66
3026,69,F,Universitario,Sur,1463.75,2209.38,520.0,6.0,6147.9
3027,31,M,Universitario,,2579.62,5065.11,599.0,10.0,7310.67
3028,26,F,Universitario,Centro,2842.62,5308.76,677.0,8.0,9876.1
3029,32,F,Universitario,Occidente,1731.91,2880.69,524.0,8.0,4866.08
3030,38,F,Secundaria,Oriente,2578.04,5451.45,599.0,7.0,5935.74
3031,52,M,Universitario,Occidente,2548.34,5361.19,592.0,7.0,7876.17
3032,19,M,Universitario,Centro,3329.97,5520.58,,2.0,11216.14
3033,44,M,Secundaria,Norte,1108.9,2525.61,,8.0,924.09
3034,19,M,Secundaria,Oriente,1320.26,,516.0,8.0,3948.79
3035,52,M,Universitario,Centro,1106.54,,433.0,4.0,1401.95
3036,35,F,Tecnico,Centro,1565.29,3016.6,,8.0,5767.58
3037,31,M,Universitario,Oriente,,4680.95,,8.0,6950.65
3038,37,M,Tecnico,Norte,,2279.92,556.0,5.0,5116.54
3039,35,M,Tecnico,Centro,1728.54,3155.46,595.0,7.0,4125.44
3040,27,M,Primaria,Centro,1297.63,2322.63,502.0,4.0,1402.27
3041,42,F,Secundaria,Centro,1179.93,302.95,473.0,5.0,1393.58
3042,19,M,Secundaria,Centro,1272.16,3396.05,,8.0,
3043,42,M,Tecnico,Norte,1296.27,2833.27,604.0,6.0,2848.96
3044,71,F,Tecnico,Norte,1246.73,1874.32,513.0,10.0,1479.8
3045,50,M,Tecnico,Oriente,3181.62,6483.69,635.0,4.0,9790.12
3046,53,M,Tecnico,Centro,966.96,,518.0,,
3047,48,M,Universitario,Sur,3568.56,4276.1,665.0,3.0,10026.59
3048,31,M,Secundaria,Centro,794.71,1699.79,,10.0,
3049,18,M,Tecnico,Sur,3387.63,4810.1,609.0,2.0,9726.31
3050,63,M,Primaria,Occidente,1620.06,1845.27,,12.0,3889.92
3051,33,F,Secundaria,Sur,1246.16,1373.02,484.0,12.0,5069.64
3052,71,M,Secundaria,Sur,2426.71,4443.33,687.0,9.0,8109.64
3053,63,F,Secundaria,Norte,2549.61,4721.22,,5.0,8844.76
3054,69,F,Secundaria,Centro,2051.41,4537.34,556.0,10.0,4364.95
3055,20,F,Primaria,Occidente,1421.79,1573.31,,9.0,2347.42
3056,52,M,Secundaria,Oriente,1692.78,2460.41,590.0,6.0,4830.18
3057,58,M,Postgrado,Sur,6444.24,12626.09,686.0,11.0,22821.62
3058,23,F,Secundaria,Occidente,1428.69,2988.93,600.0,4.0,
3059,42,F,Universitario,Norte,2534.96,4809.22,672.0,3.0,7584.09
3060,30,F,Tecnico,Sur,2592.28,,657.0,8.0,6856.09
3061,70,M,Secundaria,Centro,1372.5,2790.99,480.0,8.0,5289.21
3062,51,F,Primaria,Sur,2004.93,3632.68,603.0,7.0,3789.9
3063,25,M,Secundaria,Norte,2167.19,3980.04,509.0,8.0,7188.65
3064,38,M,Universitario,Occidente,8575.54,15802.85,810.0,6.0,36251.76
3065,51,M,Secundaria,Oriente,1445.22,1872.11,560.0,3.0,3968.31
3066,21,M,Primaria,,1506.83,2862.71,564.0,10.0,3793.43
3067,42,M,Secundaria,Sur,1852.01,1775.09,562.0,9.0,5026.8
3068,32,F,Tecnico,Oriente,2542.44,4580.12,624.0,6.0,7378.59
3069,21,F,Tecnico,Norte,1672.41,2608.69,560.0,4.0,4999.67
3070,62,F,Secundaria,Norte,1923.14,4113.87,598.0,10.0,5736.55
3071,29,M,Secundaria,Centro,1561.38,1692.84,575.0,5.0,2494.27
3072,49,F,Secundaria,Norte,2240.86,4188.89,546.0,7.0,5056.13
3073,49,M,Primaria,Sur,512.73,1417.04,431.0,12.0,
3074,45,M,Secundaria,Centro,1356.23,3036.39,590.0,7.0,4341.34
3075,30,M,Tecnico,Centro,4568.07,7700.8,673.0,2.0,14931.68
3076,48,M,Tecnico,Sur,3645.85,,726.0,3.0,11438.2
3077,31,M,Universitario,Occidente,2693.17,5180.33,,7.0,5735.42
3078,37,M,Tecnico,Oriente,2328.1,3267.39,681.0,3.0,6782.85
3079,35,F,Secundaria,Sur,1870.46,3008.83,527.0,5.0,3740.78
3080,46,F,Secundaria,,2009.32,2920.24,596.0,9.0,4870.06
3081,23,M,Secundaria,Norte,973.86,305.83,499.0,8.0,3750.24
3082,49,F,Universitario,Norte,1804.73,4421.27,580.0,6.0,5121.41
3083,46,F,Primaria,,903.03,1646.29,455.0,,
3084,60,M,Postgrado,Centro,2799.26,4199.94,684.0,5.0,7207.12
3085,19,F,Tecnico,,3491.59,4407.74,621.0,4.0,12873.3
3086,40,M,Secundaria,Occidente,884.57,1848.51,585.0,8.0,1628.52
3087,36,F,Tecnico,Centro,4307.15,6500.76,646.0,8.0,12740.27
3088,48,F,Primaria,Occidente,1458.06,2088.98,589.0,6.0,1484.81
3089,68,F,Secundaria,Occidente,933.32,1641.81,439.0,9.0,500.0
3090,22,F,Secundaria,Norte,,,476.0,12.0,2318.83
3091,36,F,Primaria,Occidente,1445.46,3923.97,418.0,10.0,4831.74
3092,51,F,Universitario,Norte,1366.46,1638.8,590.0,12.0,5708.53
3093,27,M,Universitario,Occidente,1992.5,2593.24,608.0,6.0,4772.31
3094,42,M,Primaria,Centro,719.89,1477.55,373.0,5.0,500.0
3095,19,M,Secundaria,Oriente,1907.31,3148.28,527.0,11.0,6407.72
3096,28,M,Primaria,Oriente,705.0,2813.26,,11.0,
3097,67,M,Universitario,Sur,1278.49,3428.11,523.0,6.0,1058.71
3098,48,F,Secundaria,Sur,2935.27,6484.17,628.0,8.0,9245.29
3099,73,F,Secundaria,Occidente,1388.5,2939.11,591.0,11.0,2830.59
3100,32,F,Secundaria,Occidente,1232.91,2756.3,515.0,6.0,2253.0
3101,26,F,Secundaria,Sur,1797.09,2937.24,639.0,6.0,2890.29
3102,40,F,Universitario,Sur,2362.48,4793.54,561.0,7.0,6906.56
3103,36,F,Universitario,Centro,1638.92,2422.58,547.0,8.0,4810.19
3104,26,M,Secundaria,Oriente,1104.37,1883.33,480.0,7.0,3043.42
3105,52,F,Tecnico,Sur,2537.82,3456.14,602.0,6.0,8736.3
3106,38,M,Secundaria,Oriente,,1385.23,522.0,13.0,2512.24
3107,26,M,Primaria,Sur,1144.19,2507.1,534.0,12.0,685.04
3108,45,M,Primaria,Centro,2558.55,5479.82,565.0,8.0,6045.05
3109,63,F,Secundaria,Norte,1367.33,2822.0,539.0,9.0,4566.87
3110,68,F,Universitario,Norte,4396.38,9012.44,705.0,10.0,12592.05
3111,24,M,Universitario,Sur,1470.5,1512.34,597.0,2.0,
3112,33,M,Primaria,Centro,,2726.54,592.0,5.0,3008.52
3113,33,F,Secundaria,Sur,2583.04,3946.29,,4.0,7846.94
3114,50,F,Secundaria,Norte,1179.43,,526.0,9.0,3610.35
3115,21,M,Universitario,Centro,5455.42,9169.02,726.0,9.0,17387.79
3116,21,F,Universitario,Centro,2247.14,3589.08,,5.0,7367.01
3117,56,F,Secundaria,,914.12,,467.0,9.0,
3118,57,F,Tecnico,Norte,2913.63,5439.53,606.0,6.0,8433.55
3119,34,M,Universitario,Oriente,4823.89,8015.1,743.0,6.0,14842.78
3120,54,M,Primaria,Norte,,56.09,443.0,12.0,1913.87
3121,56,M,Secundaria,Norte,1881.44,2684.55,575.0,13.0,5726.8
3122,69,M,Tecnico,Occidente,1401.54,2466.29,556.0,7.0,
3123,46,F,Primaria,Norte,764.29,405.37,484.0,10.0,
3124,69,M,Secundaria,Oriente,1063.05,2110.5,586.0,4.0,3381.69
3125,53,F,Primaria,Occidente,1348.57,1549.68,,9.0,3547.72
3126,55,M,Tecnico,Sur,3306.37,5797.63,655.0,8.0,10134.17
3127,56,F,Universitario,Sur,2401.22,4583.18,667.0,5.0,7928.03
3128,67,M,Tecnico,Centro,2283.26,3721.6,613.0,6.0,4880.84
3129,54,F,Primaria,Centro,,2573.39,456.0,10.0,500.0
3130,69,F,Primaria,Centro,1194.86,2445.7,440.0,11.0,2568.0
3131,52,F,Tecnico,Norte,1242.77,,542.0,6.0,
3132,24,M,Secundaria,,640.98,248.73,434.0,7.0,1977.87
3133,44,M,Tecnico,Oriente,1436.36,3827.74,609.0,4.0,4688.39
3134,45,F,Primaria,Norte,,4493.32,582.0,4.0,4209.81
3135,39,M,Universitario,Oriente,776.93,1113.62,423.0,,2614.53
3136,31,M,Universitario,Sur,3856.71,7173.56,702.0,6.0,12885.81
3137,24,M,Universitario,Norte,2685.65,4603.93,628.0,8.0,
3138,54,M,Secundaria,Norte,,3120.0,582.0,8.0,5294.91
3139,39,F,Tecnico,Centro,1413.6,2676.04,550.0,8.0,
3140,22,M,Secundaria,Sur,1788.56,1606.64,578.0,11.0,5746.26
3141,72,M,Universitario,Centro,4773.06,9505.59,715.0,8.0,20659.48
3142,19,M,Primaria,Sur,,3397.96,,8.0,2658.51
3143,44,F,Universitario,Sur,2193.28,3568.11,606.0,6.0,7606.36
3144,38,M,Secundaria,Oriente,5016.66,9278.55,706.0,4.0,18969.47
3145,71,M,Universitario,Norte,2639.38,5618.98,,3.0,6975.04
3146,55,F,Universitario,Sur,1178.46,4838.98,523.0,7.0,3449.12
3147,32,F,Secundaria,Norte,1705.31,3490.82,,9.0,6460.98
3148,38,F,Universitario,Norte,1828.42,3570.92,619.0,4.0,7150.48
3149,27,F,Secundaria,Centro,,2925.56,485.0,11.0,
3150,40,M,Postgrado,Oriente,5847.16,11292.22,741.0,10.0,22655.55
3151,75,F,Universitario,Occidente,3797.03,7259.97,637.0,8.0,12303.71
3152,73,M,Postgrado,Centro,1585.71,1823.04,495.0,8.0,5424.51
3153,56,F,Primaria,Sur,,1161.62,,,576.84
3154,22,M,Secundaria,Centro,1536.31,,533.0,10.0,6108.49
3155,18,F,Universitario,Sur,3544.21,5204.56,571.0,,11043.43
3156,30,F,Universitario,Centro,853.41,2044.99,441.0,12.0,4887.12
3157,38,M,Primaria,Centro,1851.35,2428.69,570.0,13.0,6753.98
3158,43,F,Primaria,Sur,3649.89,,763.0,11.0,13611.52
3159,67,M,Secundaria,Sur,2686.22,4195.15,541.0,4.0,6794.69
3160,62,M,Universitario,Norte,1747.09,3900.04,,4.0,5739.51
3161,38,M,Universitario,Sur,3180.89,5177.63,629.0,3.0,11653.09
3162,70,M,Secundaria,Centro,1759.01,4176.22,578.0,7.0,6385.82
3163,35,M,Primaria,Norte,,5860.56,595.0,5.0,7633.02
3164,54,F,Tecnico,Norte,3073.22,5983.51,691.0,6.0,7383.68
3165,62,M,Secundaria,Occidente,1041.12,1370.03,518.0,9.0,
3166,49,M,Universitario,Occidente,3171.09,6045.15,617.0,5.0,10569.62
3167,53,M,Secundaria,Norte,1060.2,1325.16,543.0,7.0,3417.59
3168,34,F,Tecnico,Sur,2828.47,4179.86,691.0,5.0,8835.73
3169,52,F,Universitario,Sur,2184.71,3521.58,650.0,3.0,7029.87
3170,66,F,Tecnico,Occidente,1853.32,3294.93,683.0,4.0,7591.21
3171,28,F,Secundaria,Occidente,1575.21,2326.1,,7.0,3263.25
3172,38,F,Universitario,Sur,1859.32,3136.03,583.0,7.0,4476.75
3173,69,F,Secundaria,Norte,1658.54,2539.25,,7.0,1365.31
3174,72,F,Universitario,Centro,3127.2,5640.28,695.0,6.0,7772.97
3175,70,M,Primaria,Oriente,1116.56,1827.91,493.0,10.0,1861.25
3176,43,F,Universitario,Occidente,,3567.28,677.0,5.0,10866.26
3177,21,M,Primaria,Centro,823.57,1453.08,,9.0,981.17
3178,51,F,Primaria,Oriente,702.46,626.08,472.0,7.0,500.0
3179,69,F,Secundaria,Sur,1556.89,,516.0,5.0,4779.96
3180,65,F,Postgrado,Norte,5456.55,9092.12,711.0,4.0,19035.84
3181,35,F,Postgrado,Sur,5072.71,9270.56,665.0,3.0,18056.49
3182,57,M,Secundaria,Norte,,4533.23,683.0,7.0,6791.79
3183,52,M,Primaria,Sur,1928.96,3574.81,576.0,5.0,7979.77
3184,58,M,Secundaria,Sur,1682.17,3610.58,568.0,6.0,3666.79
3185,46,F,Secundaria,Occidente,1182.09,2128.42,476.0,14.0,2266.2
3186,69,F,Universitario,Occidente,2249.31,4153.71,552.0,5.0,8281.89
3187,46,F,Secundaria,Norte,1432.64,,510.0,14.0,2611.33
3188,55,F,Universitario,Norte,1831.94,3692.6,547.0,8.0,6415.12
3189,59,F,Universitario,Oriente,3241.23,5718.86,623.0,6.0,7871.22
3190,38,F,Tecnico,Sur,1356.8,2942.95,499.0,12.0,664.99
3191,59,F,Universitario,Oriente,,1866.28,541.0,7.0,
3192,30,F,Secundaria,Centro,2359.79,4250.0,590.0,6.0,7757.41
3193,66,F,Primaria,Oriente,,2216.76,588.0,6.0,3241.27
3194,58,M,Universitario,Centro,1139.8,1924.42,499.0,9.0,
3195,34,F,Secundaria,Centro,1103.7,3613.22,516.0,7.0,1186.7
3196,73,M,Primaria,Norte,,714.87,558.0,8.0,1392.77
3197,26,M,Universitario,,2322.62,3817.0,576.0,9.0,
3198,58,F,Tecnico,Sur,4790.73,9249.63,754.0,9.0,15781.36
3199,18,M,Secundaria,Occidente,928.67,1099.52,482.0,12.0,
3200,19,F,Universitario,Oriente,1448.08,2694.7,,7.0,5385.73
3201,65,M,Secundaria,Norte,2780.63,4925.74,,8.0,6990.38
3202,46,M,Postgrado,Sur,3064.85,6196.89,633.0,4.0,8943.27
3203,50,M,Primaria,Norte,2068.17,3526.97,578.0,13.0,8609.9
3204,27,M,Tecnico,Sur,,1474.36,453.0,5.0,3246.84
3205,67,M,Universitario,Centro,4360.77,9200.72,651.0,4.0,15543.99
3206,75,M,Secundaria,Sur,1411.03,2437.13,578.0,10.0,
3207,57,M,Universitario,Sur,2337.5,4334.39,,6.0,10173.27
3208,38,M,Universitario,Centro,,2326.3,559.0,5.0,2355.67
3209,45,M,Universitario,Norte,5257.4,9596.29,720.0,4.0,15504.43
3210,28,F,Secundaria,Centro,,2657.69,,12.0,2618.95
3211,72,M,Tecnico,Occidente,1073.86,1816.9,484.0,7.0,1762.1
3212,51,F,Universitario,Centro,5067.28,8497.83,685.0,7.0,19762.27
3213,25,F,Secundaria,Oriente,,2468.27,587.0,9.0,7833.48
3214,39,M,Tecnico,Norte,3652.94,7514.92,624.0,9.0,10969.87
3215,25,F,Secundaria,Centro,1052.42,1541.66,514.0,,3222.53
3216,66,F,Primaria,Sur,1651.33,3414.26,626.0,8.0,4135.79
3217,32,F,Primaria,,2210.3,4532.5,510.0,8.0,6648.62
3218,34,M,Postgrado,Sur,1943.59,3318.22,605.0,8.0,7164.15
3219,40,F,Tecnico,Sur,2078.16,3677.87,586.0,14.0,3487.7
3220,41,F,Primaria,Oriente,977.36,1768.61,514.0,11.0,1879.52
3221,62,M,Universitario,Centro,2091.52,4409.43,579.0,5.0,6048.89
3222,36,M,Tecnico,Norte,1230.07,1562.66,577.0,8.0,
3223,22,M,Universitario,Centro,2794.66,4867.74,621.0,5.0,
3224,49,F,Primaria,Norte,1093.98,2203.51,517.0,8.0,1054.37
3225,61,M,Universitario,Occidente,1642.95,,584.0,7.0,5686.83
3226,18,F,Tecnico,Sur,3250.96,6348.93,652.0,6.0,9498.41
3227,40,M,Universitario,Centro,2448.19,,,7.0,4760.29
3228,54,F,Primaria,Occidente,607.23,831.71,454.0,10.0,500.0
3229,25,M,Secundaria,Occidente,1065.84,2245.02,480.0,11.0,1463.47
3230,30,M,Secundaria,Centro,752.82,314.55,,7.0,2207.58
3231,25,F,Postgrado,Occidente,2407.68,5739.08,651.0,7.0,8936.38
3232,74,M,Secundaria,Norte,1869.69,2126.48,,7.0,2828.17
3233,40,M,Tecnico,Occidente,2370.64,3358.71,580.0,6.0,6352.12
3234,60,M,Primaria,Centro,1818.84,2702.64,513.0,9.0,5352.66
3235,18,F,Secundaria,Sur,1080.01,,,5.0,500.0
3236,62,F,Secundaria,Centro,1329.21,2793.72,500.0,12.0,1000.18
3237,68,F,Universitario,Occidente,3077.3,5607.34,,8.0,9521.3
3238,41,M,Universitario,Norte,,5649.66,685.0,6.0,15988.62
3239,52,M,Postgrado,Centro,3161.5,7350.55,669.0,4.0,8814.67
3240,41,F,Universitario,Sur,3199.88,6360.02,676.0,7.0,11344.21
3241,34,F,Primaria,Sur,,,458.0,7.0,2496.73
3242,22,M,Universitario,Oriente,,2154.52,552.0,7.0,2830.8
3243,37,M,Secundaria,Oriente,2234.49,4341.41,602.0,7.0,5204.3
3244,38,M,Universitario,Oriente,,5682.95,,9.0,14197.51
3245,57,F,Primaria,Centro,1183.36,2533.58,,11.0,2397.31
3246,75,M,Universitario,Centro,2767.42,4949.25,616.0,12.0,8822.47
3247,48,F,Primaria,Centro,2044.59,,606.0,7.0,3268.52
3248,63,M,Secundaria,Occidente,1557.27,2866.72,510.0,11.0,500.0
3249,53,M,Primaria,Centro,333.78,378.95,,,2600.92
3250,28,M,Primaria,Centro,468.3,2148.31,459.0,4.0,526.18
3251,69,M,Secundaria,Sur,2887.71,5264.61,651.0,8.0,9996.08
3252,32,M,Universitario,Centro,3074.72,5337.03,,7.0,13280.94
3253,36,M,Universitario,Centro,3956.73,6435.15,730.0,7.0,14539.84
3254,24,M,Secundaria,Oriente,2826.07,4288.22,602.0,7.0,7106.97
3255,68,M,Primaria,Norte,2400.84,4356.27,728.0,11.0,9172.2
3256,45,M,Secundaria,Sur,800.81,1151.93,464.0,7.0,1264.15
3257,68,F,Universitario,Centro,2305.65,3557.85,586.0,4.0,9299.26
3258,60,M,Primaria,Centro,834.93,,520.0,5.0,500.0
3259,75,F,Tecnico,Occidente,2064.77,,575.0,3.0,2874.53
3260,22,M,Primaria,Centro,626.95,331.58,,4.0,1611.84
3261,22,M,Secundaria,Centro,,2371.22,622.0,8.0,
3262,47,M,Primaria,Occidente,558.61,0.0,418.0,6.0,1544.51
3263,71,M,Primaria,Norte,1085.91,1560.93,516.0,11.0,3348.97
3264,49,M,Secundaria,Norte,2933.35,4736.26,651.0,4.0,10253.55
3265,25,M,Secundaria,Centro,1067.23,1792.37,548.0,2.0,2423.5
3266,27,F,Secundaria,Sur,1066.55,1210.6,,7.0,2572.39
3267,55,M,Tecnico,Centro,1955.09,2100.69,654.0,7.0,6107.45
3268,64,M,Primaria,Sur,,2007.04,534.0,6.0,701.84
3269,49,M,Primaria,Norte,1402.07,3530.9,575.0,5.0,2476.06
3270,65,F,Secundaria,,1097.18,1466.54,493.0,7.0,1269.23
3271,45,F,Universitario,Sur,1843.06,4869.1,587.0,6.0,4410.53
3272,34,M,Tecnico,Norte,1828.16,2620.54,597.0,7.0,6751.87
3273,48,M,Universitario,Centro,3782.99,6873.13,674.0,6.0,11297.97
3274,25,F,Secundaria,Sur,1044.36,2138.33,462.0,3.0,500.0
3275,57,M,Secundaria,Occidente,1414.26,1712.2,532.0,15.0,3816.09
3276,42,F,Primaria,Norte,502.62,0.0,458.0,8.0,500.0
3277,26,F,Secundaria,Centro,1194.54,3018.9,497.0,7.0,500.0
3278,19,M,Tecnico,Centro,1882.78,4264.78,658.0,,6608.82
3279,32,M,Universitario,Oriente,3483.07,7383.9,666.0,8.0,9298.55
3280,67,F,Universitario,Occidente,,2529.67,586.0,9.0,3952.49
3281,20,M,Secundaria,Occidente,1551.23,3087.49,560.0,7.0,5774.94
3282,66,M,Secundaria,Centro,1776.48,3228.74,586.0,13.0,5442.79
3283,53,F,Primaria,Centro,547.74,907.14,500.0,6.0,
3284,21,M,Secundaria,Centro,817.23,1164.12,452.0,11.0,500.0
3285,31,M,Universitario,Centro,2945.59,5922.42,656.0,9.0,7644.58
3286,58,M,Primaria,Oriente,1272.91,4394.58,576.0,10.0,4440.26
3287,58,F,Postgrado,Norte,3555.19,,737.0,3.0,13848.21
3288,42,M,Secundaria,Sur,987.92,1920.87,,7.0,3530.71
3289,75,F,Secundaria,Occidente,833.26,975.12,432.0,8.0,500.0
3290,72,F,Primaria,Centro,,,509.0,5.0,500.0
3291,67,M,Tecnico,Sur,2037.79,1701.38,617.0,7.0,6978.5
3292,27,M,Secundaria,,,,455.0,9.0,1880.49
3293,38,M,Secundaria,Norte,1424.4,2855.51,546.0,8.0,3828.74
3294,53,F,Secundaria,Norte,3418.01,6348.86,653.0,9.0,10037.54
3295,29,F,Primaria,Norte,1532.52,2681.84,547.0,4.0,
3296,44,F,Secundaria,Norte,1007.18,338.79,495.0,10.0,
3297,57,M,Secundaria,Sur,1665.93,4195.81,564.0,7.0,5697.79
3298,19,F,Tecnico,Oriente,1567.43,3005.11,565.0,4.0,5382.53
3299,71,M,Universitario,Norte,5326.19,9568.69,721.0,7.0,20398.84
3300,30,F,Secundaria,Occidente,883.12,2596.64,,10.0,1897.72
3301,70,F,Tecnico,Oriente,,7107.02,655.0,8.0,8300.46
3302,49,M,Secundaria,Oriente,889.33,1429.16,429.0,3.0,500.0
3303,48,M,Universitario,Centro,2823.98,4876.0,553.0,9.0,8064.52
3304,33,F,Primaria,Norte,1576.79,3216.74,556.0,10.0,3779.46
3305,49,F,Primaria,Oriente,2046.12,4670.68,,9.0,3824.05
3306,49,M,Secundaria,Occidente,2150.31,4659.37,556.0,9.0,6534.55
3307,51,M,Universitario,Centro,1230.99,1442.94,545.0,6.0,2858.69
3308,28,F,Primaria,Oriente,1168.27,1233.54,524.0,7.0,
3309,27,M,Secundaria,Norte,1833.38,2609.13,546.0,8.0,7318.51
3310,32,M,Secundaria,Oriente,,4756.98,608.0,4.0,3937.71
3311,34,M,Primaria,Norte,710.6,971.75,,10.0,2179.03
3312,57,M,Universitario,Sur,1620.46,,588.0,10.0,4463.17
3313,35,M,Tecnico,Sur,919.41,617.51,404.0,7.0,4656.04
3314,72,F,Universitario,Centro,2543.34,3916.33,624.0,4.0,7480.44
3315,26,F,Primaria,Norte,1313.45,2757.15,577.0,5.0,5399.1
3316,42,M,Secundaria,Occidente,,1931.7,570.0,5.0,4145.45
3317,57,F,Universitario,Sur,2193.87,5372.95,587.0,6.0,7754.2
3318,31,M,Tecnico,Sur,1674.71,3903.06,507.0,11.0,4985.09
3319,75,M,Secundaria,Sur,1524.73,3852.62,648.0,5.0,4761.54
3320,42,F,Tecnico,Occidente,1622.23,3535.02,508.0,7.0,5342.84
3321,67,M,Universitario,Norte,1103.47,488.09,566.0,7.0,2918.34
3322,39,F,Primaria,Occidente,776.16,2296.32,448.0,7.0,500.0
3323,69,M,Tecnico,Centro,2416.46,4931.46,630.0,11.0,9385.26
3324,47,F,Secundaria,Norte,,1965.23,520.0,4.0,2776.82
3325,37,M,Postgrado,Sur,2609.92,4336.51,,3.0,7304.56
3326,38,M,Tecnico,Occidente,3159.41,6311.88,617.0,9.0,9810.35
3327,61,M,Primaria,Norte,2021.2,2370.08,648.0,3.0,5020.67
3328,49,F,Secundaria,Centro,,2707.1,424.0,5.0,4467.47
3329,68,F,Postgrado,Sur,6791.13,11708.67,736.0,4.0,24929.18
3330,63,F,Universitario,Centro,2290.35,4254.08,683.0,9.0,
3331,66,F,Secundaria,Occidente,2253.23,4215.77,631.0,,8037.0
3332,73,F,Tecnico,Sur,1881.86,2304.91,609.0,11.0,7764.04
3333,38,M,Tecnico,Oriente,1339.95,1119.47,553.0,6.0,500.0
3334,52,M,Primaria,Centro,,3361.69,572.0,8.0,1878.03
3335,75,F,Primaria,Centro,852.22,1493.31,470.0,8.0,1643.46
3336,49,F,Tecnico,Sur,1701.34,3286.44,616.0,13.0,6426.58
3337,47,F,Secundaria,Centro,1513.88,1913.41,506.0,3.0,3329.09
3338,72,M,Secundaria,Oriente,1336.69,3106.73,564.0,4.0,2874.97
3339,56,M,Universitario,Centro,1338.46,3379.02,502.0,4.0,6079.67
3340,66,F,Secundaria,Centro,1974.62,3333.2,569.0,4.0,2503.27
3341,29,F,Secundaria,Occidente,2213.27,,645.0,3.0,9000.81
3342,58,M,Primaria,Oriente,1333.71,1948.03,526.0,7.0,2538.49
3343,64,F,Tecnico,Norte,1334.59,2635.29,516.0,7.0,
3344,35,F,Tecnico,Occidente,4711.49,8838.93,763.0,3.0,
3345,38,M,Tecnico,Sur,,4460.16,518.0,,7210.54
3346,30,F,Secundaria,Sur,1310.63,3017.71,606.0,7.0,
3347,38,F,Tecnico,Centro,479.12,660.35,424.0,9.0,
3348,25,F,Universitario,Centro,1327.91,2815.64,575.0,5.0,4019.11
3349,63,F,Secundaria,Oriente,2635.22,5007.44,603.0,,4321.37
3350,57,F,Secundaria,Centro,6801.3,12281.24,778.0,9.0,25855.0
3351,63,M,Universitario,Norte,4460.95,9360.06,734.0,2.0,13911.22
3352,24,M,Primaria,Centro,724.67,802.85,430.0,10.0,1715.92
3353,40,M,Secundaria,Norte,1852.31,3814.61,563.0,8.0,7701.23
3354,61,M,Primaria,Oriente,1045.82,2348.21,,10.0,
3355,49,M,Secundaria,Norte,1295.14,3785.01,489.0,10.0,5465.11
3356,28,M,Secundaria,Centro,812.46,0.0,499.0,8.0,500.0
3357,39,M,Primaria,Occidente,1508.08,3687.1,543.0,5.0,4378.3
3358,39,M,Universitario,Sur,,1541.66,481.0,5.0,500.0
3359,60,F,Secundaria,Centro,551.95,0.0,453.0,13.0,500.0
3360,42,M,Tecnico,Sur,1498.2,1937.72,604.0,1.0,5381.66
3361,39,F,Secundaria,,471.68,0.0,456.0,,2265.16
3362,45,M,Tecnico,Norte,1259.55,3216.29,572.0,3.0,4505.61
3363,46,M,Secundaria,Sur,1981.46,4858.68,513.0,5.0,2784.15
3364,30,F,Universitario,Oriente,3902.03,6459.95,691.0,7.0,14763.5
3365,35,F,Universitario,Occidente,3155.58,5513.15,573.0,8.0,8649.27
3366,19,M,Tecnico,Oriente,1549.92,3694.34,498.0,6.0,3470.37
3367,46,M,Secundaria,Occidente,1184.3,3468.5,558.0,11.0,2125.65
3368,38,M,Universitario,Occidente,1570.32,2947.02,570.0,4.0,2186.8
3369,32,M,Secundaria,Oriente,,4819.12,689.0,3.0,9129.54
3370,69,M,Primaria,Occidente,717.82,156.26,458.0,9.0,2565.18
3371,44,F,Primaria,Sur,,1336.14,578.0,5.0,2090.67
3372,67,F,Postgrado,Norte,4525.91,9449.69,713.0,5.0,15915.37
3373,48,F,Secundaria,Norte,621.58,168.65,407.0,6.0,500.0
3374,32,M,Universitario,Norte,794.0,1742.58,504.0,6.0,500.0
3375,68,M,Secundaria,Occidente,2059.02,3513.03,601.0,4.0,7382.6
3376,40,M,Secundaria,Sur,776.78,1122.26,,5.0,3919.84
3377,41,M,Tecnico,Oriente,,2477.69,638.0,7.0,6767.36
3378,61,M,Primaria,Centro,840.1,1334.64,574.0,15.0,1377.02
3379,30,F,Universitario,Centro,2644.87,6066.55,610.0,8.0,9948.43
3380,39,M,Tecnico,Norte,2146.77,3854.94,622.0,6.0,9260.69
3381,60,F,Tecnico,Occidente,,5730.07,642.0,9.0,12749.17
3382,54,M,Tecnico,Occidente,2250.68,2875.18,582.0,9.0,5685.85
3383,50,F,Primaria,Oriente,1349.44,2338.96,533.0,8.0,3129.63
3384,73,F,Secundaria,Norte,3484.32,6123.52,704.0,6.0,11957.0
3385,20,F,Primaria,Norte,,1234.59,485.0,6.0,1992.57
3386,71,M,Secundaria,Centro,1624.72,3269.15,511.0,6.0,3609.29
3387,36,F,Universitario,Centro,3574.92,,653.0,6.0,13515.03
3388,40,F,Tecnico,Oriente,542.05,188.13,494.0,9.0,968.61
3389,46,F,Universitario,Norte,4807.73,8069.4,641.0,6.0,14415.92
3390,47,M,Tecnico,Sur,1687.91,3038.81,514.0,3.0,4684.56
3391,56,F,Secundaria,Sur,,5064.75,631.0,8.0,7594.75
3392,61,M,Tecnico,Centro,1496.79,2093.21,545.0,8.0,2510.96
3393,64,F,Universitario,Centro,3054.84,5127.13,574.0,6.0,8566.25
3394,42,F,Primaria,Occidente,1353.16,2171.2,529.0,10.0,3177.4
3395,54,M,Universitario,Centro,1482.37,2933.26,529.0,,4735.33
3396,64,M,Tecnico,Oriente,1541.91,3546.03,527.0,8.0,6290.42
3397,25,M,Primaria,Norte,1455.26,2929.97,632.0,4.0,
3398,59,F,Secundaria,Oriente,3006.96,4583.42,578.0,6.0,8532.26
3399,75,M,Secundaria,Norte,1349.88,2933.07,519.0,5.0,1618.38
3400,33,M,Secundaria,Sur,824.67,,,13.0,
3401,25,M,Universitario,Sur,2720.93,4932.6,563.0,11.0,5786.56
3402,18,F,Universitario,Norte,1998.16,3387.85,630.0,7.0,
3403,61,M,Universitario,,3575.43,7836.95,,11.0,13183.87
3404,22,F,Universitario,Occidente,1649.23,1919.45,509.0,6.0,5924.32
3405,20,M,Universitario,Norte,1245.35,,,6.0,4307.42
3406,18,F,Universitario,Oriente,4636.04,8625.47,713.0,5.0,18611.32
3407,21,F,Primaria,Sur,930.23,,,,2375.82
3408,57,M,Secundaria,Centro,1028.14,2363.94,466.0,7.0,1611.19
3409,52,M,Primaria,Norte,900.11,,467.0,12.0,500.0
3410,49,F,Secundaria,Norte,2870.57,4952.51,641.0,7.0,8510.48
3411,59,M,Universitario,Sur,6966.44,12234.69,708.0,7.0,22259.82
3412,51,M,Secundaria,Sur,1070.78,1032.46,564.0,10.0,4668.96
3413,60,F,Tecnico,Occidente,1708.66,1918.38,646.0,7.0,5811.36
3414,42,F,Tecnico,Sur,2081.91,4760.08,541.0,4.0,4195.71
3415,27,F,Primaria,Oriente,503.87,1036.64,,10.0,
3416,38,M,Secundaria,Norte,1183.37,1376.84,509.0,8.0,3641.17
3417,63,M,Secundaria,Sur,3659.27,5836.0,619.0,,9516.6
3418,56,M,Secundaria,Centro,,2370.09,558.0,4.0,4567.67
3419,44,F,Tecnico,Centro,3193.46,6476.61,,7.0,11263.56
3420,44,F,Secundaria,Oriente,1461.69,,564.0,6.0,6161.18
3421,19,F,Secundaria,Oriente,550.01,1436.26,459.0,6.0,890.65
3422,58,M,Primaria,Centro,,4641.33,617.0,4.0,7652.65
3423,65,F,Secundaria,Oriente,1341.5,,513.0,8.0,2980.14
3424,30,M,Primaria,Centro,2233.01,3375.17,671.0,6.0,4739.94
3425,26,M,Universitario,Occidente,,4496.76,603.0,12.0,8506.13
3426,69,F,Secundaria,Norte,1585.49,2613.49,,5.0,6085.18
3427,53,M,Universitario,Norte,3033.11,5079.66,678.0,6.0,8868.05
3428,39,F,Tecnico,Oriente,2124.41,3806.53,612.0,3.0,3248.41
3429,59,F,Universitario,,1137.4,1633.09,535.0,8.0,3220.91
3430,43,F,Secundaria,Sur,2424.21,3612.27,577.0,7.0,5844.92
3431,75,F,Secundaria,Sur,1575.18,3205.78,,5.0,3583.3
3432,71,F,Secundaria,,1606.38,3644.91,527.0,11.0,2748.04
3433,29,F,Primaria,Sur,1412.27,3367.77,,8.0,7782.77
3434,34,M,Universitario,Sur,3550.53,5572.54,643.0,9.0,11239.91
3435,31,M,Secundaria,Oriente,2360.81,5056.02,592.0,10.0,5916.93
3436,31,F,Postgrado,Occidente,4359.26,9121.16,664.0,6.0,11745.85
3437,74,F,Universitario,Centro,1163.74,1255.5,506.0,6.0,3768.75
3438,51,F,Primaria,Sur,,1415.91,515.0,14.0,3511.43
3439,70,M,Tecnico,Sur,1247.34,1238.57,519.0,,
3440,74,M,Secundaria,Norte,1729.8,2235.26,,9.0,3731.94
3441,37,M,Secundaria,Sur,1359.1,3589.91,527.0,11.0,4523.88
3442,28,F,Secundaria,Norte,3648.61,5843.98,610.0,8.0,9742.27
3443,33,F,Universitario,Norte,1277.35,2871.52,557.0,9.0,3131.39
3444,68,F,Secundaria,Occidente,1585.2,1618.78,577.0,8.0,5144.92
3445,48,M,Tecnico,Norte,1917.74,,615.0,5.0,6157.66
3446,72,M,Secundaria,Sur,,1681.31,540.0,5.0,2263.91
3447,23,F,Tecnico,Centro,1715.85,3553.92,581.0,12.0,5282.41
3448,73,F,Secundaria,Sur,4175.36,7357.24,646.0,6.0,11820.74
3449,36,M,Secundaria,Centro,1746.05,3087.81,551.0,6.0,4196.73
3450,54,F,Secundaria,Centro,3033.8,4831.04,672.0,5.0,
3451,75,M,Secundaria,Occidente,1293.98,1891.72,522.0,4.0,1844.22
3452,21,F,Tecnico,Centro,,3483.9,664.0,5.0,7470.48
3453,64,F,Secundaria,,1087.37,2506.11,,9.0,
3454,21,F,Postgrado,Centro,2138.04,4126.19,603.0,8.0,7017.74
3455,37,M,Primaria,Norte,,718.79,,9.0,1086.21
3456,27,M,Secundaria,Centro,901.59,1355.78,561.0,12.0,1949.7
3457,41,F,Primaria,Norte,,2429.05,421.0,4.0,4400.15
3458,71,F,Primaria,Sur,2545.54,5341.7,645.0,6.0,8510.55
3459,52,F,Universitario,Oriente,2323.98,3670.78,654.0,4.0,6927.77
3460,43,F,Universitario,Sur,2671.38,5348.56,560.0,5.0,6509.78
3461,54,M,Tecnico,Sur,3087.65,5046.49,617.0,6.0,11853.86
3462,55,F,Universitario,Norte,2129.38,3648.13,640.0,6.0,9635.47
3463,38,F,Universitario,Occidente,,2607.49,546.0,8.0,3510.5
3464,71,M,Tecnico,Centro,1291.93,3217.41,559.0,6.0,
3465,57,F,Universitario,Occidente,4095.46,6983.89,608.0,8.0,11767.53
3466,56,M,Secundaria,Norte,1646.13,1315.11,508.0,12.0,4934.84
3467,38,M,Tecnico,Occidente,1907.18,2658.67,562.0,6.0,5455.29
3468,27,M,Universitario,Sur,1560.51,4364.55,,9.0,5846.11
3469,55,F,Primaria,Norte,,,638.0,7.0,5932.49
3470,63,F,Universitario,Occidente,5743.31,8834.53,687.0,6.0,20774.96
3471,21,F,Primaria,Norte,,2887.06,485.0,5.0,1593.8
3472,74,F,Universitario,Oriente,3859.48,7498.96,709.0,5.0,12368.5
3473,62,M,Secundaria,Occidente,1167.25,1808.02,,10.0,3232.72
3474,37,M,Secundaria,Norte,2637.21,5169.43,642.0,14.0,9580.6
3475,34,M,Primaria,Centro,1531.29,2404.18,533.0,8.0,5656.26
3476,72,F,Universitario,Sur,1462.25,1853.3,534.0,9.0,2777.61
3477,24,F,Primaria,Sur,1419.49,3915.18,535.0,8.0,4654.93
3478,21,M,Tecnico,Occidente,2111.38,3264.49,560.0,9.0,4430.62
3479,46,F,Tecnico,Oriente,1970.08,2466.99,558.0,3.0,5334.79
3480,31,F,Secundaria,Centro,1846.03,1974.73,503.0,10.0,3709.49
3481,20,M,Postgrado,Oriente,3093.11,6615.9,620.0,7.0,9717.94
3482,41,F,Primaria,Occidente,1103.54,2124.08,461.0,12.0,
3483,54,F,Tecnico,Centro,2063.17,4385.41,571.0,5.0,3896.68
3484,33,F,Secundaria,Norte,1259.69,3755.19,518.0,8.0,4828.24
3485,75,M,Secundaria,Centro,1194.45,1742.93,561.0,6.0,3384.78
3486,72,F,Primaria,Occidente,2096.28,5469.48,594.0,,7329.63
3487,69,F,Universitario,Norte,1954.21,3420.4,598.0,4.0,4067.71
3488,21,M,Universitario,Occidente,2141.44,3913.86,,9.0,6556.25
3489,73,F,Primaria,Occidente,1026.83,2966.33,,7.0,2055.74
3490,41,M,Secundaria,Norte,,1855.57,493.0,10.0,545.36
3491,51,F,Postgrado,Centro,6726.21,12776.44,655.0,6.0,21798.45
3492,47,M,Primaria,Centro,634.05,756.43,,10.0,707.37
3493,35,F,Secundaria,Centro,1770.07,3505.81,,7.0,6376.26
3494,36,M,Secundaria,Centro,1398.48,3638.09,550.0,4.0,4340.86
3495,48,M,Secundaria,Oriente,,3871.14,551.0,3.0,4936.51
3496,36,M,Tecnico,Sur,,2637.74,545.0,3.0,
3497,66,M,Postgrado,Occidente,4316.59,7833.8,724.0,3.0,15994.44
3498,63,M,Secundaria,Centro,1775.56,2871.2,549.0,5.0,5222.26
3499,36,F,Universitario,Sur,3092.96,5505.04,622.0,2.0,10401.61
3500,39,M,Tecnico,Oriente,3924.19,8269.23,731.0,1.0,15077.7
3501,41,F,Secundaria,Centro,646.67,,406.0,4.0,3627.36
3502,62,M,Primaria,Centro,1294.68,3017.54,463.0,9.0,1683.16
3503,29,F,Universitario,Sur,1496.28,3094.28,580.0,10.0,5280.58
3504,47,F,Secundaria,Occidente,1094.05,3009.28,447.0,7.0,2806.43
3505,75,F,Secundaria,Centro,1041.6,1038.7,503.0,9.0,4452.68
3506,55,F,Postgrado,Sur,2969.69,5511.4,660.0,6.0,10820.52
3507,70,M,Universitario,Occidente,4199.15,9043.79,727.0,4.0,13653.17
3508,48,M,Postgrado,Norte,2818.79,4548.74,660.0,10.0,6313.18
3509,53,M,Secundaria,Centro,1791.89,4976.23,,8.0,
3510,36,M,Universitario,Sur,3553.01,5718.71,725.0,4.0,13373.51
3511,65,F,Tecnico,Norte,1283.52,2091.36,522.0,5.0,3532.4
3512,62,M,Postgrado,Sur,2397.34,4961.44,586.0,8.0,5753.98
3513,53,M,Postgrado,Norte,3374.38,6195.62,699.0,2.0,12400.08
3514,47,M,Postgrado,Occidente,1482.33,1051.42,512.0,14.0,2590.74
3515,72,F,Postgrado,Oriente,8638.63,15876.89,779.0,0.0,35135.6
3516,66,F,Primaria,Norte,1260.86,2377.95,519.0,4.0,4511.63
3517,72,M,Universitario,Norte,3272.16,5456.77,649.0,7.0,12263.25
3518,50,M,Secundaria,Oriente,1396.36,2311.89,639.0,6.0,4945.58
3519,35,F,Tecnico,Centro,2365.06,2607.12,615.0,6.0,8728.69
3520,69,F,Postgrado,Sur,3215.73,5349.36,571.0,8.0,8548.71
3521,66,M,Primaria,Centro,1616.88,3493.9,505.0,7.0,6592.48
3522,45,M,Tecnico,Norte,3247.54,5983.75,664.0,,10624.32
3523,64,F,Universitario,Centro,930.22,2483.62,436.0,7.0,
3524,28,F,Secundaria,Centro,1969.88,5032.82,558.0,5.0,6788.21
3525,74,M,Secundaria,Centro,,1604.09,568.0,10.0,4276.94
3526,71,F,Primaria,Oriente,772.22,678.19,467.0,6.0,2380.7
3527,62,F,Primaria,Sur,651.88,1933.93,481.0,6.0,2392.4
3528,50,F,Tecnico,Sur,1911.82,3317.03,635.0,9.0,6104.99
3529,34,F,Secundaria,Centro,1677.22,2873.3,,7.0,3981.51
3530,23,F,Primaria,Centro,872.17,3733.45,436.0,6.0,2581.01
3531,21,M,Postgrado,Norte,1796.89,4233.25,601.0,7.0,4334.13
3532,37,F,Tecnico,Centro,1877.91,3507.57,611.0,7.0,5328.7
3533,65,M,Secundaria,Sur,,3323.79,565.0,7.0,5264.69
3534,64,F,Secundaria,Oriente,2052.82,3865.62,563.0,6.0,4706.48
3535,44,M,Tecnico,Centro,2463.87,3383.88,619.0,2.0,8227.14
3536,32,F,Secundaria,Sur,2485.04,4755.71,622.0,4.0,9014.78
3537,23,M,Tecnico,Norte,2348.02,4115.13,558.0,10.0,5804.79
3538,64,M,Tecnico,Occidente,901.64,1099.24,525.0,8.0,2859.76
3539,31,M,Primaria,Occidente,1169.87,1801.11,498.0,9.0,6258.5
3540,28,F,Universitario,,3662.53,5592.56,663.0,9.0,11350.09
3541,56,F,Secundaria,Sur,2259.21,2835.85,625.0,5.0,7409.02
3542,26,F,Secundaria,Sur,4338.21,7254.31,692.0,7.0,13633.26
3543,43,F,Postgrado,Centro,4936.69,8216.37,699.0,6.0,14146.51
3544,33,M,Secundaria,Occidente,804.29,2985.14,428.0,7.0,1112.64
3545,22,F,Universitario,Oriente,1132.94,3162.51,566.0,9.0,2670.68
3546,74,F,Tecnico,Sur,1963.74,3170.94,,3.0,7927.43
3547,69,F,Primaria,Sur,,2860.38,587.0,5.0,6523.88
3548,27,F,Postgrado,Norte,2503.76,4501.81,616.0,4.0,6440.02
3549,67,F,Secundaria,Norte,2225.4,3580.43,633.0,8.0,6683.74
3550,20,M,Secundaria,Centro,463.18,82.02,,4.0,741.85
3551,30,F,Universitario,Norte,1902.97,3170.48,578.0,8.0,5806.05
3552,60,F,Tecnico,Occidente,667.67,815.54,,13.0,500.0
3553,66,F,Tecnico,Centro,1344.9,2296.47,519.0,8.0,3123.35
3554,47,F,Universitario,Occidente,2074.48,5377.58,618.0,5.0,9814.28
3555,71,M,Secundaria,Oriente,2546.78,4509.69,671.0,9.0,9525.66
3556,62,M,Primaria,Oriente,,301.41,426.0,8.0,500.0
3557,23,M,Primaria,Norte,1086.88,1794.99,469.0,10.0,
3558,34,M,Universitario,Centro,1867.24,4292.85,593.0,8.0,8086.69
3559,62,F,Secundaria,Centro,1476.97,4289.64,481.0,10.0,3469.26
3560,68,F,Secundaria,Occidente,,1302.82,598.0,7.0,3217.77
3561,70,M,Secundaria,Occidente,,2578.47,514.0,6.0,2391.19
3562,36,M,Secundaria,Centro,1106.25,2279.06,501.0,11.0,1523.53
3563,59,F,Tecnico,Centro,2198.67,4762.36,633.0,6.0,2824.3
3564,52,F,Postgrado,Sur,5530.08,9814.96,709.0,11.0,20218.4
3565,63,M,Secundaria,Centro,1592.93,2873.81,549.0,4.0,4706.91
3566,43,F,Secundaria,Oriente,3713.07,6348.41,689.0,7.0,12177.76
3567,68,F,Universitario,Oriente,2615.64,3665.18,612.0,6.0,8327.44
3568,22,M,Secundaria,,2072.23,4485.83,,,9681.0
3569,46,M,Universitario,Sur,1719.66,2335.18,568.0,6.0,6912.44
3570,54,M,Secundaria,Sur,1458.99,1370.32,,8.0,4300.52
3571,37,M,Secundaria,Centro,1292.47,1952.2,577.0,6.0,
3572,66,F,Postgrado,Oriente,1995.03,2248.01,581.0,5.0,4546.84
3573,38,F,Secundaria,Occidente,1053.83,1573.57,520.0,12.0,3106.85
3574,27,M,Secundaria,Norte,1710.74,2711.66,530.0,11.0,3149.48
3575,22,M,Primaria,Centro,2055.5,3626.67,510.0,10.0,6730.34
3576,53,M,Postgrado,Norte,4343.8,7436.66,735.0,5.0,15381.77
3577,23,F,Universitario,Oriente,2689.23,4885.13,,11.0,8884.25
3578,43,F,Secundaria,Norte,1022.34,3340.34,506.0,9.0,
3579,21,M,Universitario,Sur,2864.32,3158.78,633.0,7.0,7324.72
3580,56,M,Tecnico,Centro,1392.46,3729.59,628.0,7.0,2949.17
3581,56,F,Secundaria,Oriente,910.14,487.72,519.0,6.0,
3582,67,F,Universitario,Sur,1681.45,3387.72,598.0,5.0,4628.35
3583,52,M,Universitario,Centro,2320.21,,589.0,9.0,7239.37
3584,18,F,Secundaria,Centro,1121.5,1864.66,496.0,5.0,
3585,41,F,Primaria,Centro,1364.03,2617.31,537.0,11.0,
3586,74,M,Primaria,Oriente,1077.03,2526.66,540.0,7.0,3662.12
3587,53,M,Universitario,Oriente,2780.55,5842.28,625.0,6.0,10062.03
3588,23,M,Universitario,Centro,2009.68,2680.46,570.0,13.0,7007.08
3589,58,F,Tecnico,Centro,1817.99,3607.55,613.0,10.0,7522.77
3590,71,F,Universitario,Norte,1632.9,2890.27,634.0,7.0,3510.14
3591,63,F,Tecnico,Oriente,3578.37,6837.62,585.0,3.0,13149.23
3592,61,F,Universitario,Centro,1196.23,2545.17,559.0,7.0,2599.54
3593,74,F,Primaria,Occidente,3913.62,,675.0,5.0,14690.27
3594,48,F,Secundaria,Sur,1879.74,3392.33,,7.0,5657.4
3595,37,F,Secundaria,Sur,735.67,1757.36,452.0,9.0,2287.73
3596,41,M,Secundaria,Norte,,2462.25,540.0,9.0,5884.43
3597,42,F,Universitario,Norte,,5384.48,631.0,8.0,9532.1
3598,53,F,Universitario,Sur,4803.27,8055.14,646.0,6.0,16584.31
3599,38,F,Secundaria,Centro,811.59,3047.69,428.0,17.0,4331.26
3600,47,M,Postgrado,Norte,1818.41,3664.54,559.0,5.0,7236.95
3601,41,F,Secundaria,Oriente,,3352.4,572.0,8.0,4090.45
3602,61,F,Tecnico,Centro,2038.56,3215.14,647.0,11.0,6782.92
3603,59,M,Tecnico,Centro,,6390.44,703.0,4.0,14246.13
3604,47,F,Secundaria,Oriente,967.33,2085.03,485.0,5.0,2816.98
3605,39,M,Secundaria,Occidente,917.71,2644.49,439.0,6.0,2039.45
3606,45,F,Tecnico,Centro,4203.62,6649.6,687.0,5.0,14080.81
3607,24,F,Postgrado,Oriente,3120.37,4541.82,661.0,9.0,7161.79
3608,52,F,Tecnico,Sur,,1994.86,515.0,12.0,3985.3
3609,72,M,Secundaria,Occidente,2184.13,3609.9,599.0,4.0,7725.08
3610,45,M,Primaria,Norte,480.0,509.87,464.0,6.0,992.07
3611,31,F,Postgrado,Occidente,3830.13,7276.49,677.0,1.0,12495.22
3612,73,M,Secundaria,Centro,,2343.94,529.0,9.0,1396.7
3613,27,M,Universitario,Centro,1859.24,3162.24,573.0,7.0,5873.93
3614,33,M,Tecnico,Centro,,6793.91,700.0,6.0,11091.3
3615,33,F,Tecnico,Centro,2146.18,,521.0,12.0,5271.67
3616,71,F,Tecnico,Sur,1146.37,,539.0,7.0,4237.83
3617,48,M,Secundaria,Sur,1554.37,3153.27,482.0,8.0,5657.86
3618,59,F,Tecnico,Centro,1962.27,3592.73,573.0,8.0,5764.87
3619,42,F,Tecnico,Norte,1600.81,1988.61,491.0,,5622.54
3620,30,F,Tecnico,Centro,1141.56,,,6.0,3814.47
3621,23,M,Universitario,Centro,2560.02,4420.24,,7.0,5590.46
3622,61,F,Secundaria,Centro,2134.64,3796.15,,8.0,6745.19
3623,26,M,Tecnico,Centro,2139.52,3960.62,591.0,5.0,6361.1
3624,62,M,Primaria,Norte,905.67,669.17,491.0,5.0,2497.17
3625,53,M,Primaria,Centro,1142.79,3110.47,580.0,9.0,6190.92
3626,73,F,Tecnico,Oriente,707.63,1946.08,531.0,12.0,
3627,60,M,Primaria,Norte,2552.69,3938.72,571.0,10.0,5630.58
3628,37,F,Tecnico,Norte,1360.47,1614.37,511.0,3.0,
3629,35,M,Secundaria,Centro,1171.36,1478.62,497.0,10.0,1612.07
3630,75,M,Secundaria,Centro,884.86,952.67,531.0,4.0,847.73
3631,60,M,Primaria,Sur,1831.8,2398.13,568.0,12.0,2300.95
3632,74,M,Secundaria,Occidente,,4813.5,554.0,8.0,7780.61
3633,38,F,Universitario,Oriente,1843.86,3561.69,609.0,7.0,9482.22
3634,21,M,Tecnico,Sur,1034.73,866.46,,11.0,500.0
3635,67,M,Postgrado,Centro,3497.14,7929.01,733.0,3.0,12790.97
3636,50,M,Primaria,Centro,1051.75,1090.82,521.0,7.0,1909.48
3637,44,M,Universitario,Sur,3370.39,4448.37,691.0,4.0,11649.48
3638,24,M,Tecnico,Occidente,1637.61,3460.75,584.0,7.0,6735.28
3639,23,F,Secundaria,Occidente,1318.93,2363.96,486.0,3.0,2021.2
3640,32,F,Universitario,Centro,3183.34,5420.19,565.0,6.0,9469.38
3641,35,F,Tecnico,Centro,874.04,1682.74,543.0,13.0,2873.15
3642,49,F,Secundaria,Centro,1322.85,2342.88,562.0,9.0,5234.78
3643,73,F,Tecnico,Norte,2084.01,,562.0,12.0,
3644,28,F,Secundaria,Oriente,1203.99,2006.24,412.0,9.0,
3645,37,M,Secundaria,Centro,1686.35,2639.78,621.0,8.0,7366.62
3646,41,M,Secundaria,Centro,,3152.06,571.0,9.0,5024.31
3647,32,M,Universitario,Oriente,3496.72,6928.79,708.0,5.0,13418.09
3648,65,M,Secundaria,Norte,1386.88,2418.39,564.0,7.0,3467.77
3649,24,M,Secundaria,Centro,580.0,1004.87,403.0,16.0,500.0
3650,38,F,Tecnico,Norte,,2638.41,456.0,9.0,786.1
3651,59,M,Universitario,Centro,3057.93,5541.19,648.0,6.0,9103.41
3652,43,F,Universitario,Norte,2611.08,3531.69,,7.0,8715.9
3653,61,M,Primaria,Sur,1125.42,2088.91,,4.0,2280.92
3654,73,M,Tecnico,Oriente,1783.96,3217.18,578.0,7.0,6340.08
3655,31,F,Secundaria,Sur,1097.02,2180.18,537.0,7.0,
3656,74,F,Tecnico,Sur,1432.78,2763.34,554.0,4.0,3806.59
3657,54,M,Tecnico,,1441.51,2607.28,573.0,8.0,4825.9
3658,75,F,Universitario,Centro,2255.9,4322.57,628.0,4.0,9768.86
3659,38,F,Universitario,Oriente,2517.19,3563.95,666.0,,8042.13
3660,35,M,Tecnico,Centro,1716.17,4898.15,585.0,13.0,4489.08
3661,22,M,Tecnico,Centro,1493.09,2745.19,506.0,10.0,7752.66
3662,20,F,Secundaria,Norte,1963.74,2680.08,522.0,15.0,3882.81
3663,40,F,Primaria,,1768.51,,646.0,10.0,6399.01
3664,43,M,Postgrado,Occidente,6043.58,11248.98,686.0,8.0,21760.47
3665,54,M,Secundaria,Norte,1411.58,2223.54,535.0,9.0,3533.86
3666,41,M,Tecnico,Centro,1422.29,,540.0,8.0,4042.81
3667,66,F,Universitario,Sur,2444.31,6094.83,599.0,12.0,6633.78
3668,36,M,Primaria,Centro,927.04,1689.5,529.0,8.0,3402.77
3669,68,F,Universitario,Occidente,2506.84,5382.36,,7.0,8257.78
3670,42,M,Universitario,Occidente,2884.38,4409.36,576.0,4.0,10560.18
3671,38,M,Universitario,Centro,2499.66,4708.8,631.0,7.0,8971.65
3672,29,M,Primaria,Norte,1088.02,1276.41,497.0,10.0,3514.09
3673,74,F,Tecnico,Norte,2552.49,,653.0,8.0,8065.27
3674,58,F,Primaria,Centro,2633.94,,709.0,5.0,10023.79
3675,50,M,Tecnico,Centro,1330.66,3581.55,506.0,12.0,4816.13
3676,67,M,Tecnico,Centro,2196.88,4727.91,558.0,11.0,6598.8
3677,70,F,Primaria,Oriente,1162.96,4269.38,641.0,6.0,4311.6
3678,21,F,Tecnico,Centro,1181.05,2084.42,466.0,7.0,500.0
3679,59,M,Secundaria,Norte,1122.22,2291.51,592.0,12.0,2823.54
3680,74,F,Universitario,Centro,2126.45,,689.0,9.0,7474.43
3681,24,F,Tecnico,Oriente,3526.42,6439.09,645.0,5.0,11669.35
3682,39,M,Secundaria,Centro,2291.32,4834.27,654.0,11.0,6296.65
3683,72,M,Secundaria,Centro,1063.61,1482.57,471.0,11.0,
3684,50,M,Universitario,Centro,3116.99,5057.03,673.0,12.0,7948.68
3685,34,F,Secundaria,Centro,954.45,1307.43,527.0,5.0,2618.55
3686,41,F,Secundaria,Centro,1130.13,1227.81,470.0,11.0,2645.82
3687,51,F,Primaria,Occidente,,2626.57,657.0,4.0,9282.06
3688,45,M,Secundaria,Oriente,3686.17,6511.29,,6.0,14396.01
3689,75,M,Universitario,Sur,1091.01,176.09,587.0,11.0,
3690,60,F,Universitario,Occidente,2521.57,4217.7,,,6870.84
3691,58,M,Secundaria,Sur,1860.14,,490.0,,5261.12
3692,56,M,Secundaria,Oriente,1363.21,3734.75,551.0,7.0,7129.51
3693,39,F,Secundaria,Centro,1589.61,2541.21,552.0,7.0,5938.9
3694,66,M,Postgrado,Sur,2881.56,2937.51,691.0,9.0,10205.56
3695,34,M,Tecnico,Norte,2351.13,4256.66,559.0,10.0,5731.01
3696,51,M,Universitario,Centro,2095.86,3985.04,696.0,5.0,
3697,23,M,Tecnico,Centro,2229.9,3532.78,,11.0,5488.11
3698,63,F,Universitario,Sur,3896.85,8304.77,743.0,4.0,16770.61
3699,23,M,Postgrado,Centro,4648.79,8839.28,,,13817.98
3700,51,M,Primaria,Sur,1125.02,1827.95,506.0,7.0,3316.01
3701,18,F,Postgrado,Oriente,1139.41,2472.47,582.0,7.0,4525.35
3702,27,M,Universitario,Norte,2905.37,6469.06,603.0,7.0,7955.87
3703,38,F,Secundaria,Centro,776.99,426.88,412.0,13.0,728.27
3704,22,M,Universitario,Norte,2840.44,4456.39,632.0,7.0,8220.96
3705,19,M,Universitario,Norte,2723.55,4922.56,665.0,6.0,11254.11
3706,39,M,Universitario,Sur,2174.8,2574.84,586.0,5.0,5183.62
3707,65,M,Secundaria,Oriente,1617.02,3139.17,562.0,6.0,4128.66
3708,74,F,Tecnico,Centro,3685.22,7951.04,683.0,7.0,11486.7
3709,19,M,Primaria,Oriente,2053.45,3595.11,574.0,16.0,6749.58
3710,27,M,Universitario,Occidente,1989.71,2314.16,608.0,4.0,4616.41
3711,51,M,Postgrado,Centro,1436.0,3226.44,,8.0,2173.61
3712,33,M,Tecnico,Sur,3587.6,7772.63,615.0,6.0,11248.77
3713,65,M,Secundaria,Norte,771.37,0.0,,7.0,3502.62
3714,68,M,Universitario,Oriente,2630.58,5160.64,612.0,8.0,10070.96
3715,56,F,Secundaria,Norte,1492.36,3204.11,596.0,7.0,3277.34
3716,39,F,Tecnico,Sur,2178.08,4302.64,584.0,10.0,6125.21
3717,29,M,Tecnico,Centro,3149.3,5856.61,667.0,2.0,12770.12
3718,41,F,Primaria,,1231.58,2312.48,546.0,6.0,4195.15
3719,64,F,Primaria,Centro,,1588.02,485.0,9.0,2024.8
3720,57,M,Tecnico,Norte,2107.95,4978.6,599.0,7.0,4903.59
3721,55,F,Secundaria,Centro,833.69,1572.75,,6.0,3804.45
3722,27,F,Universitario,Oriente,1713.09,5011.42,524.0,9.0,5223.58
3723,52,M,Secundaria,Sur,,3262.3,585.0,5.0,5423.2
3724,68,F,Primaria,Occidente,1611.88,2990.05,549.0,7.0,3777.23
3725,66,M,Tecnico,Oriente,3520.45,5602.59,635.0,6.0,9501.4
3726,49,M,Tecnico,Sur,2970.58,5797.37,650.0,9.0,8321.86
3727,24,F,Tecnico,Norte,2629.01,4064.27,674.0,4.0,7816.89
3728,38,M,Tecnico,Norte,2921.2,4732.29,636.0,11.0,7959.17
3729,37,M,Tecnico,Occidente,2324.88,3894.35,,3.0,5704.9
3730,43,M,Tecnico,Occidente,1868.85,2339.96,587.0,14.0,5645.2
3731,21,F,Primaria,Centro,733.93,2729.05,444.0,9.0,1458.66
3732,63,F,Secundaria,Sur,1585.73,,531.0,5.0,3825.48
3733,69,F,Secundaria,Oriente,754.96,1576.64,476.0,7.0,2990.68
3734,39,F,Primaria,Sur,943.78,1061.72,,,
3735,32,M,Secundaria,Oriente,1515.0,1582.83,493.0,6.0,3619.51
3736,73,M,Secundaria,Norte,1636.15,2763.6,562.0,6.0,3533.78
3737,57,F,Postgrado,Occidente,2561.51,4497.44,,6.0,10915.56
3738,38,F,Secundaria,Centro,685.59,2449.28,443.0,7.0,500.0
3739,32,M,Secundaria,Centro,1143.19,2390.94,463.0,7.0,
3740,39,M,Universitario,Centro,2128.5,4003.26,622.0,10.0,5607.27
3741,69,F,Secundaria,Sur,1721.48,3708.07,623.0,5.0,4369.78
3742,45,F,Secundaria,Sur,,3486.52,592.0,4.0,7519.84
3743,31,F,Secundaria,Oriente,1278.51,,513.0,7.0,1987.14
3744,44,M,Secundaria,Sur,1267.35,,539.0,5.0,500.0
3745,58,F,Secundaria,Sur,1161.03,1514.27,531.0,6.0,4869.2
3746,57,F,Secundaria,,1497.3,2932.24,528.0,,5852.82
3747,75,M,Universitario,Occidente,3894.92,5843.41,,9.0,11932.22
3748,45,F,Primaria,Norte,754.03,1172.77,437.0,4.0,1304.89
3749,43,F,Secundaria,Sur,622.01,,395.0,4.0,1973.37
3750,66,F,Tecnico,Norte,2072.72,3975.7,593.0,11.0,4150.18
3751,19,F,Secundaria,Centro,2432.2,4298.59,617.0,9.0,4994.4
3752,42,F,Secundaria,Centro,1722.73,2681.93,560.0,8.0,5205.55
3753,73,F,Universitario,Occidente,1631.27,2247.39,599.0,6.0,4641.8
3754,20,M,Universitario,Norte,2191.15,4951.43,592.0,3.0,5984.92
3755,25,F,Universitario,Centro,2379.85,4365.09,659.0,5.0,7073.4
3756,61,F,Secundaria,Oriente,2149.04,3460.3,641.0,4.0,5696.88
3757,50,F,Postgrado,Norte,2269.87,3842.93,546.0,10.0,8438.26
3758,59,M,Secundaria,Oriente,3149.48,4960.01,637.0,6.0,10197.78
3759,69,F,Primaria,Occidente,1050.3,1980.37,478.0,6.0,1603.34
3760,52,M,Secundaria,Oriente,1137.67,2133.39,538.0,9.0,4066.94
3761,23,F,Universitario,Norte,2631.72,5226.56,650.0,10.0,9708.73
3762,56,F,Primaria,Centro,659.04,0.0,479.0,10.0,2414.02
3763,69,M,Tecnico,Norte,4788.13,8725.57,654.0,9.0,15930.07
3764,40,F,Universitario,Norte,2950.21,5760.36,631.0,9.0,7878.73
3765,42,M,Secundaria,Norte,1324.35,2254.98,573.0,8.0,1320.25
3766,67,M,Tecnico,Occidente,,3261.68,544.0,7.0,1921.19
3767,60,F,Secundaria,Sur,1427.68,3089.5,,6.0,3388.64
3768,36,M,Secundaria,Centro,2297.1,5004.12,680.0,10.0,6483.79
3769,22,M,Secundaria,Centro,1213.81,1327.89,517.0,6.0,1123.13
3770,68,M,Tecnico,Sur,1348.14,969.53,,10.0,3311.78
3771,28,M,Secundaria,Centro,2003.87,3834.34,586.0,8.0,3331.82
3772,73,F,Universitario,Occidente,1589.24,1237.46,546.0,8.0,7118.32
3773,29,M,Postgrado,Norte,3574.88,5958.01,591.0,8.0,10710.04
3774,27,F,Universitario,Occidente,2805.24,5026.53,612.0,5.0,8766.36
3775,25,M,Primaria,Sur,,3081.64,552.0,11.0,3148.57
3776,41,M,Primaria,Occidente,1455.23,,538.0,7.0,4223.52
3777,45,M,Secundaria,Norte,984.42,,510.0,13.0,3350.96
3778,58,F,Universitario,Norte,2276.71,3541.37,591.0,10.0,5648.64
3779,53,F,Postgrado,Sur,3012.77,4694.92,,4.0,8574.09
3780,54,F,Universitario,Occidente,2615.42,6519.61,647.0,5.0,10598.8
3781,38,F,Tecnico,Oriente,795.24,1309.56,,9.0,2948.81
3782,25,M,Primaria,Sur,618.35,1217.28,,5.0,
3783,72,F,Universitario,Norte,6725.01,11654.23,767.0,7.0,27578.67
3784,26,F,Primaria,Centro,1611.89,2195.34,551.0,14.0,5905.68
3785,64,M,Primaria,Centro,1138.5,1923.69,485.0,13.0,3967.65
3786,32,M,Universitario,Sur,2436.16,5224.98,607.0,8.0,8160.52
3787,65,F,Tecnico,,4668.99,8226.8,,10.0,13953.03
3788,63,M,Primaria,Centro,538.09,0.0,,3.0,3553.35
3789,57,F,Secundaria,Sur,,2046.36,645.0,8.0,4055.35
3790,35,M,Primaria,Occidente,1015.53,3336.9,,12.0,5290.3
3791,59,M,Tecnico,Sur,3256.41,3834.86,670.0,10.0,12233.21
3792,37,F,Secundaria,Sur,1924.09,2880.21,573.0,6.0,4586.25
3793,23,F,Universitario,,6121.55,11370.6,768.0,8.0,24589.21
3794,29,M,Secundaria,Norte,,,644.0,2.0,9584.96
3795,19,F,Secundaria,Norte,,2503.12,530.0,2.0,3377.16
3796,24,M,Primaria,Oriente,1041.78,2590.24,528.0,7.0,4416.83
3797,33,M,Secundaria,Centro,2006.55,3436.24,522.0,6.0,5680.6
3798,20,F,Tecnico,Centro,3313.08,5146.56,699.0,4.0,13247.58
3799,62,F,Universitario,Centro,1814.92,3091.48,610.0,7.0,7326.91
3800,20,M,Secundaria,Sur,,3855.35,526.0,12.0,4456.07
3801,44,M,Secundaria,Centro,623.98,0.0,418.0,5.0,
3802,67,F,Universitario,Centro,2208.68,3608.84,604.0,5.0,7404.8
3803,60,M,Secundaria,Centro,3378.91,6097.25,749.0,4.0,14393.62
3804,57,F,Primaria,Centro,2448.86,3883.37,611.0,7.0,5860.0
3805,55,F,Secundaria,Occidente,2156.87,3462.87,576.0,6.0,6206.39
3806,50,M,Tecnico,Occidente,4074.45,7659.33,656.0,10.0,12324.28
3807,45,F,Primaria,Oriente,,2039.26,430.0,9.0,1013.37
3808,18,F,Secundaria,Occidente,1388.5,3257.63,562.0,6.0,6226.99
3809,72,M,Tecnico,Centro,1682.21,3471.12,606.0,5.0,3728.57
3810,25,M,Postgrado,Oriente,4284.7,8540.97,565.0,4.0,13851.17
3811,54,M,Secundaria,Centro,5716.87,9772.79,781.0,2.0,25716.69
3812,49,F,Primaria,Oriente,1435.8,4669.03,539.0,9.0,500.0
3813,65,F,Tecnico,Norte,1126.79,685.41,493.0,8.0,3133.65
3814,60,M,Secundaria,Oriente,946.16,2346.06,,9.0,2070.17
3815,54,M,Secundaria,Norte,,1056.59,453.0,7.0,2678.83
3816,21,M,Tecnico,Centro,1198.31,845.39,530.0,,3886.2
3817,47,F,Universitario,Oriente,1617.14,4247.15,599.0,8.0,7271.6
3818,23,M,Universitario,Oriente,2551.05,4294.63,574.0,8.0,5984.22
3819,63,F,Secundaria,Sur,822.65,460.5,404.0,6.0,
3820,71,M,Universitario,Sur,3165.32,5374.65,649.0,6.0,9441.32
3821,36,F,Secundaria,Norte,2313.64,3619.45,566.0,8.0,4826.48
3822,49,M,Secundaria,Sur,1150.72,1942.31,520.0,5.0,821.45
3823,26,F,Universitario,Norte,2716.15,4626.54,663.0,6.0,3793.29
3824,29,M,Universitario,Oriente,3157.2,4595.54,606.0,6.0,9873.89
3825,28,F,Primaria,Sur,,3171.45,583.0,4.0,5882.21
3826,63,M,Primaria,Occidente,,2355.04,585.0,8.0,4266.96
3827,72,M,Secundaria,Centro,1037.84,3166.77,517.0,10.0,2503.13
3828,33,F,Tecnico,Centro,1857.17,4499.48,595.0,7.0,5860.55
3829,18,F,Universitario,Centro,2132.32,3842.92,561.0,3.0,6308.2
3830,62,M,Primaria,Centro,1329.26,2761.15,592.0,5.0,5505.93
3831,72,M,Secundaria,Norte,1017.63,,527.0,8.0,1116.82
3832,70,F,Secundaria,Oriente,799.97,1967.29,437.0,9.0,4328.88
3833,38,F,Primaria,Centro,480.89,3051.85,486.0,11.0,500.0
3834,47,M,Universitario,Sur,1101.5,1066.91,,8.0,500.0
3835,30,F,Universitario,,1032.63,1369.98,541.0,4.0,1332.15
3836,51,M,Secundaria,Norte,2422.56,4557.11,570.0,6.0,8566.91
3837,21,F,Primaria,Sur,1288.8,2467.69,525.0,5.0,5461.27
3838,45,F,Primaria,Occidente,1229.8,,572.0,7.0,
3839,55,M,Secundaria,Centro,1319.45,1826.09,482.0,10.0,2285.26
3840,75,F,Secundaria,Norte,675.84,95.01,475.0,8.0,1334.56
3841,48,M,Secundaria,Norte,1806.09,2565.71,,10.0,3639.1
3842,72,F,Secundaria,Occidente,,3832.8,569.0,5.0,3556.37
3843,44,F,Secundaria,Oriente,1538.34,4395.93,611.0,10.0,3143.13
3844,22,F,Universitario,,1632.76,3368.67,547.0,10.0,3137.7
3845,42,M,Primaria,Norte,,1313.22,518.0,4.0,1855.42
3846,20,M,Universitario,Occidente,2907.21,5894.67,666.0,6.0,11051.62
3847,50,M,Tecnico,Oriente,1295.34,1246.15,481.0,14.0,3903.78
3848,21,F,Universitario,Occidente,3714.15,6660.18,605.0,8.0,11666.48
3849,42,F,Primaria,Norte,2466.48,3962.82,644.0,7.0,6403.33
3850,37,F,Universitario,Oriente,3934.32,6855.3,,4.0,11532.73
3851,51,M,Primaria,Sur,1275.67,1844.42,493.0,7.0,3299.77
3852,43,F,Postgrado,Sur,3173.14,4823.38,639.0,9.0,12329.1
3853,22,F,Tecnico,Centro,1808.47,4615.49,579.0,9.0,7668.56
3854,52,F,Secundaria,Oriente,2078.03,3242.54,571.0,10.0,6736.71
3855,45,M,Secundaria,Occidente,2905.95,4729.35,678.0,5.0,
3856,46,M,Universitario,Oriente,3104.81,5542.47,649.0,5.0,11727.47
3857,26,F,Universitario,Sur,1082.77,2114.61,,12.0,2287.36
3858,69,F,Universitario,Sur,1666.33,4290.9,557.0,12.0,7596.91
3859,55,M,Universitario,Sur,,4278.43,631.0,8.0,6985.57
3860,67,F,Universitario,Centro,3927.69,7512.86,680.0,7.0,14514.71
3861,23,M,Tecnico,Centro,4862.29,7275.12,621.0,10.0,17380.05
3862,36,F,Primaria,Oriente,1225.78,2450.19,593.0,7.0,703.47
3863,61,F,Primaria,Norte,1682.72,2421.29,484.0,7.0,3299.21
3864,74,M,Tecnico,Oriente,954.32,1124.64,,6.0,2258.28
3865,28,F,Secundaria,Oriente,1063.49,963.58,465.0,10.0,2437.26
3866,19,M,Tecnico,Sur,2017.79,3363.33,561.0,12.0,6632.87
3867,64,M,Secundaria,Occidente,621.91,1425.85,523.0,12.0,500.0
3868,61,F,Tecnico,Centro,2087.77,4103.55,505.0,12.0,7012.18
3869,61,M,Secundaria,Norte,1313.19,2522.59,533.0,7.0,1946.35
3870,26,M,Secundaria,Centro,,2172.14,596.0,7.0,5145.16
3871,38,M,Secundaria,Occidente,1079.51,1363.16,,7.0,500.0
3872,41,M,Primaria,Occidente,1516.62,2395.86,566.0,,2440.03
3873,51,M,Universitario,Centro,3935.48,,726.0,5.0,14436.06
3874,39,M,Tecnico,Norte,2504.5,3252.62,614.0,9.0,7680.14
3875,20,F,Universitario,Centro,3169.88,5499.94,699.0,2.0,9293.19
3876,29,M,Secundaria,Sur,1889.45,3103.3,576.0,9.0,5289.61
3877,45,F,Primaria,Sur,1198.56,2440.28,498.0,7.0,2589.85
3878,47,M,Primaria,Sur,995.74,4056.56,516.0,10.0,4453.5
3879,43,M,Primaria,Oriente,1823.43,3272.94,623.0,9.0,6016.76
3880,65,M,Primaria,Oriente,,1526.9,453.0,8.0,2748.78
3881,38,F,Primaria,Centro,,3214.34,538.0,10.0,5752.74
3882,45,F,Universitario,Centro,2990.35,5220.77,598.0,8.0,10604.4
3883,73,F,Universitario,Oriente,1588.88,3204.2,552.0,7.0,5094.15
3884,43,M,Universitario,Sur,1573.45,,536.0,8.0,2641.69
3885,50,F,Postgrado,Norte,4220.34,7362.68,698.0,,13575.04
3886,38,M,Secundaria,Centro,1637.43,4166.38,,2.0,4880.56
3887,52,M,Tecnico,Oriente,2159.14,4041.19,594.0,6.0,7235.51
3888,69,F,Primaria,Norte,1148.07,2704.16,553.0,4.0,2688.48
3889,51,M,Primaria,Sur,2435.43,5206.35,637.0,9.0,7799.23
3890,58,F,Universitario,Sur,3229.31,6871.58,691.0,7.0,9745.71
3891,68,M,Universitario,Norte,4624.08,9232.54,732.0,6.0,16642.03
3892,64,F,Universitario,,2225.76,5119.89,641.0,7.0,7695.79
3893,35,F,Universitario,Norte,3712.29,6819.09,627.0,10.0,11938.12
3894,75,F,Secundaria,Centro,1387.24,1934.85,518.0,5.0,6818.19
3895,28,M,Secundaria,Centro,,2346.62,556.0,9.0,4258.3
3896,74,M,Secundaria,Sur,920.39,,413.0,5.0,500.0
3897,40,F,Postgrado,Oriente,,7001.66,608.0,4.0,13843.27
3898,65,M,Postgrado,Norte,2177.8,3446.54,595.0,5.0,3643.25
3899,39,F,Tecnico,Oriente,1356.69,1247.01,533.0,5.0,3393.72
3900,34,F,Primaria,Norte,642.7,1893.29,,5.0,632.51
3901,22,M,Secundaria,Sur,614.09,2173.05,359.0,10.0,500.0
3902,61,F,Secundaria,Sur,1500.26,2117.24,,8.0,5756.29
3903,28,F,Universitario,Sur,1693.76,3560.57,536.0,5.0,4665.24
3904,47,M,Primaria,Centro,1407.0,4659.38,485.0,9.0,2047.54
3905,32,M,Secundaria,Norte,1437.81,3541.34,433.0,11.0,2329.1
3906,44,M,Secundaria,Centro,2411.89,3520.38,649.0,8.0,8679.62
3907,52,M,Universitario,Norte,5827.2,,720.0,4.0,23510.35
3908,50,F,Secundaria,Occidente,2556.46,4464.89,590.0,8.0,8566.28
3909,37,M,Tecnico,Norte,1807.74,3951.57,607.0,14.0,3180.98
3910,33,F,Secundaria,Centro,1995.79,5442.47,609.0,6.0,3813.94
3911,51,M,Secundaria,Centro,2758.33,4910.76,641.0,8.0,9457.95
3912,19,F,Secundaria,Sur,,3185.92,506.0,6.0,1911.55
3913,52,F,Universitario,Oriente,3663.66,5992.3,655.0,5.0,11559.97
3914,57,M,Universitario,Centro,4451.21,7626.75,717.0,3.0,14295.52
3915,73,M,Secundaria,Norte,,1394.5,,7.0,3567.95
3916,45,F,Secundaria,Oriente,1864.42,4656.43,565.0,7.0,6882.53
3917,64,F,Universitario,Norte,6291.72,9996.78,675.0,2.0,
3918,56,M,Tecnico,Sur,1397.16,1609.69,555.0,11.0,5514.06
3919,23,M,Primaria,Oriente,,2024.66,528.0,5.0,1055.06
3920,26,M,Secundaria,Centro,1866.88,5000.22,577.0,10.0,6595.93
3921,37,M,Tecnico,Centro,1197.01,632.36,509.0,3.0,
3922,18,F,Tecnico,Norte,1660.09,3283.6,496.0,9.0,2824.7
3923,25,F,Postgrado,Oriente,1844.15,2180.38,586.0,8.0,6650.22
3924,72,M,Universitario,Oriente,1085.24,3295.2,549.0,4.0,3771.48
3925,40,F,Primaria,Centro,1332.7,2535.22,528.0,14.0,1481.16
3926,20,M,Universitario,Centro,1260.9,3514.0,496.0,3.0,1264.07
3927,21,F,Secundaria,Sur,,1100.4,446.0,8.0,2601.4
3928,75,M,Tecnico,Centro,3041.23,5109.42,702.0,8.0,10103.89
3929,42,M,Tecnico,Norte,1944.24,2752.44,660.0,5.0,6033.5
3930,64,M,Secundaria,Sur,1540.32,3931.6,558.0,9.0,4422.91
3931,55,M,Universitario,Oriente,2083.39,4887.97,596.0,10.0,4678.62
3932,32,F,Tecnico,Centro,3528.83,5827.46,670.0,4.0,13728.79
3933,38,F,Universitario,Norte,6524.29,12524.24,764.0,2.0,24385.57
3934,52,M,Secundaria,Oriente,2010.97,3537.71,627.0,2.0,7414.76
3935,74,F,Secundaria,Centro,488.07,0.0,481.0,10.0,1035.75
3936,70,M,Tecnico,Sur,1871.39,3771.07,596.0,8.0,6909.7
3937,70,F,Postgrado,Sur,2166.09,4583.66,698.0,4.0,8271.29
3938,63,M,Secundaria,Centro,1277.26,3181.0,560.0,9.0,5129.08
3939,69,M,Primaria,Sur,1570.47,2884.71,561.0,11.0,1543.96
3940,31,M,Secundaria,Centro,1540.02,2498.91,600.0,5.0,4310.22
3941,53,F,Tecnico,Sur,993.32,1390.78,600.0,4.0,2982.23
3942,29,F,Universitario,Sur,1713.73,3808.29,540.0,4.0,4250.5
3943,34,M,Universitario,Oriente,3962.62,7469.26,664.0,3.0,16656.08
3944,56,M,Postgrado,Sur,6938.27,11979.54,751.0,6.0,27129.55
3945,26,M,Universitario,Centro,4298.78,7964.39,653.0,4.0,13344.28
3946,52,F,Secundaria,Norte,833.36,2078.28,517.0,6.0,4020.27
3947,30,F,Tecnico,Norte,1501.07,3297.58,531.0,10.0,
3948,32,M,Tecnico,Occidente,1272.7,2290.01,506.0,6.0,
3949,35,M,Postgrado,Occidente,4396.0,8907.79,710.0,7.0,15062.74
3950,68,F,Primaria,Norte,1105.76,1359.96,587.0,13.0,4105.01
3951,50,M,Secundaria,Centro,,,450.0,9.0,3124.33
3952,23,M,Primaria,Norte,2249.07,4794.59,552.0,10.0,5660.81
3953,44,M,Tecnico,Occidente,1394.07,2758.21,544.0,9.0,3883.38
3954,40,M,Primaria,Centro,1885.25,3460.34,522.0,13.0,2676.76
3955,44,M,Tecnico,Sur,1374.15,1877.2,514.0,7.0,
3956,51,F,Universitario,Norte,3483.36,5239.92,659.0,,11637.68
3957,73,M,Secundaria,Centro,,1930.7,587.0,4.0,3154.4
3958,63,F,Tecnico,Centro,1174.95,3053.0,471.0,8.0,3381.93
3959,55,M,Universitario,Centro,4135.93,6922.84,678.0,6.0,13788.56
3960,31,F,Tecnico,Centro,1281.67,2307.91,497.0,9.0,4951.48
3961,53,F,Secundaria,Centro,1611.1,4491.82,527.0,,3514.11
3962,70,F,Secundaria,Norte,882.69,2411.02,496.0,9.0,3410.86
3963,25,M,Tecnico,Centro,936.33,1564.66,502.0,11.0,3435.91
3964,52,M,Primaria,Occidente,2446.92,4207.7,615.0,8.0,
3965,36,M,Tecnico,Oriente,1895.47,4564.16,596.0,3.0,7135.07
3966,47,F,Postgrado,Oriente,3179.8,5449.9,609.0,7.0,10235.89
3967,31,M,Tecnico,Centro,1456.94,2628.98,562.0,7.0,3973.38
3968,37,F,Secundaria,Oriente,,1734.08,525.0,15.0,1696.46
3969,66,F,Secundaria,Centro,2043.69,4990.12,625.0,6.0,6588.19
3970,42,F,Universitario,Norte,4550.93,8185.39,610.0,5.0,11677.38
3971,57,F,Universitario,Centro,3572.25,6170.8,699.0,3.0,15578.52
3972,41,M,Secundaria,Norte,1971.87,4104.88,,8.0,8220.68
3973,31,M,Secundaria,Norte,1275.03,3853.04,573.0,7.0,1943.65
3974,43,M,Tecnico,Norte,2401.74,3345.89,569.0,7.0,8469.88
3975,55,F,Secundaria,Centro,3700.61,6937.31,687.0,6.0,12073.43
3976,40,M,Primaria,Centro,1061.18,1247.03,,6.0,500.0
3977,39,F,Secundaria,Sur,1753.86,4305.47,501.0,4.0,5084.96
3978,65,M,Secundaria,Sur,2893.95,4317.78,650.0,6.0,8273.35
3979,74,M,Secundaria,Occidente,3838.1,7557.22,,7.0,9717.94
3980,36,F,Secundaria,Norte,1579.59,2255.4,544.0,12.0,2053.26
3981,63,M,Primaria,Centro,1831.78,4611.43,577.0,6.0,5023.4
3982,68,M,Tecnico,Occidente,1688.95,4974.26,548.0,7.0,
3983,20,F,Tecnico,Centro,1993.9,4573.8,592.0,11.0,6508.5
3984,59,M,Secundaria,Oriente,1390.58,2468.95,,8.0,4281.15
3985,36,M,Postgrado,Centro,,9002.63,678.0,3.0,19109.35
3986,26,M,Secundaria,Centro,3090.83,,710.0,13.0,12907.23
3987,45,M,Primaria,Norte,701.92,1472.12,433.0,11.0,
3988,37,F,Secundaria,Occidente,1417.64,4415.35,519.0,5.0,
3989,62,F,Tecnico,Norte,1467.64,2748.79,519.0,6.0,3598.38
3990,24,M,Secundaria,Centro,1254.18,1688.49,562.0,13.0,2480.95
3991,31,M,Primaria,Sur,1053.6,2060.39,515.0,5.0,3892.75
3992,26,M,Tecnico,Sur,1180.35,1817.98,471.0,8.0,2435.84
3993,72,F,Secundaria,Occidente,1802.75,3169.57,594.0,9.0,4947.43
3994,74,M,Universitario,Norte,,4450.57,603.0,4.0,6558.2
3995,36,M,Universitario,Sur,3530.77,5677.48,687.0,7.0,14052.98
3996,64,F,Postgrado,Centro,3932.57,7847.82,718.0,9.0,15305.84
3997,69,F,Primaria,Norte,,1160.85,541.0,7.0,3338.09
3998,31,M,Primaria,Oriente,711.59,1253.08,402.0,11.0,500.0
3999,73,M,Postgrado,Centro,4982.07,8957.72,733.0,3.0,18802.14
4000,55,M,Tecnico,Sur,,1648.32,509.0,7.0,3971.57
4001,70,M,Tecnico,Occidente,3813.42,7334.94,650.0,8.0,13079.42
4002,53,F,Primaria,Centro,471.86,0.0,424.0,11.0,
4003,57,F,Primaria,Oriente,770.05,1145.55,427.0,10.0,1809.69
4004,34,F,Primaria,Oriente,,2025.5,,,2552.95
4005,47,M,Secundaria,Sur,1494.65,3152.62,603.0,10.0,2087.74
4006,26,M,Primaria,Occidente,1567.51,3246.29,583.0,6.0,4321.57
4007,50,M,Secundaria,Centro,1392.28,1603.34,,5.0,4806.49
4008,73,M,Tecnico,Oriente,1654.13,2644.08,510.0,5.0,
4009,69,F,Primaria,Centro,934.28,,486.0,3.0,500.0
4010,42,M,Primaria,Oriente,841.09,913.35,450.0,2.0,4169.79
4011,31,M,Secundaria,Centro,1065.46,2059.7,524.0,10.0,
4012,28,M,Primaria,Occidente,1127.48,2461.97,466.0,14.0,2597.9
4013,70,M,Primaria,Occidente,552.09,560.22,447.0,11.0,2627.39
4014,52,M,Secundaria,Sur,1948.74,4021.73,605.0,7.0,4713.88
4015,58,F,Secundaria,Sur,1597.5,2672.17,560.0,6.0,3638.61
4016,31,M,Tecnico,Oriente,,2355.61,564.0,12.0,4673.89
4017,47,F,Primaria,Centro,2023.48,4699.1,670.0,5.0,7399.06
4018,58,M,Universitario,Norte,3237.94,5440.98,652.0,3.0,10035.79
4019,21,M,Universitario,Centro,2438.24,,644.0,4.0,9933.46
4020,21,F,Tecnico,Sur,2317.02,3761.74,558.0,9.0,6555.13
4021,45,M,Primaria,Centro,912.76,1840.1,461.0,12.0,3226.85
4022,25,F,Secundaria,Centro,1894.76,3680.0,543.0,9.0,9243.95
4023,19,M,Tecnico,Norte,2488.0,3606.75,650.0,6.0,7777.16
4024,58,M,Postgrado,Centro,,2536.52,536.0,3.0,1516.85
4025,63,F,Postgrado,Centro,7626.7,13694.08,784.0,5.0,28953.15
4026,39,F,Secundaria,Centro,1734.22,1961.05,566.0,6.0,3222.0
4027,58,F,Tecnico,Centro,2445.65,3064.83,558.0,7.0,5307.16
4028,73,F,Universitario,Sur,4148.94,7637.63,,10.0,13713.84
4029,72,M,Universitario,Centro,2391.9,4048.42,,12.0,6737.77
4030,33,F,Secundaria,Occidente,1222.55,,564.0,13.0,5342.61
4031,46,F,Secundaria,Sur,1731.35,2620.16,593.0,9.0,3525.13
4032,66,M,Primaria,Norte,4353.46,7757.58,703.0,6.0,16180.67
4033,65,M,Secundaria,Centro,1499.69,2601.41,574.0,5.0,
4034,47,F,Universitario,Oriente,1817.83,3175.22,614.0,5.0,7352.5
4035,29,M,Postgrado,Norte,5886.01,10476.15,751.0,3.0,23631.91
4036,52,M,Universitario,Occidente,957.47,,,,
4037,28,F,Secundaria,Centro,1389.52,2092.83,479.0,13.0,4367.94
4038,63,M,Tecnico,Sur,1409.07,,576.0,10.0,4755.78
4039,67,M,Secundaria,Occidente,2090.24,4248.95,603.0,7.0,2103.8
4040,38,F,Tecnico,Sur,1899.99,2955.11,,4.0,7951.51
4041,38,M,Tecnico,Occidente,1089.22,601.63,549.0,8.0,5143.75
4042,22,F,Secundaria,Occidente,,3136.76,569.0,7.0,6501.03
4043,65,M,Secundaria,Occidente,,626.9,531.0,6.0,2277.83
4044,37,M,Primaria,Oriente,1163.88,645.16,569.0,3.0,3512.0
4045,54,M,Primaria,,1014.28,1418.64,,7.0,3314.38
4046,20,F,Universitario,Centro,3314.64,6029.84,621.0,5.0,11610.31
4047,61,M,Primaria,Centro,1013.41,1652.76,491.0,10.0,3261.28
4048,50,M,Primaria,Occidente,303.51,0.0,,12.0,
4049,70,M,Secundaria,Centro,,,525.0,5.0,2400.34
4050,26,M,Universitario,Norte,2392.92,4427.67,629.0,10.0,7310.64
4051,26,M,Secundaria,Oriente,1080.32,2440.41,477.0,13.0,4033.68
4052,21,M,Secundaria,Centro,2460.41,3761.28,632.0,9.0,7150.75
4053,52,M,Tecnico,Sur,1160.23,2065.92,654.0,,3568.57
4054,34,M,Secundaria,Occidente,1915.08,3612.01,594.0,6.0,4619.31
4055,51,F,Secundaria,Sur,2197.47,5336.94,583.0,6.0,6859.03
4056,41,F,Universitario,Sur,2594.64,5935.32,675.0,3.0,9798.55
4057,49,M,Secundaria,Sur,1829.27,3769.25,551.0,8.0,3279.4
4058,18,M,Universitario,Sur,2153.27,2237.57,648.0,9.0,
4059,25,F,Tecnico,Norte,1970.63,4729.83,,6.0,7585.91
4060,62,F,Tecnico,Centro,1504.45,3086.28,581.0,,5426.65
4061,40,M,Secundaria,Norte,1655.38,2460.01,539.0,6.0,5440.6
4062,64,F,Universitario,Sur,2201.46,,627.0,5.0,
4063,57,M,Tecnico,Sur,1629.04,2679.7,580.0,3.0,7050.34
4064,29,M,Primaria,Centro,867.4,3281.68,516.0,10.0,1814.07
4065,71,M,Secundaria,,1439.29,1687.93,539.0,7.0,3553.13
4066,29,F,Secundaria,Centro,2883.82,4848.56,687.0,11.0,7329.78
4067,63,M,Universitario,Centro,2243.69,2392.18,629.0,4.0,4335.16
4068,64,F,Universitario,Centro,3825.28,6514.15,596.0,3.0,
4069,32,M,Tecnico,Oriente,2235.07,4986.83,614.0,13.0,8009.35
4070,58,M,Secundaria,Oriente,1730.39,2668.7,477.0,10.0,4514.18
4071,36,M,Secundaria,Centro,1686.9,2367.14,511.0,2.0,3097.45
4072,43,F,Tecnico,Oriente,1821.97,4280.36,565.0,,
4073,69,M,Postgrado,Centro,2676.67,4944.12,566.0,5.0,8935.67
4074,46,M,Secundaria,Occidente,3277.68,6009.07,625.0,8.0,9950.3
4075,39,M,Primaria,Centro,1921.59,2582.23,579.0,7.0,6197.02
4076,57,F,Primaria,Occidente,1260.56,1460.39,527.0,7.0,4732.17
4077,38,M,Secundaria,Sur,1536.22,2567.61,514.0,13.0,3984.35
4078,68,M,Tecnico,,,2851.14,629.0,5.0,6347.62
4079,55,M,Postgrado,Sur,2103.88,,654.0,6.0,5531.48
4080,37,F,Secundaria,Centro,1044.97,2370.44,497.0,7.0,3662.61
4081,74,F,Secundaria,Oriente,685.75,1568.46,,8.0,
4082,46,F,Secundaria,Centro,1375.51,1422.93,555.0,7.0,6512.34
4083,68,M,Universitario,Centro,4316.08,,654.0,11.0,15001.13
4084,21,M,Secundaria,Sur,1267.36,1598.19,564.0,6.0,5395.04
4085,72,F,Secundaria,Centro,4260.92,8662.35,,4.0,17806.92
4086,24,M,Primaria,Norte,,1469.17,562.0,10.0,500.0
4087,45,M,Secundaria,Occidente,1635.81,3006.86,583.0,7.0,4919.87
4088,45,M,Universitario,Occidente,2131.46,4341.34,557.0,8.0,7353.76
4089,21,F,Secundaria,Sur,,1185.87,459.0,16.0,500.0
4090,39,M,Secundaria,Oriente,1318.3,0.0,468.0,8.0,2179.77
4091,29,F,Tecnico,Occidente,1201.94,782.15,565.0,9.0,1460.39
4092,62,F,Secundaria,Sur,1733.95,2493.04,582.0,6.0,4513.94
4093,20,M,Secundaria,Occidente,2549.52,4914.17,596.0,8.0,7192.52
4094,39,M,Universitario,Centro,2036.92,5042.06,575.0,5.0,4630.5
4095,61,F,Tecnico,Oriente,2208.64,3730.16,602.0,3.0,3670.1
4096,19,F,Universitario,Norte,2082.78,4397.95,634.0,9.0,6896.16
4097,41,F,Tecnico,Oriente,2692.14,5388.52,,10.0,6717.36
4098,51,F,Postgrado,Oriente,9379.13,15810.36,781.0,2.0,38477.34
4099,44,M,Secundaria,Centro,2939.73,5287.29,674.0,4.0,7560.77
4100,72,F,Secundaria,Sur,1204.81,1687.18,486.0,4.0,5743.86
4101,58,M,Secundaria,Occidente,,4452.74,,7.0,7657.53
4102,18,F,Secundaria,Occidente,1636.82,,603.0,6.0,5529.94
4103,25,F,Secundaria,Norte,2525.25,,588.0,6.0,7663.16
4104,40,F,Postgrado,Oriente,2072.6,3063.16,,,7537.42
4105,55,F,Universitario,Centro,2366.88,3783.29,578.0,9.0,7997.71
4106,23,F,Secundaria,Oriente,1565.72,2921.91,535.0,6.0,5015.44
4107,39,M,Secundaria,Centro,1456.38,2918.79,483.0,8.0,3128.46
4108,42,F,Primaria,Norte,1368.12,896.78,540.0,7.0,2781.93
4109,35,M,Universitario,Norte,2254.19,,553.0,6.0,6152.44
4110,34,M,Secundaria,Centro,1258.41,,484.0,8.0,
4111,29,M,Tecnico,Oriente,1428.59,1832.61,557.0,8.0,3499.32
4112,23,M,Universitario,Norte,1599.26,4811.94,566.0,13.0,5812.32
4113,43,F,Secundaria,Oriente,1727.83,3458.73,534.0,7.0,4259.74
4114,44,F,Universitario,Occidente,2261.34,5309.53,,12.0,8967.44
4115,25,M,Secundaria,Oriente,1137.97,3043.58,,13.0,1501.23
4116,36,F,Tecnico,Centro,906.75,3246.97,510.0,6.0,3193.69
4117,59,M,Secundaria,Sur,1976.78,4405.03,,7.0,6451.73
4118,18,F,Secundaria,Norte,1938.09,4244.39,619.0,3.0,8498.4
4119,74,M,Postgrado,Norte,2302.24,4756.05,632.0,10.0,7099.94
4120,46,F,Tecnico,Occidente,1901.59,4574.7,577.0,7.0,4677.54
4121,62,F,Secundaria,Norte,1220.82,1747.23,506.0,6.0,5429.51
4122,66,M,Secundaria,Occidente,,4242.02,632.0,4.0,7706.91
4123,52,F,Primaria,Norte,,1323.9,459.0,3.0,3889.9
4124,57,F,Tecnico,Norte,,3421.13,571.0,8.0,4649.4
4125,31,F,Secundaria,Norte,1557.64,2564.91,485.0,9.0,2742.58
4126,52,M,Universitario,Oriente,2027.19,3469.71,619.0,8.0,6470.38
4127,65,M,Secundaria,Centro,1259.41,741.32,542.0,6.0,3832.77
4128,62,F,Secundaria,Norte,1183.18,3724.16,489.0,9.0,2278.01
4129,37,M,Universitario,Sur,1948.79,2515.56,,10.0,4488.99
4130,73,F,Secundaria,,1345.51,2764.31,540.0,8.0,1542.5
4131,66,M,Universitario,Sur,2529.93,5044.79,696.0,9.0,9295.07
4132,30,M,Tecnico,Norte,1634.99,4071.01,548.0,,4396.19
4133,55,M,Secundaria,Norte,1923.26,3067.75,600.0,10.0,6073.55
4134,66,F,Tecnico,Oriente,1122.63,933.58,539.0,10.0,2976.63
4135,63,M,Primaria,Sur,3201.86,6532.15,648.0,7.0,9414.09
4136,66,F,Secundaria,Occidente,1587.82,3788.16,626.0,7.0,4572.14
4137,25,M,Secundaria,Sur,2245.96,4337.31,605.0,9.0,6257.93
4138,60,F,Tecnico,,2317.95,4210.66,526.0,4.0,6329.08
4139,37,F,Primaria,Centro,1255.33,2231.45,,7.0,3921.02
4140,50,M,Secundaria,Sur,1867.94,2478.34,670.0,3.0,5798.59
4141,43,M,Secundaria,Centro,1752.34,1360.75,,14.0,4657.66
4142,56,M,Primaria,Occidente,1140.18,3377.75,534.0,12.0,500.0
4143,38,M,Primaria,Centro,,6306.81,,8.0,10414.62
4144,70,F,Secundaria,Sur,2615.71,5365.57,628.0,7.0,7149.87
4145,66,M,Secundaria,Centro,767.2,1099.23,518.0,13.0,4715.05
4146,59,M,Primaria,Norte,,3303.36,625.0,6.0,7728.05
4147,60,F,Primaria,Sur,,1938.18,547.0,6.0,4567.71
4148,71,M,Universitario,Sur,5302.94,9388.46,724.0,9.0,18959.6
4149,58,F,Tecnico,Norte,1604.29,3789.76,558.0,6.0,5255.11
4150,26,M,Secundaria,Centro,508.17,1021.38,427.0,8.0,500.0
4151,41,F,Universitario,Sur,2046.49,5028.84,638.0,5.0,6956.01
4152,54,M,Primaria,Oriente,597.78,169.27,441.0,8.0,1819.18
4153,66,M,Secundaria,Centro,1157.28,1941.66,535.0,13.0,1571.77
4154,58,M,Universitario,Sur,1916.27,3407.02,543.0,8.0,4802.34
4155,34,M,Tecnico,Centro,2101.23,4365.85,560.0,6.0,5918.25
4156,41,M,Postgrado,Sur,3696.24,,726.0,6.0,12325.9
4157,38,M,Postgrado,Sur,4369.75,8787.85,722.0,0.0,15918.59
4158,68,F,Primaria,Norte,1620.28,3425.38,589.0,9.0,3921.68
4159,56,M,Postgrado,Sur,8129.11,15912.54,799.0,3.0,32722.52
4160,72,F,Postgrado,Centro,3500.16,5894.54,685.0,3.0,
4161,58,M,Secundaria,Norte,1951.52,2182.12,603.0,8.0,5660.99
4162,56,F,Postgrado,Sur,5052.73,9866.97,696.0,4.0,19541.62
4163,30,F,Primaria,Centro,876.7,2452.77,487.0,6.0,2553.27
4164,28,M,Tecnico,Oriente,,0.0,,11.0,4549.45
4165,63,M,Secundaria,Norte,1845.07,3773.9,548.0,2.0,3900.32
4166,36,M,Primaria,Oriente,991.35,2033.59,462.0,11.0,5162.92
4167,28,M,Tecnico,Norte,2488.21,4043.82,680.0,8.0,7928.53
4168,30,M,Secundaria,Norte,2039.4,4915.91,588.0,3.0,
4169,63,F,Tecnico,Sur,2927.51,4931.01,661.0,8.0,8531.76
4170,62,F,Tecnico,Centro,1314.59,3728.33,514.0,12.0,2364.51
4171,18,M,Secundaria,Occidente,1104.24,2738.36,,9.0,2219.11
4172,57,F,Secundaria,Sur,1621.66,3492.56,545.0,8.0,4435.59
4173,61,F,Tecnico,Centro,1724.77,,525.0,8.0,2498.94
4174,36,F,Universitario,Occidente,2914.52,5832.35,606.0,3.0,9751.53
4175,29,M,Tecnico,Centro,3236.73,5350.52,585.0,6.0,11984.93
4176,25,M,Tecnico,Centro,1664.43,2038.95,567.0,7.0,3918.52
4177,25,M,Secundaria,Centro,,2779.07,501.0,7.0,2153.21
4178,70,F,Secundaria,Occidente,657.59,729.69,,5.0,743.93
4179,62,M,Secundaria,Oriente,872.34,1400.51,506.0,4.0,2031.39
4180,29,M,Postgrado,Sur,1772.51,2117.64,558.0,10.0,2898.61
4181,65,M,Universitario,Oriente,3389.8,6596.28,701.0,3.0,9242.29
4182,50,M,Secundaria,Sur,1492.16,1836.66,546.0,3.0,2864.19
4183,62,F,Secundaria,Oriente,1613.61,3236.32,625.0,8.0,4933.47
4184,43,M,Secundaria,Norte,2081.02,,579.0,,4491.22
4185,56,F,Tecnico,Norte,3417.89,,731.0,7.0,14829.29
4186,45,F,Secundaria,,1383.2,3841.66,,9.0,5972.4
4187,75,M,Tecnico,Occidente,2679.84,3917.25,644.0,8.0,7469.21
4188,22,M,Secundaria,Oriente,1689.42,2627.84,538.0,11.0,6201.29
4189,25,F,Secundaria,Sur,719.81,679.86,471.0,,
4190,42,M,Universitario,Norte,1231.47,2612.2,474.0,6.0,500.0
4191,44,M,Secundaria,Centro,1293.26,2658.82,491.0,4.0,4756.34
4192,63,M,Postgrado,Oriente,3757.67,6590.8,651.0,7.0,12414.74
4193,40,F,Primaria,Centro,1484.85,3611.97,517.0,6.0,5542.37
4194,47,F,Secundaria,Oriente,1386.81,2518.45,529.0,5.0,2527.35
4195,62,M,Secundaria,Norte,727.27,820.8,,7.0,500.0
4196,64,M,Universitario,,2123.58,4878.01,,2.0,7957.22
4197,40,M,Universitario,Sur,1046.33,1692.6,529.0,12.0,1339.94
4198,66,F,Primaria,Oriente,1147.0,1930.13,440.0,10.0,3973.36
4199,64,M,Secundaria,Centro,2015.46,3559.56,635.0,8.0,3766.95
4200,37,F,Tecnico,Sur,2163.1,4072.97,,7.0,4134.7
4201,35,M,Secundaria,Centro,1180.85,3075.12,,7.0,3213.42
4202,35,F,Secundaria,Occidente,1775.84,3910.33,570.0,10.0,4636.55
4203,19,M,Secundaria,Sur,,2055.09,456.0,15.0,4298.47
4204,21,F,Tecnico,Norte,,1553.32,483.0,4.0,1066.18
4205,47,M,Secundaria,Sur,719.23,1275.83,432.0,7.0,1632.79
4206,50,F,Primaria,Sur,960.36,1616.02,489.0,,3737.79
4207,53,M,Secundaria,Oriente,1081.9,2395.71,496.0,8.0,3470.49
4208,35,M,Primaria,Norte,985.22,1618.46,470.0,10.0,1545.87
4209,54,M,Tecnico,Centro,1631.63,4087.14,547.0,7.0,4973.75
4210,36,F,Universitario,Occidente,2655.04,5295.05,647.0,5.0,8868.95
4211,64,F,Primaria,Occidente,517.82,1404.48,428.0,14.0,3177.81
4212,45,M,Primaria,Centro,820.32,694.6,411.0,9.0,2837.2
4213,57,F,Primaria,Norte,,2882.33,591.0,7.0,4097.05
4214,37,F,Universitario,Centro,3722.04,,709.0,1.0,12303.33
4215,66,F,Primaria,Centro,1289.59,,545.0,11.0,5995.78
4216,50,F,Postgrado,Centro,3473.03,7204.36,722.0,2.0,11848.81
4217,29,F,Secundaria,Centro,880.65,976.46,410.0,6.0,500.0
4218,75,M,Secundaria,Oriente,1351.44,1135.78,528.0,9.0,4248.94
4219,68,F,Primaria,Norte,1827.53,4436.37,661.0,3.0,7365.02
4220,32,F,Tecnico,Sur,1008.56,,515.0,9.0,1909.89
4221,58,F,Tecnico,Sur,1983.07,3518.8,538.0,6.0,6196.81
4222,56,M,Secundaria,Sur,1981.78,4373.3,612.0,1.0,7733.42
4223,19,M,Secundaria,Sur,1463.8,3571.79,531.0,14.0,4832.71
4224,46,M,Secundaria,Sur,,1816.57,,10.0,7274.33
4225,58,F,Secundaria,Oriente,1441.41,2809.23,540.0,8.0,5262.13
4226,27,F,Secundaria,Oriente,1824.63,4398.93,609.0,8.0,2736.68
4227,19,M,Secundaria,Norte,1564.07,2849.3,542.0,5.0,3065.22
4228,68,F,Tecnico,Norte,2365.51,5143.59,,6.0,5499.92
4229,28,F,Secundaria,Oriente,1237.47,2359.87,575.0,15.0,3544.21
4230,30,F,Secundaria,Sur,,3164.56,531.0,16.0,3288.53
4231,27,M,Secundaria,Occidente,1864.75,4421.65,528.0,6.0,
4232,31,F,Primaria,Centro,786.41,2803.29,425.0,9.0,2665.47
4233,35,M,Secundaria,Norte,890.77,1982.69,530.0,10.0,3018.6
4234,68,F,Secundaria,Centro,4388.24,7585.37,610.0,7.0,13621.61
4235,71,M,Primaria,Centro,1535.49,2983.91,,8.0,4847.62
4236,26,M,Universitario,Sur,2082.45,4014.44,706.0,6.0,6999.81
4237,74,F,Secundaria,Oriente,1167.39,2110.28,512.0,9.0,2011.71
4238,56,M,Secundaria,Sur,1020.08,2425.06,516.0,9.0,2879.57
4239,45,M,Universitario,Norte,2364.06,4708.72,582.0,5.0,7482.52
4240,20,F,Primaria,Oriente,1100.44,2207.58,520.0,5.0,
4241,37,F,Universitario,Sur,2897.03,6975.42,668.0,10.0,8356.88
4242,23,M,Secundaria,Sur,805.18,798.82,450.0,,1272.0
4243,44,M,Tecnico,Sur,1026.44,2141.3,504.0,3.0,
4244,70,M,Tecnico,Sur,2136.64,,561.0,4.0,6521.74
4245,19,M,Universitario,Centro,2728.22,3434.45,,10.0,
4246,46,M,Tecnico,Sur,2726.39,4404.24,633.0,4.0,9854.23
4247,55,F,Secundaria,Oriente,3251.77,4722.13,736.0,8.0,9548.6
4248,20,M,Tecnico,Centro,1526.39,3416.06,,9.0,4012.46
4249,33,M,Secundaria,Centro,1993.99,2583.45,607.0,6.0,5677.64
4250,47,M,Tecnico,,1138.83,949.72,,11.0,2604.04
4251,57,M,Secundaria,Norte,482.78,,,14.0,649.52
4252,19,F,Tecnico,Oriente,1106.72,1714.23,529.0,5.0,3945.7
4253,34,F,Tecnico,,1428.96,2253.89,584.0,,2809.01
4254,58,M,Universitario,Norte,6520.76,10866.55,815.0,2.0,27385.92
4255,29,M,Secundaria,Centro,691.99,,521.0,12.0,3810.57
4256,52,M,Universitario,Norte,3418.37,6013.73,578.0,7.0,
4257,60,F,Primaria,Oriente,952.85,2493.12,475.0,6.0,1908.15
4258,18,F,Primaria,,1431.12,1788.52,554.0,6.0,3031.62
4259,72,M,Tecnico,Centro,,2988.63,600.0,8.0,5826.78
4260,62,M,Tecnico,Occidente,,1534.03,562.0,7.0,4308.75
4261,32,F,Tecnico,Centro,2799.83,5019.4,643.0,10.0,8507.64
4262,43,F,Universitario,Sur,2944.84,4759.47,653.0,9.0,10823.72
4263,54,F,Secundaria,,1526.48,,561.0,7.0,2943.96
4264,38,M,Tecnico,Sur,,1868.02,607.0,9.0,8251.18
4265,66,M,Secundaria,Occidente,,3688.85,561.0,7.0,1315.75
4266,48,M,Secundaria,Oriente,,904.21,466.0,9.0,841.94
4267,42,F,Primaria,Occidente,1262.95,1653.75,427.0,11.0,4482.77
4268,40,F,Universitario,Centro,6515.52,13201.72,,4.0,20761.98
4269,41,M,Secundaria,Sur,2191.42,3864.18,606.0,7.0,8574.43
4270,74,M,Secundaria,Oriente,1820.79,3039.57,609.0,10.0,4898.39
4271,55,M,Tecnico,Occidente,,3461.32,626.0,4.0,5448.74
4272,45,M,Secundaria,Occidente,,2504.94,,8.0,3663.93
4273,38,M,Universitario,Occidente,869.38,,445.0,8.0,2860.87
4274,71,F,Tecnico,Oriente,1186.36,2550.0,539.0,7.0,580.1
4275,60,M,Primaria,Norte,1208.41,1222.73,553.0,5.0,500.0
4276,35,M,Postgrado,Centro,4934.32,7945.96,,4.0,15117.57
4277,53,F,Primaria,Norte,2796.31,5855.78,641.0,10.0,8742.61
4278,52,M,Tecnico,Norte,1131.69,1614.78,530.0,5.0,
4279,62,M,Secundaria,Centro,,,629.0,7.0,6955.17
4280,72,M,Secundaria,Norte,582.78,1146.25,369.0,13.0,1230.34
4281,26,F,Tecnico,Centro,1502.7,,,7.0,3692.62
4282,70,F,Primaria,Occidente,,3310.69,553.0,,4420.27
4283,55,M,Universitario,Centro,5258.51,9738.7,704.0,8.0,17358.19
4284,75,M,Secundaria,Norte,1107.31,,522.0,6.0,6389.17
4285,47,M,Secundaria,Oriente,1296.05,,509.0,11.0,6116.1
4286,61,F,Tecnico,Oriente,2920.69,5817.87,627.0,7.0,9121.75
4287,51,F,Primaria,Centro,878.58,2675.07,490.0,6.0,1962.79
4288,49,F,Secundaria,Centro,1199.28,1967.99,,6.0,
4289,20,M,Universitario,Centro,1200.98,1236.76,522.0,6.0,4292.33
4290,20,F,Tecnico,Centro,2280.95,4512.85,573.0,9.0,6321.99
4291,45,F,Secundaria,Norte,792.32,1439.57,,11.0,2108.07
4292,61,F,Tecnico,Sur,3000.63,6722.65,685.0,6.0,9953.73
4293,32,F,Universitario,Oriente,1342.51,2335.44,597.0,9.0,5070.02
4294,58,M,Secundaria,Sur,1101.22,1625.39,522.0,11.0,1607.54
4295,40,M,Tecnico,Centro,1058.58,,513.0,8.0,4145.22
4296,57,M,Secundaria,Centro,1360.69,2114.51,523.0,7.0,2504.45
4297,28,M,Universitario,Centro,3790.97,6603.29,726.0,4.0,13394.95
4298,65,F,Universitario,Centro,1833.42,2064.59,650.0,7.0,6232.3
4299,49,F,Universitario,Sur,1566.16,3721.17,567.0,7.0,
4300,75,F,Postgrado,Occidente,3489.36,,725.0,7.0,
4301,74,M,Secundaria,,1548.84,1845.77,567.0,9.0,3760.21
4302,71,M,Primaria,Occidente,1722.69,4027.76,576.0,6.0,5636.94
4303,53,F,Secundaria,Occidente,848.58,,485.0,,
4304,50,M,Secundaria,Norte,1697.05,4509.16,554.0,8.0,4942.75
4305,41,M,Tecnico,Norte,,6674.61,721.0,7.0,11807.46
4306,56,F,Universitario,Centro,1563.11,1847.94,604.0,4.0,3397.82
4307,51,F,Secundaria,Sur,1664.46,3574.12,532.0,6.0,2886.44
4308,73,M,Secundaria,Norte,1007.85,2654.95,,10.0,3856.66
4309,45,F,Universitario,Norte,3954.75,5777.41,685.0,9.0,12497.16
4310,54,F,Secundaria,Occidente,3290.49,5715.93,684.0,5.0,11801.88
4311,24,F,Secundaria,Norte,847.19,,466.0,5.0,
4312,21,F,Tecnico,Centro,1968.73,4413.39,550.0,6.0,6749.45
4313,54,M,Secundaria,Oriente,1804.46,2526.47,540.0,10.0,4054.95
4314,73,F,Postgrado,Occidente,3721.14,6909.94,664.0,7.0,12204.78
4315,18,M,Secundaria,Centro,1291.48,3872.52,544.0,5.0,5734.72
4316,18,M,Universitario,Norte,1769.28,1561.5,590.0,10.0,
4317,64,F,Tecnico,Oriente,929.06,1748.73,561.0,7.0,639.28
4318,37,F,Primaria,Oriente,1105.25,2092.82,,8.0,3082.47
4319,36,F,Primaria,Occidente,1750.61,1170.35,637.0,3.0,8017.52
4320,46,F,Secundaria,,,3134.64,536.0,8.0,8364.53
4321,27,F,Primaria,Oriente,1263.41,2967.77,546.0,9.0,2942.5
4322,35,F,Secundaria,Centro,,1662.63,503.0,5.0,4022.15
4323,45,M,Tecnico,Occidente,1018.31,1989.46,460.0,8.0,2008.3
4324,52,M,Tecnico,Centro,1390.72,2386.58,552.0,9.0,4183.01
4325,60,M,Tecnico,Centro,789.63,2417.21,449.0,10.0,3825.31
4326,64,M,Primaria,Norte,402.59,2647.25,,4.0,500.0
4327,48,M,Tecnico,Centro,994.95,2682.51,450.0,9.0,604.93
4328,44,F,Secundaria,Centro,1734.02,1243.3,591.0,7.0,3271.02
4329,28,F,Universitario,Norte,1117.21,1982.03,541.0,10.0,6908.88
4330,66,F,Universitario,Centro,2916.57,6380.37,581.0,4.0,10149.51
4331,66,F,Universitario,Centro,1733.74,2777.52,533.0,4.0,612.52
4332,55,F,Tecnico,Oriente,3174.15,6849.89,624.0,6.0,12069.83
4333,22,M,Primaria,Norte,880.19,1314.75,410.0,7.0,1253.49
4334,25,M,Primaria,Oriente,,695.16,523.0,5.0,1415.97
4335,51,M,Universitario,Oriente,1743.87,3715.7,590.0,8.0,3769.37
4336,65,F,Secundaria,Centro,1130.06,2400.31,545.0,8.0,
4337,69,M,Secundaria,Norte,1644.75,2479.58,602.0,5.0,5593.99
4338,73,F,Universitario,Oriente,2899.63,6259.97,658.0,1.0,10640.27
4339,29,F,Tecnico,Centro,1719.31,1610.91,500.0,6.0,4046.0
4340,55,M,Primaria,Norte,694.48,2091.67,443.0,6.0,2339.76
4341,18,M,Secundaria,Centro,1717.19,2653.72,601.0,11.0,
4342,48,M,Primaria,Centro,704.9,2675.81,,9.0,500.0
4343,21,M,Tecnico,Centro,,2558.93,502.0,10.0,2592.64
4344,66,F,Secundaria,Occidente,1218.17,1916.29,,5.0,
4345,62,F,Postgrado,Occidente,,7984.45,754.0,4.0,17544.39
4346,67,F,Tecnico,Occidente,1132.27,742.13,595.0,7.0,7128.52
4347,22,F,Primaria,Centro,1360.89,2387.49,532.0,9.0,2810.91
4348,47,F,Primaria,Occidente,381.74,,384.0,5.0,2068.12
4349,73,F,Secundaria,Sur,1999.68,4441.65,596.0,7.0,5138.79
4350,41,M,Universitario,Oriente,3836.35,6328.21,653.0,6.0,15581.95
4351,20,F,Secundaria,Sur,1887.53,3689.08,,4.0,1920.95
4352,28,M,Universitario,Norte,,3824.43,579.0,8.0,6855.45
4353,62,M,Secundaria,Occidente,,3252.37,,6.0,2559.56
4354,21,M,Secundaria,Centro,942.04,1593.05,453.0,9.0,
4355,43,F,Universitario,,1644.3,2374.75,633.0,8.0,4832.51
4356,44,M,Primaria,Centro,919.79,695.87,366.0,15.0,1173.51
4357,63,M,Tecnico,Occidente,2857.06,4780.52,642.0,6.0,10088.87
4358,71,F,Primaria,Centro,,1977.41,566.0,11.0,3945.74
4359,60,F,Universitario,Centro,3538.73,6211.21,627.0,7.0,10767.71
4360,44,F,Universitario,Sur,9483.48,17410.94,727.0,11.0,35377.01
4361,59,F,Universitario,Sur,5221.75,9133.1,737.0,6.0,20275.79
4362,68,F,Secundaria,Oriente,1566.98,2155.16,591.0,7.0,4392.82
4363,67,F,Primaria,Centro,,1426.65,,9.0,5386.73
4364,23,M,Secundaria,Norte,2102.08,3608.94,586.0,14.0,7380.29
4365,32,F,Secundaria,Centro,2139.38,3397.69,652.0,8.0,8562.2
4366,70,F,Tecnico,Centro,2421.23,3069.87,632.0,4.0,8076.67
4367,47,M,Secundaria,Sur,2944.06,4083.67,599.0,8.0,
4368,59,M,Primaria,Norte,811.39,0.0,416.0,6.0,500.0
4369,54,M,Universitario,Centro,2796.63,5169.55,654.0,5.0,9990.47
4370,75,F,Universitario,Occidente,2515.74,4889.32,,7.0,7810.35
4371,54,M,Postgrado,Norte,4594.98,7598.43,743.0,6.0,16803.02
4372,59,F,Secundaria,Sur,1260.79,2657.66,588.0,11.0,4749.46
4373,54,F,Secundaria,Norte,1813.51,2956.75,589.0,6.0,7112.94
4374,52,F,Secundaria,Norte,684.6,1114.92,455.0,4.0,989.6
4375,40,F,Secundaria,Sur,1481.88,1623.87,560.0,5.0,545.66
4376,23,M,Secundaria,Centro,3121.53,6616.2,667.0,6.0,11819.26
4377,21,M,Postgrado,Sur,2505.63,5786.11,590.0,9.0,9183.2
4378,35,M,Primaria,Occidente,1131.25,2295.01,,9.0,3952.08
4379,26,F,Secundaria,Oriente,2352.12,3626.0,568.0,4.0,5615.94
4380,66,M,Primaria,Occidente,1554.56,2874.15,418.0,,2931.92
4381,46,M,Secundaria,Sur,700.36,640.29,444.0,5.0,1676.65
4382,30,M,Primaria,Centro,1100.61,910.23,533.0,9.0,3944.86
4383,64,F,Secundaria,Centro,1861.0,3912.6,518.0,14.0,4139.26
4384,69,M,Secundaria,Oriente,2924.54,4467.29,678.0,4.0,9146.87
4385,34,F,Primaria,Sur,2009.19,2936.17,610.0,7.0,8289.76
4386,62,M,Primaria,Norte,1212.61,408.31,,12.0,3977.95
4387,49,F,Tecnico,Norte,2430.48,5225.63,688.0,5.0,9168.5
4388,65,M,Secundaria,Centro,1514.84,3932.81,537.0,6.0,5559.67
4389,39,F,Primaria,Norte,951.8,2302.09,,10.0,4151.87
4390,21,F,Universitario,Centro,3769.71,7434.72,685.0,6.0,
4391,22,M,Secundaria,Sur,2290.7,3051.97,643.0,,8291.33
4392,54,F,Tecnico,Norte,2081.21,3537.22,663.0,2.0,5501.34
4393,58,F,Universitario,Sur,1846.46,3905.81,586.0,8.0,6159.34
4394,66,F,Secundaria,Oriente,1553.25,2016.42,600.0,7.0,4148.4
4395,30,F,Universitario,,2386.18,3969.01,589.0,5.0,7400.26
4396,51,M,Universitario,Norte,3701.74,5355.79,696.0,9.0,14238.36
4397,62,F,Primaria,Norte,,1716.21,582.0,6.0,500.0
4398,39,F,Universitario,Sur,2418.1,4206.83,711.0,6.0,9697.34
4399,70,F,Primaria,Sur,,2883.03,522.0,9.0,1790.1
4400,40,F,Secundaria,Centro,1324.27,1054.94,591.0,4.0,3103.51
4401,68,M,Universitario,Centro,2833.29,3760.52,607.0,13.0,8913.67
4402,20,F,Universitario,Centro,2415.63,5333.18,584.0,5.0,4139.85
4403,59,F,Tecnico,Oriente,1289.55,3179.54,518.0,8.0,4482.66
4404,51,M,Primaria,Norte,951.65,1197.21,529.0,2.0,4784.69
4405,49,F,Tecnico,Oriente,968.86,2965.28,499.0,10.0,3437.7
4406,62,F,Tecnico,Sur,1342.64,,483.0,11.0,4460.63
4407,68,M,Secundaria,Centro,2998.53,6307.35,671.0,6.0,8974.66
4408,75,M,Postgrado,Sur,4736.93,8294.12,762.0,2.0,16762.39
4409,66,F,Secundaria,Norte,1095.34,2221.27,521.0,16.0,1326.4
4410,38,M,Secundaria,Centro,1366.12,2186.27,572.0,6.0,2064.5
4411,63,M,Primaria,Norte,845.55,2858.62,452.0,11.0,2928.88
4412,61,M,Secundaria,Norte,2159.12,3756.02,644.0,5.0,7147.42
4413,38,M,Tecnico,Centro,2001.41,3533.62,560.0,8.0,6126.65
4414,61,F,Secundaria,Oriente,2117.01,,608.0,6.0,8388.45
4415,28,M,Universitario,Occidente,2026.12,3549.8,,11.0,4862.78
4416,56,F,Primaria,Sur,1935.98,4878.08,,6.0,4910.23
4417,21,F,Secundaria,Centro,841.64,2598.42,428.0,5.0,1455.89
4418,68,F,Tecnico,Occidente,1450.12,2464.09,536.0,9.0,4034.2
4419,18,M,Primaria,Centro,956.37,1647.99,,6.0,3321.3
4420,45,F,Tecnico,Norte,2599.45,3682.66,594.0,6.0,6488.14
4421,41,M,Universitario,Centro,1876.99,3657.46,686.0,1.0,3280.51
4422,52,M,Tecnico,Sur,1189.14,2400.84,511.0,7.0,749.56
4423,30,F,Secundaria,Centro,1471.64,3071.59,493.0,6.0,3864.71
4424,64,F,Universitario,Sur,7503.09,12233.69,663.0,7.0,23625.72
4425,51,F,Postgrado,Norte,2166.0,4826.75,678.0,7.0,7218.58
4426,28,F,Secundaria,Sur,2548.73,4404.06,637.0,7.0,10172.38
4427,53,F,Tecnico,Sur,1833.95,4284.21,540.0,5.0,7903.85
4428,68,F,Primaria,Oriente,1265.64,2441.24,522.0,7.0,7279.22
4429,34,F,Primaria,Occidente,901.12,2765.43,453.0,1.0,
4430,52,M,Secundaria,Sur,2028.0,4169.69,628.0,3.0,5841.34
4431,35,M,Postgrado,Centro,5196.57,8683.32,788.0,6.0,18297.06
4432,57,F,Tecnico,Sur,3650.57,7227.35,638.0,4.0,13590.28
4433,39,F,Secundaria,Centro,1696.85,3868.23,595.0,6.0,5227.64
4434,74,M,Primaria,Occidente,935.03,1851.23,499.0,6.0,2295.16
4435,41,M,Universitario,Oriente,5357.58,9418.75,692.0,8.0,16331.01
4436,75,M,Secundaria,Centro,1303.95,3086.16,,7.0,2625.95
4437,36,F,Secundaria,Oriente,,2808.95,457.0,16.0,4522.72
4438,54,F,Universitario,Centro,2800.2,3990.91,651.0,6.0,6611.5
4439,56,F,Tecnico,Norte,1199.6,2267.17,,,2797.02
4440,38,F,Primaria,Oriente,951.52,1555.36,,8.0,1927.33
4441,25,F,Secundaria,Centro,1923.21,4978.48,587.0,5.0,5898.12
4442,45,M,Universitario,Occidente,8800.31,15268.78,718.0,6.0,29773.03
4443,22,M,Universitario,Centro,2975.34,5799.82,663.0,6.0,11326.26
4444,34,M,Primaria,Oriente,2014.32,4179.92,554.0,8.0,5055.03
4445,54,F,Secundaria,Sur,1223.05,2251.02,523.0,7.0,4318.13
4446,53,M,Primaria,Occidente,1383.54,3595.4,504.0,7.0,1868.78
4447,71,F,Tecnico,Centro,803.35,1370.29,517.0,2.0,1567.35
4448,36,F,Universitario,Centro,,1366.94,501.0,12.0,3358.62
4449,44,M,Secundaria,Oriente,1616.88,4085.19,645.0,8.0,3723.07
4450,70,F,Universitario,Sur,2971.55,4991.48,630.0,7.0,8677.37
4451,51,F,Tecnico,Centro,2681.12,4901.69,654.0,4.0,7059.5
4452,28,M,Universitario,Sur,2144.31,3734.92,619.0,7.0,5560.77
4453,71,M,Postgrado,Occidente,6884.3,11636.0,693.0,6.0,24950.17
4454,62,F,Secundaria,Oriente,1998.69,,517.0,10.0,4135.64
4455,64,M,Secundaria,Sur,692.59,14.08,419.0,6.0,500.0
4456,29,M,Tecnico,Oriente,776.78,1813.37,,8.0,886.2
4457,71,F,Universitario,Centro,2690.24,5418.24,600.0,5.0,7047.59
4458,38,F,Secundaria,Occidente,1338.42,2607.95,501.0,4.0,
4459,71,M,Universitario,Sur,2805.19,5537.02,709.0,6.0,9241.36
4460,28,F,Primaria,Centro,1003.77,1701.94,471.0,7.0,2980.05
4461,56,F,Primaria,Norte,941.83,1856.74,529.0,7.0,3966.47
4462,45,M,Primaria,Centro,867.88,1539.72,,10.0,978.39
4463,22,F,Postgrado,,3091.48,5507.15,633.0,6.0,7876.19
4464,34,M,Tecnico,Oriente,2586.8,3789.35,603.0,6.0,4674.3
4465,73,M,Primaria,Occidente,785.1,2466.68,469.0,7.0,814.88
4466,37,F,Postgrado,Occidente,3071.89,5297.9,589.0,7.0,7567.44
4467,58,F,Universitario,,4703.59,8095.84,667.0,6.0,17295.18
4468,63,M,Universitario,Sur,1142.46,1606.73,490.0,6.0,4634.04
4469,75,F,Secundaria,Sur,2134.73,3534.5,634.0,5.0,5626.24
4470,29,F,Primaria,Norte,,1617.71,561.0,6.0,4479.87
4471,23,F,Secundaria,Sur,1016.99,1987.5,544.0,9.0,
4472,34,M,Universitario,Centro,1841.9,1968.73,563.0,6.0,4508.95
4473,68,F,Tecnico,Norte,3014.01,4736.88,611.0,2.0,6039.57
4474,36,M,Tecnico,Norte,,4211.29,559.0,7.0,3173.9
4475,43,M,Universitario,Oriente,1482.95,3803.92,564.0,8.0,2660.7
4476,65,F,Secundaria,Sur,1062.45,1703.75,510.0,8.0,1914.2
4477,61,F,Tecnico,Oriente,1492.86,4683.29,586.0,6.0,6352.35
4478,61,F,Secundaria,Sur,2301.29,4703.03,570.0,9.0,6465.1
4479,69,M,Primaria,Norte,1008.77,2993.36,505.0,7.0,1806.97
4480,49,M,Secundaria,Norte,1504.88,2781.83,549.0,6.0,5676.42
4481,23,F,Universitario,Centro,1693.54,2848.05,552.0,7.0,6788.53
4482,72,M,Universitario,Centro,,,580.0,4.0,7595.92
4483,75,F,Secundaria,Occidente,1486.4,3569.68,499.0,10.0,3513.15
4484,53,M,Secundaria,Sur,1008.98,1598.62,,9.0,1952.71
4485,55,F,Primaria,Centro,866.59,1912.33,555.0,9.0,701.94
4486,28,F,Postgrado,Norte,2539.44,2220.6,565.0,3.0,6608.46
4487,50,F,Tecnico,Sur,3596.17,5953.04,646.0,11.0,12285.2
4488,41,F,Postgrado,Sur,3387.03,7238.73,632.0,7.0,11705.59
4489,40,F,Universitario,,1598.79,2449.92,538.0,6.0,4380.91
4490,32,M,Secundaria,Centro,2151.0,3829.3,682.0,,7581.04
4491,44,M,Primaria,Sur,1805.07,3150.42,594.0,5.0,6764.2
4492,28,F,Secundaria,Centro,,863.77,467.0,6.0,685.36
4493,74,M,Primaria,Oriente,2652.41,4703.47,635.0,10.0,8803.79
4494,68,F,Primaria,Norte,1500.0,2533.17,588.0,4.0,3607.25
4495,67,M,Secundaria,Centro,1902.54,2691.82,638.0,9.0,7531.01
4496,34,M,Tecnico,Sur,2085.55,3638.56,610.0,6.0,5678.08
4497,68,M,Secundaria,Norte,1836.94,2365.06,659.0,8.0,2141.53
4498,70,F,Secundaria,Sur,1503.81,2667.73,527.0,8.0,2569.0
4499,31,F,Tecnico,Norte,2360.48,4189.79,597.0,3.0,4740.86
4500,44,F,Primaria,Norte,1039.06,3448.5,509.0,13.0,2379.07
4501,35,F,Universitario,Occidente,4808.06,8014.4,712.0,2.0,18826.29
4502,45,M,Tecnico,Centro,738.98,1979.34,435.0,7.0,3106.67
4503,68,M,Secundaria,Norte,1047.78,729.63,553.0,4.0,1780.49
4504,64,F,Tecnico,Norte,,5939.68,633.0,6.0,7623.39
4505,64,F,Secundaria,Occidente,1511.12,3037.11,536.0,,4245.69
4506,21,M,Primaria,Sur,,1843.9,464.0,,2200.24
4507,24,F,Secundaria,,,,591.0,,
4508,62,M,Postgrado,Oriente,1987.24,3628.71,571.0,2.0,5639.09
4509,52,M,Primaria,Oriente,768.14,1051.64,430.0,9.0,500.0
4510,65,F,Secundaria,Centro,1481.88,1917.69,508.0,7.0,2929.42
4511,26,M,Universitario,Oriente,2764.44,5138.09,551.0,12.0,12454.94
4512,25,M,Secundaria,Centro,1050.84,2894.33,481.0,9.0,3535.53
4513,69,M,Secundaria,Oriente,703.82,0.0,360.0,10.0,2044.75
4514,62,M,Universitario,Oriente,2768.25,6753.78,610.0,5.0,6081.57
4515,34,F,Secundaria,Sur,1838.18,2619.25,668.0,6.0,6856.07
4516,34,F,Tecnico,Centro,1084.86,2200.05,473.0,5.0,2399.03
4517,66,F,Universitario,Sur,2108.01,3215.45,634.0,13.0,6172.55
4518,50,F,Universitario,,3673.92,6566.71,680.0,4.0,10814.39
4519,49,M,Postgrado,Centro,1987.43,3839.2,648.0,12.0,5713.44
4520,25,M,Universitario,Occidente,2287.41,3975.06,573.0,14.0,6451.5
4521,36,M,Tecnico,Sur,1319.64,2518.08,533.0,9.0,4771.58
4522,55,M,Universitario,Norte,6583.0,11937.43,725.0,6.0,25783.61
4523,20,M,Universitario,Sur,1322.59,2831.3,529.0,3.0,
4524,22,F,Postgrado,,1395.78,2908.73,489.0,12.0,
4525,30,F,Universitario,Occidente,3080.25,3810.17,618.0,7.0,9496.52
4526,64,F,Secundaria,Sur,1352.67,2167.46,,11.0,
4527,63,F,Tecnico,Norte,1179.76,3194.48,,7.0,3853.75
4528,48,M,Primaria,Norte,973.87,2428.74,500.0,7.0,1885.71
4529,72,F,Secundaria,Norte,3144.94,4768.62,735.0,2.0,11930.94
4530,33,F,Primaria,Norte,,1828.57,,7.0,5332.54
4531,67,M,Postgrado,Oriente,6698.36,11874.46,751.0,2.0,25002.19
4532,49,M,Secundaria,Centro,871.19,1372.54,,6.0,3597.68
4533,39,F,Tecnico,Centro,2920.46,5127.74,580.0,13.0,10761.15
4534,46,F,Tecnico,Oriente,1174.12,1705.24,,13.0,3135.38
4535,39,F,Primaria,Centro,2073.31,,,2.0,5843.4
4536,60,F,Tecnico,Norte,3122.67,7322.34,733.0,4.0,10786.67
4537,20,F,Tecnico,Sur,1101.23,2128.04,529.0,5.0,810.9
4538,71,M,Universitario,Norte,3070.47,5354.09,664.0,3.0,8418.78
4539,27,M,Primaria,Sur,1279.0,2903.65,615.0,10.0,3981.63
4540,59,M,Secundaria,Oriente,2364.06,3007.98,,10.0,7497.79
4541,38,M,Tecnico,Occidente,1073.44,2369.71,,10.0,2491.62
4542,33,F,Primaria,Norte,,596.81,578.0,8.0,1823.36
4543,29,F,Secundaria,Centro,1494.48,2979.93,585.0,5.0,8107.23
4544,19,F,Secundaria,Sur,2820.27,4386.13,648.0,7.0,10743.89
4545,58,M,Tecnico,Centro,1908.67,3996.21,492.0,5.0,5440.58
4546,41,F,Secundaria,,967.77,3867.96,550.0,10.0,797.02
4547,52,M,Tecnico,Norte,2122.23,3943.22,,5.0,4889.17
4548,73,M,Postgrado,Sur,2219.19,2799.07,544.0,5.0,5686.66
4549,47,F,Universitario,Occidente,1135.56,1523.4,,11.0,3022.73
4550,74,F,Secundaria,Occidente,1483.8,2945.41,581.0,5.0,2929.82
4551,47,M,Secundaria,Oriente,1717.65,4106.27,528.0,10.0,6330.28
4552,64,M,Secundaria,Norte,1708.1,2181.4,514.0,9.0,5093.65
4553,52,F,Primaria,Sur,1254.33,3756.3,440.0,10.0,2966.57
4554,36,M,Secundaria,Centro,3312.79,6469.34,634.0,8.0,11210.42
4555,67,M,Secundaria,Occidente,,5689.63,646.0,4.0,9941.59
4556,25,F,Tecnico,Occidente,1201.35,,,9.0,2181.34
4557,43,M,Postgrado,Occidente,5058.47,8091.93,786.0,9.0,18231.18
4558,66,M,Postgrado,Occidente,9570.85,16496.72,742.0,4.0,38327.87
4559,57,M,Primaria,Sur,,3809.73,612.0,9.0,10321.6
4560,24,F,Tecnico,Oriente,2734.38,6714.97,665.0,4.0,
4561,47,F,Primaria,Occidente,1141.71,2065.62,478.0,6.0,
4562,24,M,Tecnico,Sur,965.87,1885.09,567.0,7.0,3965.29
4563,20,M,Primaria,Oriente,745.29,2247.51,494.0,4.0,1509.86
4564,18,M,Postgrado,Occidente,3990.26,6042.86,658.0,7.0,15243.78
4565,53,M,Universitario,Sur,2801.37,4391.48,696.0,1.0,10705.35
4566,42,F,Primaria,Norte,1238.5,2512.16,582.0,5.0,
4567,54,F,Universitario,Norte,3702.76,8014.27,656.0,10.0,9576.45
4568,18,M,Tecnico,Norte,2905.02,5938.82,593.0,7.0,10331.45
4569,32,M,Secundaria,Centro,2489.43,4765.96,,7.0,6638.95
4570,54,M,Tecnico,Centro,2568.23,4829.39,648.0,6.0,7899.0
4571,30,M,Tecnico,Sur,2219.57,4895.99,579.0,6.0,8162.56
4572,57,M,Universitario,Centro,1951.02,,578.0,8.0,6498.37
4573,25,F,Universitario,Occidente,2412.04,4581.0,589.0,7.0,6062.33
4574,22,F,Tecnico,Centro,2034.06,4036.92,559.0,10.0,5521.97
4575,26,F,Universitario,Occidente,2270.65,3876.1,614.0,9.0,7787.94
4576,18,M,Postgrado,Norte,1537.78,2662.55,,9.0,6636.74
4577,53,F,Secundaria,Sur,1771.59,1900.57,,11.0,6437.14
4578,52,M,Primaria,Sur,1193.12,1707.29,521.0,9.0,3155.1
4579,19,M,Universitario,Oriente,2154.53,1986.47,550.0,10.0,7018.0
4580,57,F,Postgrado,Sur,4401.35,8460.52,697.0,7.0,15657.67
4581,40,M,Primaria,Norte,1534.09,2860.64,580.0,9.0,4758.91
4582,26,F,Secundaria,Centro,2487.44,4370.07,610.0,9.0,5744.73
4583,51,F,Primaria,Centro,1594.7,,,7.0,3789.71
4584,63,F,Universitario,Centro,2104.24,4028.67,562.0,7.0,7061.92
4585,31,F,Postgrado,Sur,5860.3,10272.95,730.0,5.0,21256.18
4586,21,M,Secundaria,Sur,2830.82,3979.24,646.0,6.0,10070.98
4587,47,F,Secundaria,Oriente,,3101.26,594.0,12.0,3727.75
4588,48,F,Universitario,Occidente,4263.27,6881.54,648.0,9.0,15166.12
4589,55,F,Primaria,Centro,1325.59,2666.28,541.0,10.0,3099.63
4590,28,M,Universitario,Norte,3917.59,8099.84,639.0,4.0,13186.96
4591,52,F,Secundaria,Oriente,2776.76,6416.17,,11.0,10475.82
4592,25,M,Tecnico,Centro,1309.37,2661.01,470.0,8.0,
4593,20,F,Tecnico,Sur,3235.06,5575.6,696.0,12.0,
4594,31,M,Tecnico,Sur,1798.42,2858.12,489.0,6.0,4317.0
4595,30,F,Postgrado,Sur,3842.36,7187.38,631.0,6.0,11879.27
4596,62,M,Postgrado,,5661.43,8636.48,730.0,9.0,18184.86
4597,49,M,Universitario,Occidente,2168.47,3259.63,565.0,8.0,7558.26
4598,51,M,Secundaria,Occidente,2387.35,3687.5,580.0,3.0,7953.59
4599,62,M,Secundaria,Oriente,1681.96,3356.02,598.0,8.0,3142.75
4600,36,M,Secundaria,Occidente,1209.03,2131.71,405.0,11.0,3544.08
4601,55,M,Universitario,Norte,3290.4,6046.02,584.0,3.0,8046.29
4602,33,F,Tecnico,Oriente,3108.73,5496.95,599.0,6.0,9817.5
4603,19,F,Postgrado,,3305.78,5774.67,602.0,8.0,8300.0
4604,57,F,Postgrado,Oriente,2154.65,,636.0,6.0,6154.66
4605,34,M,Tecnico,Norte,1533.53,3318.45,568.0,5.0,3012.35
4606,72,M,Universitario,,1850.8,4185.73,593.0,6.0,5892.25
4607,51,M,Postgrado,Norte,9355.94,16819.17,814.0,8.0,38656.24
4608,59,F,Universitario,Centro,,3856.74,,7.0,4879.78
4609,33,F,Tecnico,Centro,635.63,2416.37,443.0,6.0,1461.76
4610,55,M,Universitario,Norte,2071.5,3241.98,669.0,2.0,8463.04
4611,19,M,Primaria,Oriente,1246.62,2877.25,531.0,7.0,3954.94
4612,19,F,Tecnico,Occidente,1745.18,2685.89,522.0,6.0,2382.04
4613,43,F,Secundaria,Oriente,,3917.95,587.0,6.0,3074.05
4614,30,F,Primaria,Oriente,659.13,1336.99,444.0,7.0,3120.13
4615,73,F,Universitario,Oriente,2620.16,4401.99,639.0,4.0,9784.58
4616,64,M,Tecnico,Occidente,1203.47,1439.77,491.0,14.0,1751.81
4617,48,M,Secundaria,Sur,2282.53,3650.46,669.0,2.0,8853.08
4618,51,M,Secundaria,Sur,913.28,1519.43,546.0,10.0,2350.6
4619,56,M,Postgrado,Occidente,3264.2,,652.0,4.0,11427.21
4620,20,M,Universitario,,1606.79,2654.54,535.0,11.0,2473.09
4621,25,F,Primaria,Norte,1781.59,2846.37,603.0,7.0,4777.8
4622,40,M,Postgrado,Oriente,2661.94,6211.08,582.0,3.0,9260.99
4623,31,M,Secundaria,Centro,915.4,1326.12,449.0,9.0,3534.38
4624,73,M,Tecnico,Centro,3072.03,4604.23,683.0,8.0,10297.4
4625,72,M,Tecnico,Centro,778.1,305.6,473.0,5.0,4094.35
4626,44,M,Universitario,Oriente,3292.23,5336.55,708.0,4.0,12514.49
4627,71,F,Universitario,Occidente,2954.61,5315.99,615.0,5.0,7349.99
4628,46,F,Secundaria,Norte,4707.37,8495.05,657.0,4.0,15617.63
4629,56,M,Tecnico,Centro,2480.63,3970.2,649.0,7.0,5622.14
4630,70,M,Secundaria,Norte,1984.12,2335.0,537.0,9.0,7043.24
4631,56,M,Tecnico,Sur,1261.75,1562.39,560.0,14.0,3819.91
4632,18,F,Tecnico,Centro,1554.63,1741.3,549.0,7.0,5549.91
4633,34,M,Secundaria,Centro,1662.31,589.67,525.0,7.0,4044.03
4634,58,M,Secundaria,Norte,2936.31,3432.12,600.0,5.0,8583.09
4635,47,F,Secundaria,Centro,1072.37,,484.0,2.0,
4636,70,M,Tecnico,Centro,,1251.53,423.0,,2196.15
4637,30,M,Universitario,Sur,2422.34,4830.48,695.0,3.0,11271.55
4638,38,M,Secundaria,Norte,727.02,772.22,455.0,4.0,
4639,36,M,Postgrado,Sur,4697.21,7969.56,706.0,9.0,15372.61
4640,70,M,Primaria,Centro,2507.14,3825.5,575.0,10.0,7002.62
4641,36,F,Tecnico,Centro,2830.47,,598.0,5.0,8369.96
4642,74,F,Tecnico,Centro,1526.67,2141.35,594.0,9.0,3835.1
4643,42,F,Primaria,Sur,2489.76,5866.45,573.0,3.0,7272.98
4644,39,M,Secundaria,Sur,1056.18,1812.59,479.0,10.0,
4645,48,M,Universitario,Occidente,1561.62,2176.78,569.0,5.0,3755.86
4646,34,M,Tecnico,Centro,3373.25,6840.24,,,12575.97
4647,72,M,Secundaria,Norte,1354.8,,519.0,6.0,6060.98
4648,40,F,Secundaria,Norte,1606.05,3755.62,506.0,9.0,4067.17
4649,49,M,Universitario,Centro,3843.74,7316.63,710.0,3.0,15091.19
4650,27,F,Secundaria,Norte,888.12,1708.39,530.0,14.0,2030.37
4651,27,M,Universitario,Norte,1832.46,3537.99,654.0,7.0,5513.37
4652,53,M,Secundaria,Centro,1177.22,2421.85,510.0,9.0,3468.34
4653,25,M,Tecnico,Sur,1567.5,1802.55,565.0,7.0,3910.9
4654,71,M,Primaria,Oriente,922.12,1754.51,537.0,7.0,
4655,69,M,Universitario,Centro,2990.36,5607.56,656.0,9.0,7945.29
4656,37,M,Universitario,Centro,2795.21,5358.7,674.0,11.0,9332.7
4657,49,M,Tecnico,Oriente,1827.1,2898.17,599.0,5.0,5782.88
4658,67,F,Primaria,Centro,1396.71,3479.32,575.0,10.0,500.0
4659,31,F,Secundaria,Oriente,1093.74,2149.47,470.0,4.0,4443.06
4660,67,M,Secundaria,Occidente,1590.1,2531.66,492.0,10.0,4791.42
4661,45,M,Secundaria,Occidente,707.33,1595.96,484.0,12.0,500.0
4662,63,F,Universitario,Centro,3904.92,7861.67,681.0,11.0,9088.25
4663,69,F,Universitario,,1965.29,2955.55,594.0,13.0,6260.6
4664,70,F,Secundaria,Oriente,1254.57,1571.35,,5.0,2200.99
4665,41,M,Postgrado,Centro,2164.18,4549.24,654.0,7.0,7991.91
4666,32,F,Universitario,Oriente,2507.41,5284.45,,,6653.53
4667,39,F,Tecnico,,1408.22,2447.99,,14.0,3959.55
4668,47,M,Tecnico,Oriente,2414.76,4197.0,696.0,13.0,7366.14
4669,21,F,Universitario,Centro,,3294.91,532.0,10.0,2137.48
4670,30,M,Tecnico,Norte,1871.41,2730.83,598.0,7.0,4715.46
4671,40,F,Tecnico,Sur,2172.87,2002.28,717.0,4.0,7346.96
4672,25,F,Universitario,Centro,3322.24,6069.72,630.0,4.0,9027.49
4673,35,F,Secundaria,Norte,1998.26,3687.19,589.0,3.0,4456.26
4674,29,F,Universitario,Centro,1555.87,3546.59,524.0,9.0,7738.84
4675,72,M,Tecnico,Norte,1967.06,4182.76,645.0,7.0,8077.54
4676,48,M,Tecnico,Sur,1739.1,4462.19,519.0,10.0,6541.92
4677,31,F,Primaria,Centro,733.16,1532.65,510.0,8.0,500.0
4678,51,F,Secundaria,Norte,1509.47,4486.34,590.0,10.0,2929.82
4679,35,F,Secundaria,Centro,790.51,2359.86,431.0,,2024.78
4680,73,F,Secundaria,Centro,1770.66,3276.17,573.0,5.0,4953.6
4681,51,F,Universitario,Sur,4205.65,8425.32,758.0,5.0,17473.01
4682,28,F,Secundaria,Centro,2287.77,3404.07,521.0,13.0,6581.09
4683,58,M,Secundaria,Oriente,1846.56,3101.34,,9.0,6680.23
4684,29,M,Tecnico,Norte,1971.56,3428.87,567.0,8.0,5685.43
4685,66,F,Tecnico,Centro,1791.54,3073.46,561.0,7.0,4292.21
4686,32,M,Primaria,Sur,3112.04,6284.6,547.0,9.0,6769.34
4687,74,M,Primaria,Norte,1159.41,2969.54,522.0,9.0,3548.17
4688,48,M,Universitario,Norte,1343.67,3045.56,460.0,4.0,
4689,66,F,Primaria,Centro,1772.86,2690.17,590.0,6.0,5112.88
4690,75,F,Universitario,Norte,3147.7,6209.55,673.0,6.0,9602.33
4691,46,F,Secundaria,Sur,920.49,2627.85,548.0,8.0,3692.0
4692,43,M,Tecnico,Sur,1509.54,3297.99,,3.0,3951.5
4693,35,F,Secundaria,Centro,1597.31,,555.0,6.0,5701.61
4694,49,F,Universitario,Sur,1888.5,2624.89,622.0,7.0,4936.52
4695,39,M,Secundaria,Occidente,2254.88,,650.0,7.0,7764.98
4696,55,M,Secundaria,Occidente,1084.77,2883.33,516.0,8.0,1773.61
4697,34,M,Secundaria,Norte,1319.32,1592.14,514.0,5.0,1138.08
4698,40,F,Universitario,Norte,1979.11,3558.38,649.0,11.0,6227.74
4699,41,F,Universitario,Centro,2935.68,5319.61,648.0,7.0,8996.15
4700,67,M,Secundaria,Centro,2093.8,2963.08,526.0,11.0,3954.69
4701,25,F,Secundaria,Norte,1775.56,3422.4,,2.0,6313.8
4702,58,M,Universitario,Centro,1079.15,2257.57,481.0,6.0,2444.52
4703,23,M,Universitario,Norte,2487.74,,708.0,6.0,9367.43
4704,22,M,Tecnico,Sur,2144.69,4658.37,558.0,7.0,4294.21
4705,61,M,Universitario,Centro,3252.57,5822.76,643.0,6.0,12363.68
4706,74,M,Secundaria,Norte,1473.28,3218.11,597.0,7.0,4427.68
4707,46,M,Primaria,Centro,1223.2,2545.24,642.0,5.0,4045.27
4708,45,M,Primaria,Sur,935.21,,483.0,9.0,785.01
4709,28,M,Tecnico,Sur,3112.89,5229.19,605.0,9.0,10611.02
4710,74,F,Secundaria,Occidente,872.57,1999.99,451.0,8.0,582.27
4711,18,M,Primaria,Occidente,1401.79,3454.41,466.0,6.0,2684.95
4712,60,M,Secundaria,Sur,993.24,2538.16,508.0,5.0,1434.46
4713,36,F,Tecnico,Oriente,1434.42,3566.05,557.0,13.0,4995.26
4714,26,M,Primaria,Norte,1142.52,2211.0,453.0,15.0,500.0
4715,44,F,Primaria,Sur,493.28,,,5.0,
4716,51,F,Universitario,Sur,1305.81,2123.2,520.0,3.0,4708.84
4717,61,M,Secundaria,Sur,757.56,1163.57,441.0,10.0,2255.97
4718,21,F,Secundaria,,1742.89,4541.12,589.0,7.0,3169.88
4719,53,F,Tecnico,Norte,2916.95,5624.3,621.0,4.0,9981.17
4720,35,F,Universitario,Centro,1154.99,2809.62,572.0,7.0,
4721,32,F,Tecnico,Sur,1629.81,1563.13,490.0,8.0,3195.09
4722,68,M,Secundaria,Occidente,1785.5,3505.72,576.0,6.0,5011.64
4723,30,F,Universitario,Centro,2648.11,4990.12,545.0,11.0,8820.24
4724,36,M,Secundaria,Occidente,3662.39,7056.28,690.0,3.0,12897.53
4725,66,M,Secundaria,Norte,1684.57,3477.59,563.0,6.0,5446.35
4726,23,M,Tecnico,Occidente,1141.84,1786.57,499.0,9.0,
4727,65,M,Tecnico,Oriente,,6707.75,611.0,9.0,10417.46
4728,73,M,Tecnico,Norte,3911.35,6412.29,729.0,5.0,14114.54
4729,29,F,Universitario,Centro,1302.66,2156.74,570.0,9.0,2969.08
4730,68,F,Tecnico,Norte,2408.11,5086.2,638.0,6.0,5741.33
4731,54,M,Universitario,Occidente,2490.24,3678.59,606.0,2.0,7028.28
4732,34,F,Tecnico,Centro,,2040.6,520.0,7.0,3317.76
4733,75,F,Secundaria,Sur,1199.46,2787.71,541.0,4.0,
4734,40,M,Tecnico,Centro,3672.05,,659.0,7.0,11710.8
4735,43,M,Primaria,Occidente,1703.45,2532.72,664.0,7.0,6326.14
4736,46,F,Secundaria,Centro,,3655.2,550.0,6.0,5835.41
4737,50,F,Universitario,Centro,1246.64,2386.12,527.0,9.0,3377.99
4738,44,F,Tecnico,Centro,2449.35,3924.18,600.0,4.0,7620.02
4739,42,F,Primaria,Centro,1984.44,3699.84,660.0,4.0,5982.23
4740,73,M,Secundaria,Norte,861.44,1548.58,461.0,5.0,1060.88
4741,72,M,Primaria,Sur,1284.38,3113.83,576.0,9.0,8790.18
4742,27,F,Universitario,Norte,,5844.85,630.0,10.0,12237.43
4743,64,M,Primaria,Sur,1856.09,2685.76,591.0,9.0,4975.82
4744,40,F,Tecnico,Centro,2392.89,4123.06,696.0,3.0,10667.05
4745,38,F,Tecnico,Centro,1823.08,3077.33,516.0,6.0,6915.51
4746,38,F,Secundaria,Centro,2427.29,5139.31,578.0,3.0,6173.04
4747,60,F,Secundaria,Oriente,1671.3,3140.24,667.0,9.0,4423.45
4748,30,M,Secundaria,Norte,1879.16,3916.45,622.0,7.0,5694.36
4749,54,F,Universitario,Centro,2869.17,6319.9,565.0,8.0,10077.83
4750,50,F,Universitario,Sur,1511.93,2081.75,531.0,8.0,4979.63
4751,41,F,Universitario,Norte,1583.19,4013.29,543.0,11.0,4310.59
4752,61,F,Universitario,Sur,1296.34,2360.51,565.0,7.0,3644.07
4753,28,M,Primaria,Norte,,0.0,516.0,11.0,1799.87
4754,34,F,Primaria,Norte,1703.07,3258.58,576.0,11.0,5051.22
4755,21,F,Universitario,Oriente,2681.53,3723.37,571.0,8.0,7084.89
4756,64,M,Universitario,Centro,2469.48,3392.61,681.0,7.0,8110.85
4757,42,F,Tecnico,Centro,3320.02,5183.78,688.0,4.0,10882.29
4758,47,F,Tecnico,Oriente,1586.93,2801.4,541.0,7.0,7822.88
4759,26,F,Secundaria,Norte,1869.36,2367.85,678.0,3.0,8752.27
4760,38,M,Secundaria,Sur,1277.38,3315.63,516.0,9.0,4302.59
4761,37,F,Tecnico,Occidente,909.12,2533.99,517.0,11.0,
4762,36,F,Universitario,Sur,1691.47,5127.74,660.0,4.0,6345.86
4763,36,F,Secundaria,Norte,1044.58,1818.59,500.0,4.0,3774.25
4764,29,M,Secundaria,Sur,771.43,1006.33,,13.0,
4765,54,M,Secundaria,,1434.88,2758.39,578.0,4.0,3014.98
4766,59,F,Primaria,Centro,,2294.53,492.0,12.0,2588.51
4767,34,F,Tecnico,Oriente,3477.94,7297.04,713.0,2.0,13750.35
4768,54,M,Postgrado,Norte,3042.2,4994.11,682.0,5.0,10799.66
4769,71,M,Universitario,Norte,1742.11,3943.64,620.0,4.0,4881.09
4770,65,M,Universitario,Centro,,3572.91,526.0,15.0,1372.0
4771,56,F,Tecnico,Occidente,1117.34,4380.39,553.0,9.0,4402.97
4772,45,M,Secundaria,Centro,2241.14,5167.55,558.0,9.0,5149.03
4773,58,M,Postgrado,Norte,5259.06,10968.97,741.0,2.0,18043.58
4774,52,M,Secundaria,Sur,623.14,2715.6,471.0,9.0,2140.48
4775,64,F,Universitario,Sur,6632.55,11412.39,648.0,5.0,19978.03
4776,65,M,Universitario,Centro,2599.06,4070.42,679.0,6.0,6325.23
4777,35,M,Secundaria,Occidente,2344.91,5021.72,605.0,6.0,9310.42
4778,31,F,Secundaria,Centro,1023.38,1558.26,473.0,7.0,
4779,52,M,Secundaria,Centro,982.91,2397.83,494.0,5.0,3286.56
4780,61,M,Primaria,Norte,1114.08,1949.89,460.0,11.0,4061.23
4781,58,F,Secundaria,Sur,1833.18,3631.55,649.0,8.0,7737.57
4782,24,M,Universitario,Centro,2556.23,4870.5,649.0,,8786.58
4783,58,F,Universitario,Oriente,4193.17,8129.8,774.0,6.0,18924.94
4784,30,M,Secundaria,Occidente,661.27,247.54,437.0,11.0,500.0
4785,35,F,Secundaria,Norte,2226.5,2982.87,588.0,9.0,9693.89
4786,54,M,Tecnico,Occidente,2323.6,4108.89,652.0,3.0,7600.34
4787,30,F,Secundaria,Centro,1686.5,3131.15,606.0,4.0,3283.27
4788,53,M,Secundaria,Centro,836.46,2848.19,529.0,12.0,3269.19
4789,48,M,Tecnico,Oriente,1272.42,2636.2,574.0,9.0,3751.93
4790,19,F,Secundaria,Sur,1909.36,3631.95,649.0,6.0,5482.72
4791,33,F,Secundaria,Oriente,488.2,678.91,,5.0,500.0
4792,26,M,Tecnico,Centro,743.01,1754.19,479.0,11.0,500.0
4793,26,F,Secundaria,Occidente,1787.58,3034.27,634.0,5.0,7323.34
4794,55,M,Secundaria,Oriente,1982.8,2622.75,547.0,3.0,4119.21
4795,28,F,Secundaria,Centro,,2735.17,531.0,1.0,2461.91
4796,71,M,Secundaria,Occidente,1133.34,1643.99,489.0,3.0,2636.12
4797,73,F,Universitario,Occidente,3910.35,6698.88,699.0,5.0,12004.55
4798,39,M,Universitario,Centro,3558.34,5268.89,683.0,9.0,12628.78
4799,50,M,Tecnico,Sur,1570.26,3131.87,514.0,8.0,4285.38
4800,53,M,Secundaria,Oriente,,2956.65,483.0,13.0,2224.25
4801,62,M,Primaria,Oriente,2424.18,2996.41,630.0,14.0,8458.57
4802,40,F,Secundaria,Norte,837.83,222.64,484.0,4.0,3919.38
4803,62,F,Universitario,Sur,3383.88,6414.85,697.0,5.0,9761.45
4804,62,F,Secundaria,Occidente,2677.81,5032.93,653.0,8.0,10437.03
4805,51,M,Tecnico,Centro,1827.66,2910.96,590.0,8.0,5377.19
4806,26,M,Secundaria,Oriente,1115.35,1565.31,506.0,7.0,2155.51
4807,41,F,Universitario,Sur,,2320.2,503.0,6.0,2350.0
4808,25,F,Universitario,Centro,2387.18,2778.1,621.0,7.0,9046.58
4809,24,M,Primaria,Norte,599.64,35.26,,7.0,
4810,53,F,Universitario,Oriente,2816.98,4263.1,625.0,7.0,7535.17
4811,35,F,Primaria,Centro,475.93,544.25,,12.0,2504.17
4812,20,F,Tecnico,Centro,810.23,1167.53,,8.0,
4813,45,M,Primaria,Centro,1281.56,227.15,558.0,9.0,3472.03
4814,23,M,Primaria,Sur,,,,11.0,2006.19
4815,61,M,Primaria,Norte,1096.2,2434.21,510.0,8.0,
4816,61,F,Postgrado,Sur,5497.07,10300.69,727.0,8.0,18095.06
4817,38,M,Universitario,Sur,1851.12,4023.9,532.0,5.0,7978.09
4818,45,M,Primaria,Norte,3218.34,6212.1,,5.0,12429.42
4819,57,F,Tecnico,Sur,1018.94,1749.99,,,3244.33
4820,71,M,Secundaria,Sur,1151.36,1293.59,558.0,13.0,
4821,71,M,Secundaria,Norte,,4457.71,678.0,9.0,12830.67
4822,18,F,Universitario,Occidente,2036.87,2987.39,551.0,7.0,7240.08
4823,53,F,Primaria,,1881.0,4044.23,581.0,6.0,4898.97
4824,38,F,Tecnico,Norte,985.72,2197.09,446.0,9.0,500.0
4825,60,M,Secundaria,Centro,1012.48,1049.74,472.0,8.0,3530.61
4826,52,F,Secundaria,Centro,2003.24,3908.68,599.0,6.0,7927.5
4827,30,F,Secundaria,Norte,767.38,1883.26,,12.0,
4828,74,M,Postgrado,Norte,2033.66,4070.46,591.0,10.0,7624.46
4829,66,F,Universitario,Norte,2392.5,5022.35,606.0,7.0,
4830,71,M,Primaria,,2297.05,4174.73,647.0,4.0,7578.01
4831,71,M,Universitario,Centro,2995.2,5180.41,670.0,3.0,8951.52
4832,27,M,Universitario,Occidente,2122.09,3878.61,536.0,7.0,5090.65
4833,70,M,Secundaria,Sur,1705.69,3882.42,568.0,8.0,6340.27
4834,61,M,Secundaria,Oriente,711.75,1888.14,450.0,12.0,2902.85
4835,64,F,Primaria,Sur,965.18,1812.91,480.0,5.0,500.0
4836,70,M,Secundaria,,1931.54,4395.08,572.0,7.0,3275.8
4837,27,F,Tecnico,Oriente,1944.75,4986.34,604.0,7.0,6184.39
4838,63,F,Secundaria,Sur,2058.52,5752.64,550.0,9.0,
4839,30,M,Primaria,Centro,1607.57,4929.7,601.0,11.0,2815.94
4840,54,M,Secundaria,Centro,1701.42,5634.7,569.0,5.0,5278.21
4841,55,F,Secundaria,Oriente,496.66,,423.0,10.0,500.0
4842,41,F,Tecnico,Sur,2091.54,1627.05,665.0,6.0,8197.94
4843,19,M,Tecnico,Centro,1381.33,2656.14,567.0,11.0,5756.76
4844,39,M,Primaria,Norte,1003.11,631.35,475.0,14.0,
4845,34,F,Secundaria,Centro,1249.58,3590.3,532.0,5.0,1914.61
4846,53,M,Secundaria,Centro,1748.77,2897.5,552.0,7.0,3587.9
4847,31,F,Postgrado,Occidente,1667.37,3359.01,565.0,,6388.67
4848,27,F,Secundaria,,672.97,1094.67,,13.0,2503.61
4849,52,M,Primaria,Norte,701.45,2701.37,448.0,6.0,500.0
4850,42,M,Primaria,Norte,1816.29,2321.05,590.0,5.0,4336.44
4851,20,M,Secundaria,,1179.46,2688.53,502.0,6.0,2199.01
4852,64,F,Primaria,Norte,1572.95,1997.04,539.0,7.0,2990.06
4853,55,M,Tecnico,Occidente,2292.77,2417.99,683.0,6.0,7763.95
4854,34,M,Universitario,Occidente,2825.8,5236.51,,,7463.89
4855,29,F,Secundaria,Occidente,1853.7,,541.0,9.0,4693.67
4856,71,M,Tecnico,Oriente,1505.42,1513.69,552.0,16.0,1647.01
4857,69,M,Universitario,Sur,3417.82,4896.17,669.0,5.0,12526.16
4858,41,F,Secundaria,Occidente,1778.91,2890.76,597.0,6.0,7995.87
4859,46,M,Primaria,Occidente,592.79,1813.57,,9.0,3428.99
4860,60,F,Secundaria,Occidente,1596.43,1704.47,562.0,9.0,3566.13
4861,42,F,Universitario,Occidente,2245.56,4907.13,615.0,6.0,6715.59
4862,53,M,Universitario,Sur,3021.98,5009.12,736.0,4.0,12286.2
4863,75,M,Primaria,Norte,1293.85,1477.48,508.0,12.0,2453.34
4864,43,M,Secundaria,Centro,1350.22,3401.69,503.0,11.0,3421.87
4865,55,F,Universitario,Sur,4962.07,9702.94,760.0,3.0,17316.31
4866,18,M,Secundaria,Sur,1879.78,4034.3,545.0,6.0,4941.25
4867,37,F,Universitario,Oriente,2421.84,4544.68,594.0,9.0,7717.13
4868,72,F,Secundaria,Oriente,961.07,871.96,,11.0,2749.74
4869,45,M,Postgrado,Sur,3507.07,7306.37,643.0,5.0,12175.66
4870,33,F,Universitario,,1606.85,2915.34,597.0,4.0,5758.1
4871,64,M,Secundaria,Centro,744.39,1448.18,445.0,5.0,1913.67
4872,34,F,Tecnico,Centro,1476.37,2971.74,523.0,8.0,6226.51
4873,57,F,Primaria,Centro,1058.68,2698.65,571.0,5.0,4082.07
4874,45,M,Secundaria,Sur,2399.88,3017.33,607.0,5.0,6859.24
4875,75,M,Tecnico,Norte,2973.1,5317.68,,7.0,8153.33
4876,29,F,Secundaria,Norte,1976.47,3194.57,681.0,4.0,4927.37
4877,44,F,Tecnico,Centro,1738.25,4316.17,573.0,7.0,5047.21
4878,71,F,Secundaria,Oriente,,4150.47,549.0,7.0,6935.8
4879,70,M,Universitario,Norte,3253.74,6091.11,636.0,5.0,11526.43
4880,59,M,Secundaria,Oriente,,2679.2,611.0,10.0,10577.99
4881,64,M,Universitario,Centro,2941.83,4822.86,658.0,6.0,9956.53
4882,47,F,Primaria,Norte,1524.51,723.47,,7.0,5270.24
4883,58,M,Secundaria,Sur,1501.82,,546.0,10.0,2394.53
4884,51,M,Secundaria,Occidente,1345.5,1964.84,576.0,5.0,3180.77
4885,54,F,Secundaria,Sur,565.74,1987.5,553.0,,500.0
4886,23,F,Secundaria,Sur,1239.77,1783.85,538.0,3.0,
4887,24,M,Secundaria,Oriente,1045.84,1724.61,,3.0,2739.27
4888,49,M,Postgrado,Oriente,3497.97,5994.37,678.0,2.0,9939.81
4889,49,F,Secundaria,Norte,1122.43,743.39,527.0,,2888.42
4890,70,M,Universitario,Oriente,2695.78,3549.87,626.0,6.0,7944.12
4891,42,M,Tecnico,Occidente,778.33,2980.37,,7.0,2488.63
4892,50,M,Secundaria,Oriente,988.16,1170.27,529.0,10.0,5561.61
4893,72,F,Tecnico,Oriente,1382.84,3087.43,537.0,5.0,2682.85
4894,75,F,Universitario,Centro,1594.78,4975.76,,10.0,4224.37
4895,24,M,Secundaria,Centro,5888.85,10268.37,742.0,8.0,20684.3
4896,69,M,Universitario,Sur,1014.97,2195.43,,7.0,
4897,74,F,Primaria,Centro,1730.03,3345.17,633.0,8.0,3826.88
4898,29,F,Tecnico,Occidente,2747.52,5212.88,579.0,7.0,7662.25
4899,33,F,Secundaria,Occidente,1208.73,2567.03,521.0,8.0,5727.85
4900,33,F,Secundaria,Oriente,1711.97,2121.71,,6.0,6332.35
4901,60,F,Tecnico,Occidente,2454.84,3261.91,584.0,9.0,6080.65
4902,70,F,Secundaria,Centro,1683.63,3003.01,556.0,5.0,4920.47
4903,53,M,Secundaria,Occidente,692.88,2367.27,478.0,8.0,1701.57
4904,30,M,Secundaria,Centro,1760.14,3904.0,,7.0,6113.78
4905,24,M,Tecnico,Norte,2689.44,3708.21,666.0,6.0,12511.55
4906,53,F,Secundaria,Sur,3881.57,7447.16,,3.0,12411.22
4907,64,F,Secundaria,Centro,842.21,1718.01,462.0,8.0,500.0
4908,68,F,Secundaria,Occidente,1460.27,,549.0,11.0,4853.03
4909,26,M,Universitario,Centro,2296.34,4231.25,676.0,9.0,4815.13
4910,49,M,Universitario,Occidente,2328.05,4436.94,,6.0,5309.02
4911,28,M,Secundaria,Norte,687.35,1213.13,457.0,11.0,500.0
4912,25,M,Secundaria,Oriente,2381.97,3809.51,604.0,4.0,7890.53
4913,50,F,Secundaria,Oriente,2387.76,4119.19,534.0,8.0,6538.16
4914,40,F,Universitario,Oriente,2833.95,,673.0,3.0,8988.09
4915,42,M,Universitario,Centro,1983.15,3987.74,555.0,15.0,7134.02
4916,73,M,Primaria,Oriente,1156.46,2480.23,574.0,,3821.72
4917,25,F,Universitario,Centro,2040.47,4998.82,554.0,6.0,6182.02
4918,62,M,Primaria,Oriente,,1691.35,436.0,13.0,500.0
4919,39,F,Secundaria,Sur,2045.44,3528.71,641.0,10.0,5084.99
4920,21,M,Universitario,Norte,2327.05,,577.0,8.0,7655.4
4921,57,M,Universitario,Norte,3368.02,5807.66,686.0,6.0,9561.76
4922,20,M,Universitario,Centro,2581.22,4109.3,544.0,14.0,9249.66
4923,46,M,Secundaria,Occidente,962.29,0.0,502.0,7.0,2012.65
4924,58,F,Secundaria,Sur,1021.06,2148.42,524.0,13.0,3105.58
4925,46,M,Universitario,Oriente,4371.84,8268.31,734.0,3.0,15862.59
4926,51,M,Tecnico,Sur,2358.3,5280.93,622.0,5.0,
4927,51,M,Secundaria,Occidente,1287.46,3473.32,,6.0,2864.67
4928,45,M,Secundaria,Centro,1942.97,3775.06,563.0,10.0,4919.17
4929,30,M,Universitario,Norte,1584.19,1854.82,487.0,11.0,3717.43
4930,32,F,Universitario,Oriente,3837.39,5945.93,648.0,9.0,12798.88
4931,40,F,Tecnico,Oriente,973.98,1930.48,489.0,6.0,871.61
4932,61,F,Universitario,Sur,2722.34,5618.11,649.0,6.0,7761.83
4933,43,M,Primaria,Centro,1131.48,2803.5,463.0,8.0,
4934,21,M,Tecnico,Norte,1736.76,,599.0,5.0,4278.86
4935,43,M,Tecnico,Centro,2419.25,2674.36,611.0,9.0,8601.86
4936,57,M,Primaria,Sur,1939.9,2526.79,625.0,9.0,5136.88
4937,26,F,Universitario,Sur,1932.12,1931.25,649.0,10.0,4684.51
4938,72,F,Universitario,Centro,1038.21,2137.06,485.0,9.0,1565.25
4939,22,F,Secundaria,Sur,665.88,988.17,447.0,7.0,596.14
4940,73,M,Universitario,Norte,2145.95,3623.74,573.0,8.0,6551.18
4941,49,M,Tecnico,Sur,1854.48,3720.13,560.0,7.0,6306.78
4942,37,F,Tecnico,Oriente,2111.61,3513.06,578.0,10.0,4436.43
4943,67,M,Universitario,Norte,2746.65,6482.88,,4.0,7717.55
4944,28,M,Secundaria,Centro,2179.02,3769.81,593.0,6.0,8275.53
4945,32,F,Universitario,Norte,5296.03,8149.13,752.0,13.0,23640.28
4946,49,F,Secundaria,Occidente,1589.09,822.83,519.0,11.0,2014.77
4947,45,F,Universitario,Sur,2841.81,5542.31,635.0,9.0,8549.04
4948,39,M,Secundaria,Centro,1057.46,2410.78,530.0,7.0,2876.43
4949,58,M,Primaria,Centro,1269.68,2777.8,581.0,8.0,2863.07
4950,34,M,Secundaria,Occidente,1621.47,1869.59,506.0,12.0,5146.62
4951,43,F,Secundaria,Sur,1611.9,2193.34,587.0,12.0,6567.72
4952,61,M,Primaria,Norte,888.68,2939.88,459.0,5.0,4009.65
4953,24,F,Primaria,Centro,,2097.73,534.0,6.0,4188.78
4954,59,F,Universitario,Oriente,2586.77,4160.64,627.0,10.0,8421.88
4955,74,F,Universitario,Centro,2944.42,6407.83,659.0,8.0,
4956,43,M,Universitario,Centro,2009.48,2793.57,,4.0,1758.31
4957,42,M,Universitario,Occidente,2413.45,4011.59,581.0,8.0,6513.18
4958,27,F,Universitario,,6207.89,,735.0,7.0,21601.39
4959,62,F,Primaria,Occidente,1279.19,3362.88,562.0,5.0,2502.43
4960,36,F,Universitario,Norte,,7998.65,656.0,9.0,12607.64
4961,28,M,Universitario,Centro,4435.37,8575.05,645.0,14.0,13407.5
4962,30,M,Primaria,Centro,609.82,2710.98,360.0,11.0,3961.21
4963,70,F,Tecnico,Oriente,1737.62,3881.18,568.0,5.0,4780.06
4964,25,M,Secundaria,Oriente,1353.57,2701.21,578.0,15.0,2848.56
4965,57,F,Universitario,Oriente,6120.79,11026.82,714.0,6.0,22106.09
4966,21,F,Tecnico,,4028.97,7009.49,681.0,,13445.08
4967,64,M,Postgrado,Oriente,1791.29,2232.24,591.0,8.0,9302.81
4968,48,M,Primaria,Centro,,0.0,524.0,9.0,2922.31
4969,45,F,Primaria,Centro,2096.65,4536.71,514.0,8.0,3430.64
4970,28,M,Postgrado,Centro,2538.35,4488.94,655.0,4.0,6156.45
4971,60,F,Primaria,Centro,1664.81,2310.81,570.0,3.0,5842.78
4972,18,F,Secundaria,Centro,1295.8,3957.57,,5.0,2566.52
4973,66,F,Tecnico,Oriente,1164.96,3054.0,553.0,,3268.66
4974,64,F,Universitario,Norte,4507.04,7987.06,678.0,5.0,14837.77
4975,69,M,Secundaria,Oriente,1139.82,2507.2,580.0,5.0,3798.35
4976,55,M,Primaria,Oriente,1161.81,2069.66,589.0,9.0,2959.25
4977,41,F,Tecnico,Norte,1078.9,1650.8,553.0,5.0,1785.4
4978,71,M,Secundaria,Norte,962.7,2732.26,581.0,11.0,3365.5
4979,74,F,Secundaria,Centro,1638.8,3165.58,564.0,4.0,3692.7
4980,64,F,Universitario,Norte,1633.1,1940.2,533.0,3.0,500.0
4981,48,M,Universitario,Sur,4788.89,8910.45,730.0,1.0,17560.29
4982,58,M,Universitario,Sur,3377.94,6587.87,676.0,7.0,11718.15
4983,63,F,Primaria,Sur,1787.21,4574.65,603.0,11.0,6668.56
4984,67,F,Tecnico,Centro,1656.64,3214.32,548.0,9.0,5945.43
4985,43,M,Postgrado,Centro,,5332.14,715.0,10.0,13567.98
4986,66,F,Tecnico,Sur,,4557.37,623.0,6.0,5529.07
4987,67,F,Primaria,Norte,,0.0,,16.0,1689.56
4988,22,F,Postgrado,Centro,2584.35,6830.54,625.0,3.0,6815.68
4989,37,M,Tecnico,Occidente,786.12,2986.78,489.0,6.0,500.0
4990,69,M,Universitario,Centro,2801.99,5818.2,607.0,5.0,6895.22
4991,58,F,Primaria,Oriente,736.09,1578.45,,11.0,1040.91
4992,28,F,Tecnico,Centro,1658.72,1883.78,565.0,7.0,5871.7
4993,73,M,Universitario,Norte,1709.48,3099.86,534.0,4.0,5609.32
4994,71,F,Tecnico,Sur,3619.97,6914.96,650.0,2.0,13131.81
4995,50,F,Secundaria,Occidente,4217.76,6771.57,694.0,5.0,
4996,67,M,Primaria,Oriente,1903.59,2990.07,592.0,9.0,6738.81
4997,55,F,Secundaria,Centro,2385.23,3905.43,546.0,8.0,3351.48
4998,44,F,Secundaria,Occidente,,2160.82,567.0,2.0,7151.22
4999,51,M,Tecnico,Centro,1381.83,3835.84,550.0,8.0,3129.75
5000,32,M,Primaria,,,758.06,447.0,8.0,500.0
5001,49,F,Primaria,Norte,,3458.62,555.0,9.0,3955.95
5002,75,M,Secundaria,Centro,1396.14,2123.71,539.0,10.0,539.03
5003,38,M,Secundaria,Sur,,2688.92,564.0,6.0,4649.08
5004,63,F,Tecnico,Norte,1362.32,2489.3,640.0,10.0,5301.7
5005,22,F,Tecnico,Occidente,884.34,1756.88,444.0,9.0,508.7
5006,23,F,Universitario,Oriente,1372.27,1628.86,518.0,5.0,4116.37
5007,55,F,Secundaria,Oriente,3067.04,5804.93,620.0,7.0,8103.75
5008,39,M,Tecnico,Sur,4277.79,6810.78,640.0,7.0,12863.99
5009,35,M,Secundaria,Sur,729.78,2794.25,,,5128.11
5010,31,M,Primaria,Centro,868.83,1137.65,,4.0,
5011,27,M,Tecnico,Sur,796.58,2125.84,433.0,4.0,539.78
5012,63,F,Universitario,Occidente,2571.01,4179.09,732.0,4.0,8793.35
5013,30,F,Primaria,Sur,1219.32,3207.03,515.0,4.0,2410.52
5014,48,M,Primaria,Centro,,1696.82,,7.0,2155.54
5015,47,M,Universitario,Centro,1933.43,3437.11,622.0,7.0,5875.51
5016,20,M,Tecnico,Occidente,1924.06,3269.72,540.0,4.0,2994.71
5017,47,F,Secundaria,Norte,,3421.2,586.0,9.0,4609.74
5018,23,M,Tecnico,Oriente,2369.05,3089.83,541.0,8.0,6873.57
5019,46,M,Postgrado,Centro,5763.05,9792.07,747.0,5.0,20049.2
5020,25,F,Secundaria,Centro,1239.8,2512.38,,6.0,3562.56
5021,61,M,Secundaria,Oriente,,2591.7,547.0,6.0,3704.9
5022,62,M,Secundaria,Norte,2395.51,3401.97,650.0,3.0,7727.9
5023,60,F,Universitario,Centro,1931.13,,,8.0,6980.87
5024,61,M,Secundaria,Norte,1414.58,2482.98,578.0,5.0,2727.5
5025,50,F,Postgrado,Sur,2621.73,4784.22,715.0,7.0,7813.39
5026,34,M,Tecnico,Norte,3806.47,7158.33,687.0,7.0,16783.25
5027,65,M,Secundaria,Norte,,4508.49,600.0,7.0,6520.03
5028,28,M,Primaria,Oriente,700.8,1530.51,393.0,7.0,
5029,30,F,Tecnico,Centro,1757.53,2359.75,579.0,7.0,5908.31
5030,67,F,Secundaria,Norte,1890.13,3958.09,551.0,6.0,3534.38
5031,28,F,Universitario,Sur,1408.9,3321.34,,8.0,2170.15
5032,48,F,Secundaria,Sur,1781.31,,538.0,9.0,3777.85
5033,45,F,Secundaria,Centro,1410.78,2915.25,503.0,10.0,5554.95
5034,61,M,Tecnico,Occidente,1076.73,2991.05,508.0,3.0,
5035,23,M,Primaria,Oriente,630.46,616.29,512.0,10.0,1934.59
5036,58,M,Tecnico,Norte,3440.16,6750.17,640.0,5.0,9245.12
5037,33,M,Primaria,Sur,808.67,895.51,,5.0,1107.97
5038,21,M,Tecnico,Norte,2717.67,4654.36,,10.0,7843.77
5039,52,M,Tecnico,Centro,2468.24,,,5.0,7276.49
5040,65,M,Tecnico,Occidente,1422.36,3058.52,543.0,,1815.52
5041,73,M,Tecnico,Centro,2392.53,4918.8,619.0,8.0,9121.92
5042,43,M,Primaria,Occidente,1394.67,2846.05,561.0,6.0,2470.5
5043,74,F,Secundaria,Norte,2399.71,4794.97,583.0,6.0,7899.44
5044,29,F,Secundaria,Norte,1582.22,3427.43,544.0,11.0,2961.0
5045,28,M,Secundaria,Centro,1257.07,3351.01,538.0,11.0,2538.71
5046,54,M,Postgrado,Centro,6132.91,10579.23,730.0,4.0,22392.45
5047,42,M,Primaria,Oriente,1668.53,978.83,531.0,7.0,3199.34
5048,35,F,Tecnico,Sur,1329.88,2066.65,,16.0,6323.52
5049,36,M,Secundaria,Sur,1370.06,2145.61,557.0,9.0,1025.37
5050,40,F,Secundaria,Sur,2683.35,,,,5715.97
5051,72,M,Universitario,Oriente,4993.07,7185.23,766.0,9.0,19531.53
5052,55,M,Primaria,Occidente,1136.7,2261.87,513.0,12.0,3287.62
5053,71,M,Universitario,Centro,3161.9,6766.16,677.0,5.0,9083.31
5054,35,M,Primaria,Oriente,,2518.29,563.0,,4836.08
5055,43,F,Secundaria,Centro,916.66,,503.0,10.0,750.69
5056,23,M,Universitario,Oriente,2907.7,4667.09,602.0,9.0,10899.66
5057,21,F,Secundaria,Occidente,546.24,1559.44,,5.0,2812.14
5058,61,F,Universitario,Norte,3752.1,,708.0,6.0,14349.11
5059,68,F,Primaria,Sur,1595.82,2419.05,541.0,8.0,4171.29
5060,46,M,Universitario,Occidente,620.27,1162.94,424.0,13.0,
5061,51,M,Secundaria,Centro,989.62,2453.0,507.0,11.0,2001.46
5062,34,M,Tecnico,Occidente,802.49,1356.64,490.0,8.0,3517.31
5063,60,M,Universitario,Norte,1567.77,2689.22,545.0,11.0,2465.1
5064,60,F,Secundaria,Sur,,2933.46,578.0,,3915.82
5065,70,M,Secundaria,Occidente,3469.21,6461.22,644.0,5.0,10378.92
5066,33,F,Universitario,Centro,,,635.0,5.0,11202.0
5067,19,M,Primaria,Centro,966.22,1895.38,479.0,10.0,2522.14
5068,51,F,Tecnico,Norte,2531.75,3581.58,710.0,2.0,9807.82
5069,72,M,Universitario,Norte,3362.22,5934.82,704.0,4.0,
5070,25,M,Tecnico,Centro,3337.94,7018.64,648.0,6.0,12707.14
5071,30,F,Secundaria,Oriente,2136.36,4307.55,600.0,7.0,6115.34
5072,59,M,Primaria,Occidente,1244.21,3204.54,510.0,10.0,3374.4
5073,25,F,Secundaria,Sur,736.55,1656.6,444.0,4.0,2362.1
5074,47,M,Secundaria,Oriente,2782.38,5182.63,638.0,7.0,7389.17
5075,49,M,Primaria,Oriente,1151.27,3224.6,497.0,7.0,4338.37
5076,53,F,Universitario,Oriente,1644.99,2607.27,583.0,8.0,5589.78
5077,64,F,Secundaria,Oriente,,755.94,469.0,8.0,2367.1
5078,47,M,Universitario,Sur,1445.81,3991.13,642.0,3.0,5697.59
5079,18,F,Universitario,Centro,2742.1,5659.63,534.0,13.0,6393.06
5080,60,F,Universitario,Norte,2087.15,3531.32,,5.0,4595.46
5081,56,F,Secundaria,Oriente,2410.14,3831.03,589.0,4.0,4723.88
5082,34,M,Tecnico,Norte,3674.28,5788.51,564.0,12.0,10890.89
5083,37,M,Secundaria,Centro,568.67,768.84,,15.0,3025.7
5084,41,F,Secundaria,Sur,947.59,2443.74,483.0,12.0,1644.73
5085,67,F,Tecnico,Occidente,2011.75,1882.76,626.0,8.0,7262.86
5086,39,M,Universitario,Oriente,4647.61,9241.3,727.0,3.0,18562.28
5087,46,M,Primaria,Centro,830.15,2060.63,439.0,5.0,2121.99
5088,39,M,Secundaria,Oriente,1651.49,2146.73,546.0,16.0,3703.89
5089,61,F,Secundaria,,953.4,1763.09,549.0,1.0,
5090,26,M,Universitario,Sur,2239.46,3626.62,524.0,7.0,6051.47
5091,54,M,Universitario,Centro,2615.86,3985.7,612.0,9.0,7435.67
5092,27,M,Primaria,Sur,1006.75,2045.29,493.0,10.0,1803.74
5093,53,F,Secundaria,,3204.61,6199.53,630.0,7.0,9553.44
5094,54,M,Universitario,Occidente,4200.3,8176.09,676.0,8.0,13974.23
5095,45,M,Secundaria,Oriente,1307.9,924.78,586.0,11.0,3749.64
5096,45,F,Tecnico,Oriente,1611.29,2545.92,602.0,5.0,4428.95
5097,59,F,Primaria,Sur,1776.59,3695.06,526.0,8.0,3811.99
5098,60,M,Secundaria,Occidente,1587.96,3634.99,598.0,5.0,7500.43
5099,38,M,Secundaria,Centro,1497.67,2897.81,555.0,5.0,3064.44
5100,41,F,Universitario,Centro,1759.48,4032.72,602.0,6.0,5508.45
5101,59,F,Secundaria,Centro,,3812.72,646.0,6.0,8866.95
5102,57,F,Secundaria,Oriente,1158.81,2508.35,535.0,7.0,2625.38
5103,19,F,Secundaria,Oriente,,1265.53,568.0,6.0,854.04
5104,72,F,Tecnico,Sur,2172.93,4492.36,666.0,6.0,6414.57
5105,25,F,Universitario,Sur,2472.6,3406.06,673.0,5.0,7298.91
5106,65,M,Universitario,Centro,2549.06,3769.28,622.0,10.0,10324.98
5107,44,M,Primaria,Norte,532.74,344.87,,8.0,500.0
5108,39,M,Universitario,Centro,2657.34,6125.36,,5.0,6967.89
5109,54,M,Primaria,Sur,498.14,,395.0,12.0,
5110,44,F,Secundaria,Oriente,2387.2,4654.97,657.0,3.0,7405.72
5111,74,M,Universitario,Oriente,1990.25,4031.72,624.0,5.0,5245.86
5112,46,F,Primaria,Norte,1300.04,2764.15,509.0,8.0,1510.02
5113,20,M,Primaria,Norte,,782.57,,5.0,1376.93
5114,61,M,Secundaria,Occidente,1788.62,3513.83,526.0,9.0,5173.45
5115,30,F,Universitario,Norte,1363.33,,425.0,9.0,
5116,62,M,Tecnico,Centro,4306.47,6436.96,705.0,7.0,16576.99
5117,27,M,Secundaria,Norte,1069.42,3284.14,,8.0,
5118,53,M,Universitario,Sur,3639.48,6352.72,,6.0,11194.62
5119,26,F,Universitario,Centro,1408.43,2377.22,528.0,5.0,5496.25
5120,71,M,Universitario,Norte,2127.82,,572.0,4.0,5557.12
5121,73,F,Secundaria,Sur,1136.54,2718.66,520.0,4.0,2700.1
5122,72,M,Primaria,Centro,972.15,1292.17,,8.0,2767.85
5123,44,F,Primaria,Norte,1458.39,2912.93,545.0,6.0,4855.63
5124,51,M,Universitario,Oriente,3016.45,5901.58,606.0,6.0,9476.98
5125,68,F,Universitario,Oriente,3033.12,4473.3,643.0,10.0,7872.44
5126,18,F,Postgrado,Centro,2124.62,3289.98,557.0,,6587.32
5127,49,F,Secundaria,Norte,,2709.85,477.0,13.0,4087.54
5128,42,F,Primaria,,820.46,1570.04,501.0,3.0,
5129,46,M,Primaria,Sur,2341.33,5334.51,623.0,4.0,9848.3
5130,24,F,Secundaria,Oriente,954.58,1246.72,487.0,10.0,
5131,66,M,Tecnico,Centro,1525.49,4001.87,,8.0,4695.61
5132,20,F,Postgrado,Centro,3242.58,,585.0,9.0,
5133,37,M,Tecnico,Norte,1126.3,819.14,,5.0,1927.66
5134,37,M,Tecnico,Centro,2371.9,4607.85,606.0,5.0,5446.68
5135,70,M,Tecnico,Norte,3137.93,6888.4,700.0,,11904.36
5136,47,M,Primaria,Occidente,814.95,1390.69,,10.0,3576.18
5137,52,M,Universitario,Sur,1804.48,2739.54,565.0,11.0,5551.39
5138,52,F,Tecnico,Centro,3143.39,5284.6,723.0,6.0,12185.6
5139,66,M,Primaria,Occidente,,2890.07,572.0,7.0,1645.15
5140,56,M,Tecnico,Norte,1676.17,1993.82,,6.0,1381.32
5141,44,F,Tecnico,Norte,1283.32,3802.52,552.0,10.0,1721.03
5142,43,M,Primaria,Occidente,1019.06,2806.24,474.0,10.0,3252.71
5143,31,F,Secundaria,Centro,1374.8,3117.06,489.0,,
5144,34,F,Secundaria,Occidente,1969.97,2708.99,560.0,8.0,5474.65
5145,35,F,Secundaria,,,3927.93,552.0,7.0,1683.11
5146,62,F,Secundaria,Occidente,1035.89,2976.35,512.0,7.0,2318.83
5147,69,M,Tecnico,Oriente,1499.42,3961.9,523.0,3.0,4120.82
5148,46,M,Secundaria,Norte,914.74,2011.78,480.0,4.0,2496.0
5149,37,M,Tecnico,Occidente,1680.27,3158.18,523.0,5.0,5392.87
5150,70,F,Postgrado,Norte,9609.43,,767.0,9.0,40456.88
5151,44,M,Tecnico,Sur,5512.82,10433.85,731.0,3.0,21008.56
5152,35,M,Tecnico,Sur,2058.21,4861.33,526.0,7.0,4389.34
5153,21,M,Universitario,Oriente,1094.28,1011.11,452.0,10.0,500.0
5154,18,F,Tecnico,Oriente,2603.12,,,10.0,8255.43
5155,67,M,Primaria,Oriente,1701.32,3602.38,596.0,8.0,6183.45
5156,18,F,Secundaria,Oriente,4791.4,9592.12,646.0,3.0,14282.8
5157,75,M,Universitario,Oriente,2645.27,4654.8,668.0,7.0,9064.14
5158,43,M,Universitario,Centro,1987.35,3780.24,542.0,11.0,4525.83
5159,62,M,Postgrado,Occidente,2190.16,3983.7,569.0,5.0,5860.15
5160,37,F,Tecnico,Oriente,2582.22,5023.53,605.0,6.0,8380.23
5161,69,F,Universitario,Oriente,,3867.66,595.0,6.0,6262.63
5162,40,M,Primaria,Occidente,1065.87,2575.89,472.0,8.0,4464.35
5163,27,M,Tecnico,Norte,1393.68,2960.92,,4.0,1583.05
5164,28,F,Universitario,,6285.12,10290.5,,5.0,22476.99
5165,58,M,Secundaria,Oriente,1286.21,1515.84,566.0,14.0,4260.72
5166,58,M,Primaria,Norte,1697.7,3046.62,572.0,4.0,3490.21
5167,22,M,Secundaria,Sur,1775.19,5801.53,633.0,8.0,6454.52
5168,75,M,Universitario,Occidente,940.67,,497.0,6.0,
5169,18,M,Primaria,Norte,3097.11,4892.53,656.0,4.0,8800.53
5170,34,M,Tecnico,Occidente,770.13,952.25,518.0,8.0,
5171,39,M,Primaria,Occidente,,1969.85,490.0,6.0,3003.23
5172,51,F,Secundaria,Centro,1215.5,3599.27,510.0,5.0,3532.02
5173,73,M,Postgrado,Oriente,2528.42,4165.82,609.0,5.0,8200.18
5174,62,F,Secundaria,Norte,1407.45,2817.96,561.0,8.0,
5175,58,M,Primaria,Oriente,875.17,1271.0,504.0,8.0,2399.91
5176,46,F,Secundaria,Centro,2785.68,5648.17,652.0,9.0,12175.47
5177,21,M,Tecnico,Occidente,2252.56,3750.77,593.0,9.0,5585.92
5178,22,F,Secundaria,Norte,1090.43,2709.06,484.0,9.0,
5179,28,M,Tecnico,Sur,1201.98,177.12,535.0,6.0,
5180,73,F,Postgrado,Oriente,2717.56,5516.41,635.0,7.0,6933.66
5181,68,M,Secundaria,Norte,,1796.21,456.0,5.0,4168.54
5182,38,M,Secundaria,Oriente,868.23,2081.1,449.0,8.0,3438.07
5183,52,F,Secundaria,Occidente,2331.74,4210.47,570.0,8.0,6556.04
5184,29,F,Secundaria,Sur,1227.04,1274.71,534.0,8.0,1997.35
5185,43,M,Primaria,Oriente,1437.3,2758.02,515.0,5.0,4509.29
5186,68,F,Tecnico,Sur,1949.84,4163.29,681.0,15.0,
5187,36,M,Postgrado,Sur,6265.21,11490.46,,4.0,24423.74
5188,62,M,Secundaria,Norte,2334.35,3049.91,681.0,6.0,8573.08
5189,24,F,Tecnico,Sur,2044.39,3858.46,652.0,6.0,6832.54
5190,64,M,Primaria,,3519.75,6749.79,657.0,7.0,
5191,72,F,Tecnico,Sur,1389.08,2175.3,593.0,4.0,2620.59
5192,24,M,Secundaria,Norte,1330.46,0.0,532.0,5.0,4906.67
5193,43,F,Tecnico,Centro,2421.4,3969.84,664.0,10.0,8024.48
5194,57,F,Tecnico,Oriente,2711.7,3871.34,579.0,1.0,8145.26
5195,22,F,Primaria,Norte,,1319.08,474.0,6.0,1511.44
5196,38,F,Universitario,Centro,2346.6,3222.76,625.0,4.0,5147.77
5197,31,M,Tecnico,Centro,1779.85,2170.98,626.0,10.0,3682.17
5198,21,F,Secundaria,Sur,4106.64,8011.09,632.0,7.0,10452.18
5199,40,M,Universitario,,3222.8,5931.49,642.0,5.0,
5200,59,F,Primaria,Occidente,2018.43,4027.38,605.0,6.0,7323.3
5201,37,F,Universitario,Centro,1996.54,3137.3,605.0,8.0,7192.9
5202,32,M,Secundaria,Centro,1049.72,1505.56,575.0,6.0,6685.51
5203,67,F,Tecnico,Occidente,1561.91,2300.84,575.0,,5032.14
5204,69,M,Secundaria,Occidente,2022.97,3235.82,,3.0,7135.9
5205,62,M,Secundaria,Norte,3030.36,5086.06,688.0,6.0,9551.12
5206,46,M,Primaria,Oriente,638.11,353.19,453.0,11.0,599.48
5207,25,F,Universitario,Centro,5660.15,9619.25,685.0,9.0,18123.52
5208,58,M,Tecnico,Sur,2768.75,5139.64,,8.0,9527.51
5209,65,F,Tecnico,,2954.43,4517.77,680.0,1.0,8224.65
5210,36,M,Universitario,Occidente,3613.31,6765.55,659.0,8.0,12689.61
5211,65,F,Universitario,Oriente,2091.2,,560.0,6.0,5482.14
5212,56,M,Tecnico,Centro,1747.53,3388.41,535.0,8.0,4118.7
5213,63,F,Tecnico,Sur,2547.88,4525.66,631.0,7.0,6183.67
5214,45,M,Primaria,Centro,1079.46,2200.8,530.0,7.0,5579.45
5215,63,M,Universitario,Norte,2778.97,5260.58,674.0,6.0,9302.92
5216,74,M,Universitario,Centro,1893.99,2591.02,,5.0,4339.54
5217,44,F,Primaria,Sur,1706.96,3117.55,513.0,14.0,4065.62
5218,21,M,Tecnico,Norte,1620.57,2013.32,528.0,6.0,2893.91
5219,75,F,Universitario,Sur,2131.99,3508.67,532.0,10.0,5570.89
5220,32,M,Secundaria,Sur,,2577.67,555.0,9.0,1252.22
5221,52,F,Secundaria,Sur,1134.74,1255.88,,11.0,2413.7
5222,54,M,Secundaria,Centro,848.22,1481.58,493.0,8.0,2721.9
5223,18,M,Secundaria,Norte,1729.9,2465.82,,8.0,5514.59
5224,20,M,Primaria,Centro,,1824.24,504.0,8.0,831.2
5225,64,M,Secundaria,Centro,1536.56,3504.18,638.0,7.0,4584.37
5226,41,M,Secundaria,Sur,2588.27,4284.42,590.0,7.0,7247.27
5227,44,F,Universitario,Occidente,2284.51,4284.94,590.0,6.0,5657.47
5228,57,F,Secundaria,Norte,1439.56,2413.36,471.0,8.0,3366.84
5229,53,F,Secundaria,Sur,1498.99,1917.94,559.0,7.0,3145.83
5230,51,M,Secundaria,Norte,1742.7,3420.69,538.0,8.0,7020.51
5231,46,M,Primaria,Norte,980.59,2153.71,526.0,10.0,500.0
5232,41,F,Postgrado,Sur,4835.84,7915.09,672.0,5.0,14302.7
5233,41,M,Universitario,Oriente,2541.39,5265.43,635.0,4.0,9489.12
5234,59,F,Tecnico,Occidente,1458.13,3641.39,619.0,6.0,3646.81
5235,21,M,Secundaria,Oriente,1233.04,1506.35,,11.0,3917.79
5236,20,F,Tecnico,Norte,2881.9,6290.21,686.0,8.0,10229.28
5237,51,M,Secundaria,Sur,1136.44,2048.8,,11.0,1899.55
5238,74,F,Primaria,Oriente,,2720.67,580.0,9.0,5060.12
5239,66,M,Secundaria,Sur,1949.32,4839.31,,6.0,8264.53
5240,40,F,Postgrado,Occidente,2027.66,4319.95,,6.0,10608.43
5241,70,M,Secundaria,Norte,826.05,988.18,511.0,5.0,1139.28
5242,73,F,Tecnico,Oriente,1652.86,2568.81,585.0,8.0,5178.61
5243,69,F,Primaria,Centro,1817.32,3531.8,599.0,8.0,4412.84
5244,40,M,Primaria,Sur,617.07,1362.95,416.0,8.0,2658.79
5245,62,M,Tecnico,Sur,1264.33,,518.0,11.0,1480.76
5246,22,M,Secundaria,,1951.36,2949.62,618.0,10.0,4962.19
5247,48,M,Universitario,Occidente,1502.36,2266.75,513.0,8.0,2251.46
5248,70,M,Secundaria,Norte,2509.84,4498.59,606.0,5.0,7182.78
5249,58,M,Secundaria,Norte,5104.57,7919.77,654.0,5.0,14604.56
5250,74,M,Tecnico,Occidente,1326.74,2786.21,540.0,7.0,3790.86
5251,74,F,Universitario,Norte,4953.11,9121.79,795.0,8.0,19240.13
5252,71,F,Primaria,Centro,1471.36,1899.73,575.0,7.0,3649.52
5253,23,M,Secundaria,Oriente,1011.66,2208.9,443.0,1.0,4145.12
5254,54,F,Universitario,Oriente,5034.05,7690.11,766.0,4.0,20303.15
5255,74,F,Primaria,Occidente,1533.04,3054.57,521.0,6.0,2725.39
5256,27,M,Universitario,Oriente,3981.56,7885.14,711.0,5.0,14865.52
5257,57,M,Secundaria,Oriente,4440.91,8309.09,693.0,8.0,16846.3
5258,24,M,Primaria,Occidente,1103.48,2468.37,523.0,10.0,1636.76
5259,56,F,Tecnico,Sur,,4805.31,662.0,5.0,7992.49
5260,55,F,Primaria,Centro,745.58,1658.46,,9.0,500.0
5261,38,M,Tecnico,Oriente,1449.5,2566.57,531.0,10.0,6715.36
5262,37,F,Secundaria,Norte,1432.72,2323.46,576.0,9.0,4621.4
5263,20,M,Primaria,Norte,1263.47,3190.96,512.0,16.0,3775.81
5264,68,M,Universitario,Oriente,968.7,2229.28,477.0,12.0,2147.12
5265,39,F,Tecnico,Occidente,3594.6,7418.55,660.0,8.0,12924.02
5266,64,F,Tecnico,Centro,2500.0,5292.98,605.0,5.0,5449.82
5267,21,M,Secundaria,Norte,1815.49,2330.79,554.0,,7006.69
5268,45,F,Primaria,Centro,3036.81,4933.44,702.0,6.0,11609.61
5269,29,F,Tecnico,Centro,3640.0,5078.55,649.0,3.0,12919.03
5270,55,F,Universitario,Centro,2301.03,2896.06,,7.0,7633.57
5271,68,F,Primaria,Sur,976.94,314.2,544.0,4.0,647.29
5272,53,M,Secundaria,Norte,2029.82,1846.46,614.0,,9066.74
5273,64,M,Secundaria,Centro,3148.19,5476.38,634.0,7.0,8105.12
5274,58,M,Secundaria,Occidente,1448.22,3546.65,560.0,4.0,6589.63
5275,22,F,Universitario,Oriente,3442.17,6479.98,659.0,7.0,12983.61
5276,30,F,Primaria,Norte,2526.68,5104.49,595.0,5.0,9390.53
5277,40,M,Secundaria,Sur,2332.4,4241.53,614.0,,6302.62
5278,75,M,Primaria,Norte,623.96,1238.34,433.0,10.0,500.0
5279,67,M,Secundaria,Occidente,920.01,2277.58,568.0,11.0,2705.01
5280,47,M,Secundaria,Centro,,6529.35,627.0,6.0,14105.1
5281,54,F,Universitario,Occidente,2583.01,4749.93,656.0,5.0,10860.74
5282,42,F,Universitario,Oriente,2786.23,4689.63,635.0,2.0,8984.18
5283,65,M,Primaria,Sur,1620.94,1943.21,598.0,7.0,5041.04
5284,44,F,Universitario,Centro,4592.71,8164.15,730.0,4.0,18635.4
5285,68,F,Tecnico,Occidente,1331.35,1455.9,587.0,6.0,4596.0
5286,31,F,Secundaria,Norte,,2899.43,504.0,,1605.85
5287,74,M,Primaria,Norte,,1852.73,,9.0,3495.22
5288,65,M,Primaria,Centro,,2084.38,,5.0,1341.71
5289,64,M,Secundaria,Sur,1883.52,2763.43,,7.0,6027.52
5290,71,F,Universitario,Centro,1719.7,1997.19,518.0,12.0,5255.05
5291,53,F,Secundaria,Occidente,2364.96,3035.82,628.0,1.0,7814.79
5292,56,M,Universitario,Norte,1878.34,4640.91,580.0,11.0,5673.05
5293,33,M,Universitario,Oriente,,,559.0,,1553.37
5294,73,M,Secundaria,Norte,2559.73,3407.84,,10.0,9131.52
5295,39,M,Universitario,Centro,3020.79,5813.69,696.0,11.0,7405.86
5296,38,F,Primaria,Centro,1105.82,1723.25,498.0,9.0,2884.92
5297,71,M,Primaria,Occidente,,1418.55,480.0,9.0,3473.61
5298,38,M,Tecnico,Norte,2341.75,5404.7,635.0,3.0,10476.14
5299,25,F,Secundaria,Oriente,3119.82,5502.57,598.0,6.0,7955.18
5300,66,F,Secundaria,Centro,1883.57,3844.1,594.0,3.0,5890.74
5301,33,F,Tecnico,Oriente,2185.79,4280.88,643.0,5.0,8178.6
5302,72,M,Universitario,Centro,2070.89,5900.77,578.0,7.0,6676.5
5303,48,F,Secundaria,Norte,1365.61,2297.02,564.0,3.0,1461.29
5304,59,M,Secundaria,Sur,349.08,0.0,,12.0,659.35
5305,27,F,Tecnico,Centro,1143.39,1514.63,487.0,12.0,1084.18
5306,49,M,Tecnico,Centro,1130.76,2827.22,572.0,6.0,7022.42
5307,51,M,Secundaria,Norte,934.61,1882.75,516.0,11.0,
5308,26,F,Universitario,Oriente,1958.6,3149.17,635.0,8.0,5286.07
5309,34,F,Tecnico,,,3093.05,524.0,10.0,3078.2
5310,28,F,Tecnico,Norte,1084.55,3014.94,509.0,8.0,
5311,49,M,Universitario,Oriente,4289.66,9048.83,733.0,7.0,15918.0
5312,27,M,Universitario,Norte,3051.6,5788.11,,9.0,10225.38
5313,39,F,Primaria,Sur,,3265.88,601.0,7.0,7882.81
5314,74,F,Primaria,Sur,1706.94,1934.62,,15.0,
5315,34,F,Universitario,Occidente,1090.45,2460.52,508.0,,4520.89
5316,21,F,Postgrado,Norte,1441.83,2450.87,575.0,9.0,3628.55
5317,65,M,Tecnico,Sur,3257.72,4944.93,680.0,4.0,9290.6
5318,69,F,Secundaria,Centro,4617.49,7565.82,718.0,8.0,17079.71
5319,64,M,Tecnico,Centro,1926.05,2813.87,607.0,4.0,6465.32
5320,42,M,Secundaria,Sur,4132.36,7672.85,608.0,4.0,15285.93
5321,38,M,Postgrado,,3277.93,5014.53,648.0,5.0,13286.5
5322,54,M,Secundaria,Centro,1117.01,2577.45,526.0,8.0,
5323,55,F,Universitario,Sur,3828.94,7663.22,695.0,9.0,13767.56
5324,66,M,Secundaria,Centro,597.24,,410.0,10.0,500.0
5325,18,F,Universitario,Norte,1756.52,2996.53,576.0,7.0,2525.14
5326,42,M,Secundaria,Centro,1034.31,1986.83,520.0,9.0,1274.35
5327,68,M,Universitario,Centro,1471.47,2253.82,566.0,,6121.78
5328,53,M,Postgrado,Centro,2696.01,6021.7,634.0,5.0,12253.66
5329,34,F,Tecnico,Norte,2020.35,1964.23,554.0,7.0,6399.55
5330,58,M,Tecnico,Centro,3352.48,5724.87,,9.0,11569.8
5331,41,F,Primaria,,1915.01,2195.09,596.0,4.0,4596.03
5332,19,M,Secundaria,Norte,699.46,1719.93,364.0,14.0,1223.07
5333,57,M,Universitario,Oriente,6929.28,12643.61,787.0,5.0,24739.25
5334,32,F,Secundaria,Occidente,2578.18,5243.55,605.0,7.0,7612.01
5335,49,F,Universitario,Norte,2479.57,4591.08,637.0,3.0,10326.48
5336,56,M,Tecnico,Norte,3391.11,6417.55,711.0,9.0,11800.47
5337,23,F,Secundaria,Sur,954.44,1019.32,437.0,7.0,1280.0
5338,18,F,Secundaria,Norte,2091.17,3882.55,606.0,10.0,7808.88
5339,64,F,Secundaria,Oriente,655.77,554.66,444.0,6.0,1803.05
5340,40,F,Primaria,Centro,1041.65,2364.73,433.0,6.0,1203.39
5341,75,F,Universitario,Centro,4726.12,7748.79,770.0,11.0,16990.8
5342,56,M,Universitario,Norte,,3202.12,,9.0,5605.95
5343,74,F,Secundaria,Centro,1324.33,2316.45,593.0,8.0,4873.08
5344,34,M,Secundaria,Norte,1125.71,3251.9,464.0,8.0,3716.59
5345,51,F,Tecnico,Centro,1677.52,3044.77,509.0,6.0,3112.68
5346,58,M,Secundaria,Norte,982.08,3384.89,451.0,,
5347,46,M,Secundaria,Sur,3082.96,6655.25,606.0,7.0,6763.36
5348,26,F,Secundaria,Centro,847.45,1282.48,434.0,6.0,500.0
5349,30,M,Universitario,Oriente,,5205.81,658.0,2.0,10347.8
5350,23,M,Primaria,Centro,1691.0,,646.0,7.0,6706.39
5351,23,F,Secundaria,Norte,1037.52,0.0,552.0,3.0,2692.69
5352,37,F,Postgrado,Norte,,1684.15,567.0,6.0,2190.56
5353,69,F,Primaria,Oriente,975.1,2114.33,491.0,4.0,3155.23
5354,70,M,Universitario,Sur,2120.81,4227.06,595.0,10.0,7324.93
5355,20,F,Secundaria,Norte,2171.19,,506.0,7.0,5978.86
5356,34,M,Secundaria,Centro,1382.24,1596.87,544.0,10.0,5778.79
5357,66,M,Primaria,Occidente,1259.08,4195.86,555.0,4.0,3189.5
5358,29,F,Primaria,Oriente,621.67,1572.62,401.0,6.0,2300.24
5359,65,F,Primaria,Centro,,2886.38,,3.0,1351.2
5360,64,M,Primaria,Sur,2391.44,,620.0,8.0,7903.82
5361,62,F,Secundaria,Centro,2555.23,4717.38,665.0,8.0,12001.3
5362,72,M,Primaria,Norte,1014.24,1893.5,,5.0,500.0
5363,18,M,Tecnico,Oriente,2493.15,5210.37,570.0,10.0,7728.58
5364,34,M,Universitario,Oriente,2219.32,3576.19,576.0,8.0,3715.62
5365,20,F,Universitario,Centro,2882.56,,650.0,5.0,10464.54
5366,43,F,Tecnico,Oriente,1580.74,2986.1,528.0,4.0,3552.46
5367,32,F,Postgrado,Sur,2095.31,4244.95,654.0,8.0,
5368,53,F,Primaria,Norte,776.11,1539.61,451.0,9.0,2859.36
5369,49,F,Primaria,Centro,,2068.17,534.0,5.0,5488.75
5370,49,M,Secundaria,Centro,462.51,698.0,,13.0,500.0
5371,21,M,Universitario,Norte,3716.7,7666.97,704.0,4.0,14627.64
5372,35,M,Universitario,Sur,,4341.61,620.0,3.0,4464.98
5373,66,F,Tecnico,,1412.85,3427.13,475.0,11.0,4511.59
5374,36,F,Secundaria,Norte,2324.89,4936.98,628.0,3.0,9077.82
5375,60,M,Tecnico,Occidente,537.03,511.02,472.0,6.0,
5376,69,M,Secundaria,Occidente,1946.42,2256.15,638.0,9.0,6866.43
5377,52,M,Secundaria,Sur,3202.69,6442.64,715.0,9.0,10846.63
5378,57,F,Secundaria,Sur,,1364.53,569.0,7.0,4906.96
5379,31,M,Primaria,Oriente,957.47,2275.82,492.0,7.0,500.0
5380,75,M,Primaria,Sur,1567.83,3942.41,,4.0,3998.0
5381,50,F,Universitario,Norte,,1882.41,490.0,10.0,1115.71
5382,31,F,Tecnico,Centro,1968.49,2933.45,536.0,4.0,6057.87
5383,51,M,Secundaria,Sur,5119.6,8398.25,692.0,,19561.36
5384,72,M,Secundaria,Centro,1842.02,,,3.0,4219.98
5385,21,F,Postgrado,Norte,3613.34,5374.31,619.0,8.0,12104.85
5386,41,M,Secundaria,Oriente,871.48,,488.0,15.0,
5387,46,F,Primaria,Norte,2201.73,,602.0,3.0,8121.12
5388,36,F,Secundaria,Centro,435.08,1098.81,409.0,6.0,
5389,23,M,Tecnico,Centro,1705.39,,523.0,4.0,4638.04
5390,74,M,Primaria,,1927.67,4421.9,611.0,10.0,6348.36
5391,50,M,Secundaria,Oriente,495.03,993.08,395.0,10.0,2251.55
5392,66,M,Secundaria,Sur,635.07,782.89,510.0,,
5393,57,F,Secundaria,Oriente,794.88,1950.44,385.0,12.0,2392.59
5394,36,F,Secundaria,Centro,2751.22,5461.45,608.0,5.0,8400.75
5395,70,M,Tecnico,Sur,1427.32,1652.65,571.0,7.0,4461.47
5396,18,M,Postgrado,Sur,4709.37,8437.28,,13.0,15782.48
5397,22,M,Universitario,Centro,,5301.01,699.0,7.0,12571.26
5398,44,M,Tecnico,Centro,856.54,1206.51,519.0,,
5399,33,F,Secundaria,Sur,,2645.84,589.0,8.0,2015.85
5400,23,M,Universitario,Occidente,2086.2,3058.66,641.0,6.0,5217.89
5401,57,F,Universitario,Occidente,3112.05,6045.78,682.0,4.0,6448.45
5402,30,M,Universitario,Norte,2597.81,3936.05,627.0,5.0,8253.47
5403,65,F,Primaria,Norte,1218.74,3159.59,481.0,7.0,3008.72
5404,52,F,Primaria,Sur,2068.19,3201.14,651.0,4.0,6540.67
5405,36,M,Postgrado,Norte,5475.94,11692.68,686.0,5.0,20779.7
5406,29,M,Postgrado,Norte,1676.88,3669.37,552.0,5.0,4374.23
5407,33,M,Tecnico,Norte,1445.89,2448.96,526.0,9.0,3356.56
5408,60,M,Postgrado,Centro,3468.68,5482.87,646.0,3.0,12348.96
5409,27,F,Universitario,Centro,2421.02,4774.4,657.0,8.0,9017.55
5410,42,F,Secundaria,Sur,1923.17,4273.13,620.0,9.0,5290.58
5411,37,F,Secundaria,Occidente,1757.94,3662.05,591.0,,7667.51
5412,48,F,Tecnico,Centro,2382.69,3826.0,615.0,10.0,6717.18
5413,21,M,Secundaria,Centro,1983.28,4711.37,514.0,9.0,4905.34
5414,61,F,Postgrado,Sur,3016.41,5662.47,647.0,6.0,11697.77
5415,40,F,Secundaria,Norte,1284.6,1791.88,582.0,8.0,3098.67
5416,19,M,Universitario,Occidente,4294.93,9503.57,661.0,6.0,13744.43
5417,73,M,Universitario,Centro,2038.34,,579.0,7.0,4776.48
5418,39,F,Primaria,Occidente,1665.24,3323.74,598.0,9.0,6577.59
5419,68,M,Primaria,Centro,898.51,1230.54,490.0,5.0,2846.54
5420,74,M,Tecnico,Oriente,2226.12,3978.68,663.0,9.0,6739.63
5421,54,F,Secundaria,Sur,1845.45,2670.98,547.0,7.0,6436.48
5422,25,F,Tecnico,Occidente,2331.23,4344.32,613.0,5.0,6664.66
5423,24,M,Primaria,Sur,2369.04,4702.79,620.0,5.0,8188.05
5424,31,M,Secundaria,Sur,936.64,140.25,482.0,12.0,3688.02
5425,73,F,Primaria,Sur,1362.75,1421.52,,2.0,5876.18
5426,72,F,Secundaria,Oriente,2141.87,3126.87,610.0,8.0,6952.25
5427,20,M,Primaria,Occidente,1549.46,1585.18,575.0,7.0,
5428,67,F,Postgrado,Centro,3014.63,4765.14,649.0,10.0,11735.93
5429,33,F,Secundaria,Norte,1753.03,4334.54,568.0,7.0,6676.21
5430,72,F,Universitario,Norte,2522.17,,644.0,8.0,5659.96
5431,36,M,Postgrado,Centro,4552.57,7698.29,655.0,3.0,15105.75
5432,68,M,Universitario,,,4828.64,601.0,6.0,9203.03
5433,35,F,Secundaria,Norte,1438.3,1668.59,537.0,9.0,6221.33
5434,69,M,Universitario,Sur,2857.63,6708.71,,7.0,9631.29
5435,33,F,Primaria,Sur,942.21,1538.56,486.0,10.0,500.0
5436,25,M,Primaria,Oriente,824.69,,398.0,9.0,
5437,50,M,Universitario,Sur,1343.06,4203.57,578.0,10.0,1140.04
5438,66,M,Primaria,Norte,1183.58,1890.74,523.0,8.0,1863.13
5439,29,M,Postgrado,Occidente,2311.53,5787.91,553.0,9.0,5167.98
5440,70,F,Tecnico,Norte,,3728.15,557.0,5.0,3283.24
5441,28,M,Secundaria,Oriente,2548.17,4823.24,681.0,6.0,10013.01
5442,22,F,Primaria,Norte,1023.94,374.32,,12.0,526.7
5443,44,F,Universitario,Norte,4246.44,7730.7,766.0,7.0,16987.2
5444,29,M,Tecnico,Occidente,2087.47,2509.41,575.0,8.0,8562.63
5445,34,F,Tecnico,Oriente,1561.82,2545.91,616.0,8.0,4099.43
5446,23,M,Secundaria,Centro,912.96,1772.93,531.0,7.0,2831.58
5447,50,F,Primaria,Sur,1159.07,3149.52,524.0,8.0,
5448,22,F,Secundaria,Centro,1203.3,1683.36,464.0,13.0,500.0
5449,74,M,Secundaria,Norte,2718.97,6617.04,606.0,9.0,9758.13
5450,45,M,Primaria,Oriente,,4044.49,631.0,5.0,7273.64
5451,31,F,Primaria,Oriente,1868.48,2711.45,591.0,13.0,4916.09
5452,22,F,Secundaria,,1033.13,2002.35,459.0,7.0,606.85
5453,71,M,Universitario,Sur,2602.45,2823.5,568.0,10.0,7512.95
5454,73,F,Tecnico,Sur,1725.91,2162.57,577.0,7.0,5897.03
5455,50,M,Secundaria,Centro,,2478.24,,6.0,1441.81
5456,67,F,Tecnico,Centro,1814.24,4011.61,554.0,4.0,7050.11
5457,65,M,Tecnico,Centro,1774.1,2413.32,553.0,8.0,4106.56
5458,58,F,Tecnico,Occidente,4246.31,7220.49,694.0,3.0,16309.75
5459,36,M,Tecnico,Norte,2063.85,,618.0,4.0,5834.35
5460,39,F,Secundaria,Centro,2163.81,2509.79,658.0,8.0,5153.01
5461,22,F,Primaria,Sur,,3182.53,521.0,8.0,5882.98
5462,19,F,Secundaria,Norte,2012.9,3434.99,562.0,10.0,
5463,47,F,Secundaria,Occidente,2801.49,,660.0,4.0,9676.05
5464,64,M,Tecnico,Norte,1590.0,3290.03,566.0,10.0,3701.47
5465,56,F,Universitario,Oriente,3800.68,6856.26,636.0,4.0,10863.84
5466,21,F,Secundaria,Centro,3478.88,6876.44,695.0,6.0,13972.05
5467,50,F,Tecnico,Norte,1322.75,2557.46,537.0,6.0,3703.44
5468,30,F,Universitario,Oriente,2012.38,2876.35,655.0,4.0,7526.58
5469,37,M,Secundaria,Sur,1233.13,2794.86,527.0,4.0,2465.26
5470,71,M,Universitario,Norte,6697.76,12742.92,722.0,8.0,25164.43
5471,24,F,Primaria,Centro,717.69,1035.85,,,3716.75
5472,32,M,Universitario,Centro,2474.09,4613.21,558.0,15.0,5071.18
5473,40,F,Primaria,Centro,,4248.92,606.0,4.0,4377.73
5474,31,F,Secundaria,Centro,1146.88,2230.66,507.0,9.0,3411.59
5475,40,F,Tecnico,Sur,1148.39,1903.14,441.0,7.0,2711.27
5476,36,M,Universitario,Centro,1641.03,2149.58,597.0,2.0,2175.16
5477,71,M,Secundaria,Centro,,1832.59,508.0,7.0,3108.93
5478,46,F,Universitario,Sur,1902.93,3501.91,606.0,7.0,5095.26
5479,73,M,Tecnico,Norte,3659.4,6085.06,659.0,3.0,11615.4
5480,37,M,Primaria,Sur,,,508.0,10.0,500.0
5481,46,F,Secundaria,Sur,1188.72,1802.74,464.0,,3421.77
5482,41,F,Secundaria,Centro,1789.05,5515.36,,8.0,7935.39
5483,35,M,Secundaria,Norte,1686.92,3222.06,532.0,7.0,3371.13
5484,27,F,Universitario,Norte,555.38,0.0,354.0,9.0,500.0
5485,58,M,Universitario,Sur,,3167.28,594.0,11.0,5111.54
5486,74,F,Tecnico,Sur,1525.42,2449.59,555.0,8.0,5627.4
5487,25,M,Postgrado,Sur,2024.65,4218.22,561.0,10.0,5568.66
5488,43,F,Primaria,Occidente,1855.33,3343.76,,6.0,6923.87
5489,46,M,Primaria,Sur,617.39,1443.1,,12.0,1957.47
5490,27,F,Universitario,Oriente,3739.95,8902.21,668.0,2.0,14401.09
5491,34,M,Universitario,Norte,912.36,1472.43,506.0,10.0,845.41
5492,19,F,Primaria,Centro,1188.88,2728.95,512.0,10.0,591.12
5493,23,M,Secundaria,Centro,2920.67,6142.93,674.0,3.0,8351.08
5494,75,M,Universitario,Sur,1957.31,3772.82,540.0,4.0,1894.13
5495,22,F,Primaria,Centro,,808.85,452.0,8.0,2607.67
5496,45,M,Secundaria,Sur,2397.67,4938.07,636.0,8.0,6666.75
5497,58,M,Tecnico,Sur,2913.2,3651.4,,3.0,9812.79
5498,22,M,Postgrado,Norte,3634.3,7908.0,681.0,6.0,12545.98
5499,35,M,Universitario,Sur,2182.32,2884.74,644.0,,8216.24
5500,43,M,Universitario,Norte,2207.06,5542.69,640.0,6.0,6140.6
5501,37,M,Secundaria,Centro,,1498.19,479.0,8.0,864.82
5502,58,M,Tecnico,Oriente,1171.59,2808.2,,10.0,4270.19
5503,66,F,Primaria,Oriente,1278.22,2709.75,531.0,5.0,3928.32
5504,44,F,Postgrado,Centro,3749.45,7526.65,656.0,8.0,14862.73
5505,66,M,Secundaria,Centro,4999.06,7421.43,733.0,9.0,17920.43
5506,29,F,Tecnico,Centro,2493.85,3974.52,639.0,6.0,7861.91
5507,24,F,Universitario,Norte,1979.8,3889.32,521.0,10.0,1939.77
5508,20,M,Primaria,Occidente,1445.31,,,11.0,1348.77
5509,27,M,Postgrado,Centro,1448.95,2286.91,445.0,9.0,2773.86
5510,51,F,Secundaria,Occidente,1586.85,3009.87,627.0,5.0,4915.48
5511,42,M,Secundaria,Occidente,2042.68,3500.35,614.0,5.0,6556.76
5512,52,M,Primaria,Centro,1672.8,4777.81,550.0,8.0,5177.21
5513,33,M,Universitario,Centro,2289.72,5195.74,614.0,7.0,5671.21
5514,19,F,Universitario,,2962.84,6520.64,,9.0,8560.33
5515,41,M,Primaria,Centro,,3357.31,533.0,7.0,2119.68
5516,27,F,Primaria,Sur,1392.42,2899.16,,12.0,4571.05
5517,55,F,Universitario,Norte,,2155.23,530.0,10.0,4083.92
5518,39,F,Primaria,Centro,718.26,1069.44,,7.0,1045.17
5519,43,F,Tecnico,Norte,3187.0,6018.5,653.0,9.0,7549.53
5520,60,M,Tecnico,Centro,1715.96,3210.37,597.0,8.0,3139.99
5521,72,F,Universitario,Sur,3103.8,4526.14,604.0,7.0,12106.35
5522,56,M,Tecnico,Occidente,1300.26,2626.04,523.0,10.0,5486.4
5523,44,M,Secundaria,Centro,907.76,737.96,482.0,8.0,3176.79
5524,46,M,Postgrado,Centro,2604.68,6242.36,651.0,7.0,7866.84
5525,64,M,Secundaria,Centro,1896.13,4036.69,600.0,7.0,4788.07
5526,55,M,Secundaria,Norte,608.47,942.97,407.0,6.0,600.5
5527,37,M,Primaria,,1305.22,2400.49,574.0,6.0,5086.52
5528,44,M,Postgrado,Oriente,4504.17,9488.06,672.0,9.0,16450.21
5529,58,F,Tecnico,Norte,1249.28,1052.77,492.0,7.0,4687.22
5530,71,M,Primaria,Oriente,,2163.57,555.0,5.0,5264.86
5531,37,F,Tecnico,Oriente,1919.78,3882.53,549.0,8.0,5400.2
5532,61,M,Secundaria,Norte,1054.28,252.31,551.0,3.0,
5533,36,M,Postgrado,Sur,3053.89,5384.9,700.0,2.0,11692.4
5534,37,M,Secundaria,Centro,1476.82,2302.89,528.0,7.0,1376.93
5535,52,M,Tecnico,Sur,1241.22,,,10.0,3689.61
5536,64,F,Tecnico,Centro,1606.91,2784.6,590.0,9.0,5720.76
5537,19,M,Primaria,Norte,,1216.65,508.0,7.0,3363.11
5538,47,F,Universitario,,2759.66,4259.1,607.0,8.0,6385.74
5539,70,F,Primaria,Sur,2965.62,3183.95,638.0,4.0,8665.94
5540,51,M,Tecnico,Oriente,,3483.07,518.0,4.0,2052.85
5541,39,F,Universitario,Norte,4389.83,7988.44,626.0,2.0,16258.51
5542,20,M,Tecnico,Oriente,,1931.54,544.0,11.0,996.17
5543,23,F,Primaria,Centro,1154.52,2830.57,472.0,4.0,
5544,32,F,Postgrado,Oriente,4895.5,9250.68,680.0,6.0,17215.39
5545,44,M,Secundaria,Sur,1837.23,3319.86,582.0,,6174.31
5546,27,M,Tecnico,Centro,605.83,289.01,474.0,10.0,2569.26
5547,26,M,Universitario,Norte,3790.92,6390.28,743.0,9.0,14466.3
5548,50,M,Universitario,Oriente,2821.59,5178.51,627.0,9.0,5303.18
5549,49,M,Tecnico,Sur,1421.76,3094.44,583.0,6.0,6383.45
5550,65,M,Secundaria,Occidente,1479.4,1597.18,534.0,8.0,3512.03
5551,23,M,Universitario,Centro,2801.72,4974.39,651.0,3.0,10542.27
5552,58,M,Primaria,Sur,,3937.0,542.0,7.0,3135.1
5553,53,F,Primaria,Sur,1571.1,1836.26,493.0,7.0,3740.82
5554,19,M,Universitario,Sur,1661.86,3586.7,595.0,4.0,
5555,46,F,Tecnico,Oriente,1805.46,2209.81,548.0,10.0,6078.21
5556,21,F,Primaria,Norte,787.63,992.06,470.0,10.0,1234.46
5557,18,F,Tecnico,Sur,2422.5,2776.48,543.0,8.0,6719.73
5558,36,F,Primaria,Sur,1063.17,2154.98,449.0,8.0,3411.55
5559,43,M,Primaria,Centro,1464.31,2019.86,,11.0,1992.17
5560,42,M,Primaria,Centro,952.88,117.68,504.0,8.0,
5561,27,F,Universitario,Sur,2422.2,4470.62,572.0,10.0,8164.2
5562,70,F,Universitario,Centro,2324.76,5032.57,675.0,6.0,8877.11
5563,32,F,Tecnico,Centro,1022.6,2168.09,435.0,5.0,1078.35
5564,39,M,Secundaria,Oriente,2437.81,4676.06,623.0,5.0,9741.66
5565,68,M,Universitario,Norte,3410.94,6767.22,586.0,5.0,11624.67
5566,65,F,Secundaria,Centro,886.38,1020.2,574.0,3.0,
5567,38,M,Secundaria,Sur,1029.91,1941.47,450.0,7.0,3393.77
5568,73,M,Universitario,Norte,1950.16,5269.34,620.0,9.0,8838.52
5569,39,M,Secundaria,Sur,2699.0,4975.76,607.0,10.0,8313.21
5570,53,F,Tecnico,Centro,2718.67,4225.09,663.0,7.0,8091.31
5571,51,M,Postgrado,Oriente,3704.91,6948.22,630.0,8.0,10023.4
5572,47,M,Secundaria,Centro,,1034.7,467.0,10.0,529.53
5573,42,F,Tecnico,,2212.01,3951.63,579.0,6.0,4741.44
5574,62,M,Tecnico,Sur,2020.26,4231.94,704.0,9.0,8724.17
5575,45,F,Secundaria,Norte,1292.82,1896.14,492.0,6.0,2142.67
5576,18,M,Universitario,Oriente,4147.26,5180.33,632.0,8.0,16162.14
5577,66,M,Universitario,Sur,2298.91,3999.47,678.0,8.0,7511.68
5578,62,F,Secundaria,Oriente,2654.52,5172.22,662.0,7.0,6483.49
5579,21,F,Primaria,Centro,,3154.43,454.0,7.0,1292.25
5580,24,M,Postgrado,Oriente,2167.26,4757.62,599.0,6.0,5874.78
5581,66,M,Tecnico,Centro,1076.86,1671.9,518.0,7.0,2715.84
5582,26,F,Secundaria,Norte,1402.35,2908.06,546.0,12.0,4392.09
5583,53,M,Secundaria,Centro,1564.57,2619.57,589.0,8.0,5124.18
5584,36,F,Tecnico,Oriente,1158.26,2792.98,,8.0,
5585,18,F,Primaria,Occidente,760.0,1241.13,466.0,10.0,1428.69
5586,27,M,Primaria,Norte,,4163.48,570.0,,3659.9
5587,53,F,Universitario,Occidente,3426.64,7502.63,562.0,8.0,8424.93
5588,26,M,Tecnico,Oriente,3975.84,9194.26,652.0,10.0,14501.54
5589,62,F,Secundaria,Centro,753.64,163.77,447.0,8.0,
5590,63,M,Primaria,Sur,2697.32,3419.77,670.0,4.0,10208.43
5591,59,F,Secundaria,Norte,1088.56,1210.07,562.0,,2121.13
5592,49,F,Secundaria,Oriente,841.96,1470.08,502.0,8.0,
5593,49,F,Secundaria,Sur,1703.15,2643.5,485.0,9.0,4486.56
5594,23,F,Secundaria,Centro,625.66,2125.16,520.0,5.0,1206.41
5595,65,M,Primaria,Occidente,,3045.31,,7.0,7621.67
5596,55,M,Secundaria,Norte,1663.44,2103.44,565.0,7.0,6977.48
5597,34,F,Postgrado,Oriente,2368.14,5332.41,616.0,9.0,8578.91
5598,27,F,Secundaria,Norte,,4550.97,623.0,5.0,6749.84
5599,67,F,Secundaria,Oriente,1481.87,2905.27,560.0,8.0,
5600,44,F,Secundaria,Sur,,1865.35,587.0,9.0,4026.47
5601,71,M,Secundaria,Sur,2104.5,4645.82,663.0,6.0,
5602,67,M,Universitario,Centro,1897.37,,513.0,9.0,1851.56
5603,52,M,Secundaria,Occidente,952.01,1821.94,479.0,5.0,2123.68
5604,69,F,Universitario,Centro,2385.32,4566.18,637.0,7.0,4559.22
5605,38,M,Primaria,Centro,648.47,2276.24,,9.0,1509.01
5606,42,F,Universitario,Centro,1978.76,3917.01,673.0,7.0,7032.8
5607,45,M,Secundaria,Oriente,962.17,1183.88,386.0,13.0,2798.42
5608,64,M,Primaria,Centro,1088.86,1954.78,,6.0,1476.37
5609,32,M,Primaria,Sur,786.22,1958.43,491.0,8.0,
5610,21,M,Secundaria,Oriente,1234.14,3580.45,607.0,4.0,
5611,46,F,Secundaria,Oriente,2402.2,3999.2,628.0,5.0,7283.13
5612,26,M,Secundaria,Norte,1040.78,,521.0,9.0,2667.63
5613,44,M,Tecnico,Sur,2149.69,,577.0,8.0,4942.3
5614,43,M,Primaria,Norte,,252.94,506.0,8.0,3913.57
5615,36,F,Secundaria,Occidente,1278.67,1796.4,595.0,4.0,6591.04
5616,73,F,Secundaria,Oriente,1098.85,1998.46,551.0,4.0,1907.34
5617,45,M,Tecnico,Oriente,1859.64,3696.95,481.0,4.0,5097.96
5618,34,F,Primaria,Oriente,921.71,2474.1,489.0,7.0,1209.74
5619,60,M,Primaria,Centro,1834.7,3433.82,557.0,,4243.34
5620,74,M,Secundaria,Centro,1360.72,2519.31,547.0,9.0,1915.23
5621,58,F,Universitario,Centro,4110.1,7856.33,669.0,4.0,11848.13
5622,59,M,Tecnico,,726.14,80.85,480.0,8.0,3606.11
5623,67,F,Primaria,Occidente,1283.04,2372.93,511.0,7.0,
5624,37,M,Primaria,Centro,,3564.04,515.0,4.0,2089.85
5625,62,F,Secundaria,Occidente,1024.47,,489.0,10.0,2981.93
5626,57,M,Secundaria,Occidente,1546.2,2762.81,,7.0,2952.09
5627,56,F,Tecnico,Oriente,2299.47,4727.55,553.0,5.0,3463.48
5628,66,F,Secundaria,Sur,2563.83,3627.95,559.0,2.0,6647.79
5629,70,M,Secundaria,Norte,1393.0,2854.13,581.0,8.0,6499.93
5630,40,M,Tecnico,Centro,1472.27,2622.68,530.0,6.0,3659.14
5631,64,M,Secundaria,Sur,1194.83,2233.3,556.0,9.0,3356.91
5632,49,F,Primaria,Norte,1244.97,1945.65,,6.0,1657.54
5633,69,M,Secundaria,Norte,1037.63,2990.73,483.0,6.0,1340.21
5634,64,M,Secundaria,Sur,2195.36,3556.21,586.0,8.0,4472.16
5635,50,F,Universitario,Occidente,1175.29,1263.74,495.0,11.0,3041.48
5636,74,M,Universitario,Occidente,2480.03,3279.64,572.0,2.0,7809.17
5637,63,F,Secundaria,Norte,840.23,0.0,415.0,9.0,1691.14
5638,22,M,Primaria,Occidente,,2206.61,500.0,2.0,1522.16
5639,60,M,Secundaria,Sur,2236.29,3398.33,557.0,5.0,
5640,65,F,Secundaria,Oriente,1705.34,2027.6,567.0,11.0,6502.74
5641,51,F,Universitario,Centro,1863.64,3143.7,546.0,9.0,5364.93
5642,57,M,Secundaria,Oriente,2133.54,4387.13,567.0,8.0,5472.78
5643,28,M,Universitario,Oriente,681.92,1148.34,434.0,15.0,500.0
5644,67,M,Secundaria,Sur,1528.08,2857.68,629.0,6.0,7278.37
5645,20,M,Universitario,Centro,1579.87,,613.0,5.0,4127.9
5646,75,M,Tecnico,Oriente,2396.31,4972.2,667.0,7.0,9367.27
5647,50,M,Tecnico,Occidente,,1143.61,,7.0,500.0
5648,28,F,Secundaria,Occidente,1183.75,1342.84,441.0,5.0,1576.41
5649,33,F,Universitario,Centro,1766.32,2741.78,616.0,7.0,3799.83
5650,35,M,Secundaria,Centro,2223.66,4025.51,574.0,4.0,7442.96
5651,47,M,Universitario,,1697.96,3630.41,632.0,5.0,5926.96
5652,65,M,Tecnico,Oriente,1703.96,3339.84,545.0,9.0,5113.14
5653,72,F,Secundaria,Oriente,,2460.06,624.0,7.0,6070.71
5654,27,F,Postgrado,Norte,3170.72,6028.04,677.0,8.0,10827.64
5655,35,F,Universitario,Occidente,2322.31,5544.78,522.0,12.0,5909.6
5656,55,F,Universitario,Sur,,4792.11,663.0,7.0,9099.35
5657,36,F,Secundaria,Norte,1482.9,,,9.0,4680.16
5658,53,M,Postgrado,Centro,9830.65,17417.99,715.0,4.0,34166.21
5659,30,M,Universitario,Norte,1046.56,1730.31,482.0,10.0,500.0
5660,73,F,Tecnico,Sur,1338.81,1059.93,639.0,9.0,2312.4
5661,63,M,Universitario,Norte,2448.69,,543.0,9.0,8251.88
5662,20,F,Primaria,Sur,1895.46,1204.78,578.0,7.0,3291.84
5663,27,F,Primaria,,1789.93,2003.58,545.0,9.0,8278.28
5664,55,F,Tecnico,Centro,2946.68,5572.72,669.0,7.0,11579.81
5665,18,M,Primaria,Norte,1125.93,1235.69,547.0,9.0,5662.79
5666,72,M,Tecnico,Sur,3334.86,4417.71,676.0,11.0,8927.47
5667,73,F,Secundaria,Centro,1216.25,2243.89,570.0,7.0,2345.23
5668,44,F,Primaria,Occidente,1820.44,2044.51,537.0,8.0,6396.24
5669,63,F,Secundaria,Sur,1702.11,3904.96,569.0,11.0,6120.86
5670,25,F,Secundaria,Norte,1592.26,3244.68,,4.0,4071.72
5671,68,M,Primaria,Sur,696.65,2716.0,435.0,11.0,
5672,63,M,Primaria,Oriente,563.81,1327.83,,8.0,3514.57
5673,59,M,Secundaria,Norte,1361.16,,520.0,7.0,3152.27
5674,34,M,Universitario,Centro,2266.7,3306.85,626.0,5.0,5933.39
5675,26,F,Universitario,Oriente,1404.31,2043.82,536.0,7.0,4575.83
5676,23,F,Primaria,Norte,1753.15,3389.65,,8.0,5572.86
5677,60,M,Tecnico,Norte,1287.69,2217.26,,8.0,
5678,42,M,Secundaria,Sur,1944.73,3616.68,525.0,8.0,5856.93
5679,56,M,Secundaria,Oriente,1351.19,2408.36,513.0,12.0,1724.14
5680,66,F,Universitario,Oriente,3575.59,6270.41,616.0,4.0,10531.23
5681,45,M,Secundaria,Centro,880.84,835.56,489.0,10.0,1899.13
5682,50,M,Secundaria,Centro,740.5,746.33,455.0,6.0,3119.89
5683,71,M,Secundaria,Sur,2022.72,2926.04,603.0,12.0,6177.4
5684,54,M,Postgrado,Oriente,4962.67,8147.45,718.0,6.0,19005.04
5685,26,F,Secundaria,Sur,1674.86,3067.2,537.0,9.0,3190.3
5686,35,M,Tecnico,Centro,1193.65,1575.1,544.0,5.0,6016.38
5687,73,M,Secundaria,Centro,2159.48,3467.4,616.0,10.0,7460.85
5688,38,M,Secundaria,,1923.17,4581.89,559.0,7.0,7075.33
5689,19,M,Universitario,Sur,1371.67,2851.64,547.0,4.0,5316.53
5690,75,F,Primaria,Norte,1565.38,3465.05,581.0,10.0,6242.29
5691,60,M,Tecnico,Norte,1988.74,4477.27,685.0,9.0,8053.8
5692,55,M,Tecnico,Occidente,1936.57,4800.64,613.0,11.0,6671.16
5693,75,F,Primaria,Occidente,686.38,1225.87,505.0,4.0,
5694,57,M,Primaria,Centro,1790.43,,561.0,5.0,6217.05
5695,53,F,Tecnico,Centro,1441.59,2182.06,511.0,4.0,2282.46
5696,67,M,Secundaria,Norte,1176.7,1446.92,548.0,6.0,1734.6
5697,60,M,Secundaria,Centro,,2241.26,559.0,5.0,2749.09
5698,54,F,Primaria,Centro,1114.17,1194.94,495.0,12.0,1620.12
5699,32,F,Universitario,Centro,1233.86,,463.0,15.0,5196.74
5700,45,F,Universitario,Oriente,4808.14,8814.47,702.0,8.0,15778.81
5701,35,M,Universitario,Sur,2624.6,3811.12,613.0,7.0,11499.64
5702,51,M,Secundaria,Oriente,1513.64,1946.79,543.0,11.0,3648.54
5703,39,M,Tecnico,Oriente,1765.53,,604.0,13.0,4010.82
5704,28,F,Secundaria,Norte,1469.69,2095.84,519.0,10.0,2538.23
5705,75,F,Primaria,Norte,,2454.38,547.0,4.0,610.75
5706,74,M,Universitario,Occidente,4266.01,7720.66,675.0,7.0,16594.52
5707,30,M,Universitario,Oriente,4775.69,8338.47,643.0,3.0,15931.79
5708,21,F,Universitario,Centro,2020.69,3437.31,594.0,3.0,8235.18
5709,39,M,Secundaria,Norte,2023.02,3645.82,,5.0,3372.73
5710,24,F,Universitario,Occidente,3071.52,6524.96,673.0,5.0,9902.4
5711,60,M,Universitario,Centro,3391.53,5817.55,683.0,5.0,13418.69
5712,71,M,Secundaria,Norte,2812.11,4949.36,625.0,6.0,8960.65
5713,41,F,Secundaria,Occidente,2197.94,2919.79,677.0,6.0,8562.94
5714,21,M,Secundaria,Oriente,1736.02,3501.19,563.0,9.0,3760.94
5715,45,M,Primaria,Sur,,1583.54,488.0,15.0,3813.03
5716,32,F,Universitario,Norte,2698.55,4433.2,581.0,,7219.47
5717,18,F,Secundaria,Sur,893.13,664.5,449.0,10.0,
5718,72,F,Tecnico,Sur,2347.81,4504.83,668.0,5.0,8396.78
5719,20,F,Tecnico,Oriente,,2707.92,602.0,4.0,5557.77
5720,31,M,Secundaria,Centro,771.07,1812.84,417.0,14.0,1571.65
5721,55,F,Primaria,Occidente,997.18,3228.14,453.0,7.0,3337.92
5722,67,F,Postgrado,Centro,2482.05,5389.16,649.0,6.0,5664.38
5723,74,M,Primaria,Norte,1751.53,3176.92,559.0,10.0,5893.38
5724,18,F,Universitario,Centro,2004.37,4107.24,645.0,6.0,3489.19
5725,55,M,Universitario,Sur,1298.32,,663.0,5.0,2726.25
5726,55,M,Primaria,Oriente,1505.25,1658.4,561.0,7.0,1432.95
5727,38,F,Universitario,Oriente,2614.91,4813.1,653.0,8.0,8670.68
5728,65,F,Secundaria,Norte,1659.54,2506.86,,5.0,4119.13
5729,46,M,Tecnico,Occidente,1105.44,892.25,493.0,11.0,3158.35
5730,22,M,Tecnico,,2254.0,2689.05,568.0,6.0,7047.55
5731,66,F,Secundaria,Norte,1494.07,2449.37,483.0,8.0,2346.56
5732,27,M,Primaria,Sur,,2734.85,,9.0,3412.04
5733,45,M,Universitario,Norte,1371.61,2343.46,529.0,4.0,2817.58
5734,38,F,Tecnico,Sur,,1693.02,,9.0,4376.4
5735,67,F,Primaria,Centro,7971.63,14306.76,737.0,8.0,29620.44
5736,24,F,Tecnico,Centro,1033.97,1096.77,,7.0,980.98
5737,20,F,Tecnico,Centro,667.57,849.72,,9.0,500.0
5738,62,F,Tecnico,Centro,1574.15,3836.19,520.0,13.0,2535.35
5739,64,F,Primaria,Centro,1150.0,3291.96,528.0,10.0,1793.25
5740,37,M,Secundaria,Centro,983.77,2605.85,458.0,9.0,3626.24
5741,36,F,Primaria,Oriente,819.8,2091.73,433.0,8.0,500.0
5742,52,M,Secundaria,Norte,1450.94,3849.79,,2.0,4166.16
5743,21,M,Universitario,Sur,2712.45,4011.82,536.0,11.0,
5744,22,M,Primaria,Sur,,3284.27,372.0,17.0,6350.2
5745,18,F,Secundaria,Oriente,1196.75,508.8,471.0,2.0,3936.77
5746,21,M,Universitario,Oriente,2300.35,3880.68,666.0,2.0,6675.53
5747,29,M,Primaria,Norte,1050.74,0.0,535.0,7.0,
5748,44,F,Primaria,Norte,,2195.02,483.0,15.0,2940.29
5749,73,F,Tecnico,Sur,1205.07,1235.43,564.0,6.0,1636.14
5750,59,F,Universitario,Oriente,5406.14,8883.18,752.0,12.0,19411.15
5751,40,M,Universitario,Centro,835.75,2601.52,413.0,6.0,2198.38
5752,42,M,Universitario,Sur,3809.7,6662.2,616.0,3.0,13414.25
5753,38,F,Secundaria,Oriente,,2113.52,454.0,8.0,918.69
5754,75,M,Universitario,Oriente,,4757.34,639.0,7.0,8786.2
5755,69,F,Primaria,,1310.07,1598.34,,6.0,1899.71
5756,41,M,Secundaria,Norte,938.4,2403.76,511.0,7.0,3409.89
5757,42,F,Secundaria,Norte,1376.62,,,9.0,3500.21
5758,62,M,Primaria,Centro,1043.92,2050.04,549.0,10.0,2469.38
5759,72,M,Secundaria,Norte,,2421.28,541.0,5.0,5028.05
5760,63,F,Tecnico,Occidente,3339.87,5880.89,624.0,8.0,11603.67
5761,49,M,Tecnico,Norte,3464.22,5757.54,751.0,8.0,11195.77
5762,72,M,Secundaria,Norte,,2633.83,491.0,9.0,500.0
5763,49,F,Universitario,Norte,2844.69,5145.61,611.0,8.0,8637.67
5764,22,M,Tecnico,Sur,2736.33,5423.53,600.0,5.0,9912.6
5765,53,M,Secundaria,Sur,,2017.39,560.0,13.0,1730.52
5766,63,M,Secundaria,Sur,,5118.47,630.0,4.0,5009.01
5767,59,M,Secundaria,Occidente,4527.69,8097.52,685.0,6.0,14336.37
5768,66,M,Primaria,Centro,752.89,1638.93,513.0,9.0,3018.25
5769,59,F,Universitario,Norte,3078.75,6006.65,,7.0,12413.36
5770,75,F,Primaria,Oriente,812.66,794.15,,3.0,2341.42
5771,56,M,Primaria,Oriente,931.41,1399.48,,,4023.51
5772,33,M,Primaria,Norte,952.23,2168.45,479.0,9.0,1584.8
5773,50,F,Universitario,Centro,2977.53,,658.0,6.0,9024.95
5774,66,F,Primaria,Oriente,,5977.64,671.0,9.0,9628.81
5775,38,M,Tecnico,Centro,1365.98,1335.0,500.0,11.0,5420.44
5776,26,F,Primaria,Centro,1831.0,2103.07,562.0,8.0,3285.14
5777,23,F,Universitario,Oriente,1540.57,1892.73,565.0,4.0,1633.2
5778,68,M,Universitario,Norte,2071.84,4103.87,564.0,14.0,5301.74
5779,62,M,Secundaria,,2816.76,,665.0,5.0,11964.55
5780,52,M,Universitario,Norte,3766.97,5762.91,,7.0,11502.64
5781,56,F,Tecnico,Norte,1537.85,2821.89,586.0,4.0,2243.65
5782,39,F,Universitario,Sur,1817.94,4060.62,563.0,6.0,5302.96
5783,58,F,Universitario,Norte,3058.96,5916.32,732.0,8.0,11757.72
5784,71,M,Secundaria,Oriente,1182.28,1584.71,512.0,8.0,7547.66
5785,22,F,Secundaria,Norte,1161.77,2640.79,544.0,10.0,5729.89
5786,59,F,Postgrado,Norte,2848.9,4716.47,639.0,7.0,9247.11
5787,40,F,Secundaria,Norte,1379.84,2372.76,580.0,5.0,4925.75
5788,34,M,Postgrado,Oriente,2499.79,3787.88,673.0,8.0,8718.9
5789,29,F,Tecnico,Centro,841.04,,477.0,3.0,500.0
5790,40,M,Secundaria,Centro,3006.1,5646.64,645.0,8.0,11052.07
5791,33,F,Tecnico,Centro,2559.92,4374.51,664.0,3.0,6776.64
5792,20,F,Universitario,Sur,2208.92,4239.71,629.0,5.0,6584.88
5793,47,M,Secundaria,Norte,1087.21,2030.15,441.0,9.0,500.0
5794,74,F,Primaria,Occidente,2193.63,4195.23,652.0,6.0,8397.33
5795,39,M,Tecnico,Occidente,2209.91,4595.76,676.0,4.0,6310.37
5796,26,F,Postgrado,Centro,2388.39,4551.31,657.0,5.0,6601.67
5797,46,M,Tecnico,Centro,2281.2,3450.34,592.0,4.0,5903.54
5798,64,F,Secundaria,Occidente,1624.09,1533.29,503.0,6.0,3917.97
5799,54,F,Secundaria,Centro,1632.29,3546.36,528.0,7.0,4118.59
5800,40,M,Universitario,Occidente,3525.74,5897.11,693.0,6.0,10710.34
5801,30,M,Primaria,Norte,1468.91,3537.7,470.0,7.0,5256.72
5802,49,M,Tecnico,Centro,2681.68,3650.8,681.0,9.0,9114.68
5803,63,M,Primaria,Occidente,,4395.42,714.0,2.0,10064.63
5804,69,F,Secundaria,Centro,2055.78,3601.81,617.0,4.0,8951.79
5805,64,F,Secundaria,Centro,4512.08,8208.69,740.0,7.0,18195.89
5806,65,F,Secundaria,Sur,2685.66,5593.73,623.0,10.0,8566.35
5807,40,F,Universitario,Occidente,2141.73,4692.6,,11.0,5015.14
5808,62,M,Secundaria,Norte,789.45,1380.87,467.0,8.0,1170.81
5809,34,F,Secundaria,Occidente,2539.95,5174.56,,2.0,5178.66
5810,72,F,Secundaria,Sur,888.97,126.73,514.0,4.0,2173.4
5811,57,M,Universitario,Occidente,2651.62,4507.49,681.0,3.0,
5812,38,M,Tecnico,Oriente,2473.55,5098.18,589.0,7.0,7472.53
5813,19,M,Primaria,Sur,707.37,1330.3,,10.0,1272.41
5814,54,F,Primaria,Oriente,925.87,,499.0,10.0,1356.88
5815,23,F,Tecnico,Norte,1074.06,1183.09,489.0,10.0,2285.0
5816,61,F,Universitario,Occidente,6309.36,12071.15,731.0,11.0,
5817,35,M,Secundaria,Norte,2060.07,3318.28,556.0,13.0,6108.56
5818,47,F,Secundaria,Norte,1094.55,2365.87,510.0,11.0,2444.46
5819,39,M,Universitario,Sur,1193.79,1455.14,525.0,8.0,
5820,71,F,Tecnico,Norte,1286.38,2431.26,528.0,5.0,
5821,50,M,Tecnico,Oriente,1379.09,,562.0,12.0,4874.74
5822,47,M,Primaria,,944.69,2321.34,483.0,5.0,500.0
5823,34,F,Primaria,Centro,,3134.79,524.0,8.0,5652.27
5824,60,F,Secundaria,Norte,823.79,2139.07,520.0,6.0,500.0
5825,49,M,Secundaria,Sur,2482.23,4982.86,653.0,6.0,9039.12
5826,59,M,Postgrado,Occidente,1513.85,2485.14,572.0,,4983.33
5827,68,M,Primaria,Oriente,1220.51,2347.74,603.0,5.0,
5828,31,M,Tecnico,Norte,1288.23,3024.93,,5.0,2169.53
5829,75,M,Secundaria,Occidente,,5992.25,611.0,8.0,5074.85
5830,27,F,Secundaria,Centro,,5455.81,575.0,6.0,5804.4
5831,64,F,Universitario,Centro,3605.93,5569.22,748.0,8.0,13730.66
5832,68,M,Tecnico,Norte,2310.92,4481.27,668.0,4.0,7401.56
5833,53,F,Postgrado,Centro,2989.74,,656.0,5.0,9530.59
5834,51,M,Primaria,Sur,2234.85,3503.97,616.0,13.0,7536.27
5835,26,M,Primaria,Sur,741.3,287.01,411.0,4.0,500.0
5836,59,M,Primaria,Oriente,1517.7,3137.22,564.0,2.0,1828.31
5837,45,F,Secundaria,Sur,2459.9,4476.17,,3.0,5941.93
5838,28,M,Secundaria,Centro,2204.3,4037.48,668.0,6.0,9035.94
5839,31,M,Universitario,Sur,2980.72,5205.95,,6.0,7489.34
5840,56,M,Secundaria,Norte,1933.04,3038.47,642.0,7.0,6228.88
5841,72,M,Universitario,Sur,3800.5,,638.0,9.0,13621.43
5842,64,M,Secundaria,Centro,,2888.15,567.0,4.0,4228.29
5843,71,F,Tecnico,Norte,3618.67,7086.33,629.0,4.0,8883.21
5844,36,F,Secundaria,Centro,3742.99,6453.95,641.0,10.0,12597.92
5845,71,F,Primaria,Occidente,552.55,2043.13,495.0,7.0,3888.29
5846,32,M,Universitario,Sur,1971.82,3583.27,579.0,10.0,4097.04
5847,45,M,Primaria,Occidente,,1929.58,443.0,8.0,2904.75
5848,41,M,Universitario,,1787.0,2876.34,591.0,4.0,6647.8
5849,25,M,Tecnico,Occidente,1840.61,3432.14,650.0,8.0,5786.54
5850,60,F,Universitario,Centro,3074.05,5815.04,674.0,6.0,13499.6
5851,26,M,Tecnico,Oriente,,2831.09,,4.0,4360.81
5852,64,M,Secundaria,Centro,2084.81,2821.44,593.0,8.0,6538.37
5853,50,F,Tecnico,Norte,1313.42,3381.39,528.0,4.0,500.0
5854,50,M,Primaria,Oriente,,,411.0,6.0,3552.78
5855,36,F,Secundaria,Oriente,1983.61,1961.34,524.0,5.0,7435.3
5856,20,M,Primaria,Oriente,989.87,1403.11,563.0,6.0,500.0
5857,27,F,Secundaria,,815.5,2741.69,,,3364.62
5858,57,M,Primaria,Oriente,,7039.67,691.0,8.0,12443.94
5859,64,F,Postgrado,Norte,5255.52,9680.19,701.0,8.0,18234.11
5860,59,M,Tecnico,,2003.36,4283.8,598.0,4.0,3991.4
5861,18,F,Universitario,Occidente,3418.49,7284.96,676.0,5.0,11876.85
5862,46,M,Primaria,Sur,1460.33,2719.81,,7.0,2341.04
5863,67,F,Tecnico,Occidente,924.89,2513.48,541.0,7.0,954.05
5864,51,M,Secundaria,Centro,1636.71,2310.36,562.0,7.0,5022.66
5865,68,M,Secundaria,Occidente,1139.55,1198.7,553.0,9.0,3317.33
5866,30,F,Universitario,Sur,2467.0,4454.43,619.0,6.0,7824.78
5867,71,F,Postgrado,Sur,4187.87,8129.97,712.0,6.0,15024.02
5868,18,M,Secundaria,Centro,,4958.61,641.0,5.0,9159.18
5869,51,F,Postgrado,Oriente,2156.72,3803.52,636.0,8.0,7384.58
5870,46,M,Tecnico,Oriente,,1470.79,502.0,2.0,3918.93
5871,65,F,Postgrado,Centro,2788.74,6748.87,667.0,,8531.98
5872,64,F,Tecnico,Oriente,3632.17,6385.79,754.0,8.0,13057.73
5873,30,M,Postgrado,Centro,2737.63,4124.15,569.0,6.0,
5874,65,F,Universitario,Oriente,3193.85,6212.4,659.0,7.0,10120.72
5875,66,F,Primaria,Occidente,1226.45,4907.33,,4.0,
5876,70,M,Secundaria,Centro,1325.83,2461.11,547.0,6.0,2137.37
5877,46,F,Secundaria,,1607.22,2954.97,591.0,7.0,6447.58
5878,56,M,Tecnico,Centro,2643.33,5362.53,607.0,4.0,7819.39
5879,41,F,Universitario,Sur,3245.91,6592.35,616.0,8.0,10605.33
5880,43,F,Universitario,Occidente,1396.77,1575.59,603.0,5.0,3525.3
5881,34,M,Universitario,Centro,2748.38,6139.45,647.0,10.0,8313.46
5882,24,F,Secundaria,Norte,3015.44,,681.0,8.0,
5883,30,F,Primaria,Oriente,1344.82,2473.95,,,1935.71
5884,22,F,Secundaria,Sur,2398.38,3412.52,573.0,2.0,6974.74
5885,43,M,Universitario,Centro,5266.32,9219.58,751.0,4.0,16568.29
5886,66,M,Primaria,Norte,1353.97,3576.88,522.0,3.0,4858.53
5887,20,F,Secundaria,Norte,1396.41,3430.81,506.0,6.0,3852.4
5888,24,M,Secundaria,Centro,1756.66,3529.1,607.0,4.0,4522.12
5889,75,M,Primaria,Oriente,2282.65,2131.83,560.0,5.0,4924.68
5890,66,F,Secundaria,Centro,1463.45,2060.13,510.0,3.0,739.92
5891,56,M,Primaria,Sur,,1674.42,445.0,5.0,500.0
5892,70,F,Postgrado,Norte,4097.02,7031.51,624.0,8.0,12658.2
5893,18,F,Secundaria,Norte,2171.41,4433.4,,11.0,5640.72
5894,66,F,Universitario,Norte,3010.85,6058.0,630.0,6.0,7052.36
5895,34,M,Primaria,Sur,,3716.79,,4.0,1056.17
5896,60,M,Universitario,Centro,2444.13,2956.84,698.0,5.0,6699.57
5897,42,M,Tecnico,Occidente,1620.54,2622.16,512.0,11.0,3871.22
5898,20,F,Universitario,Centro,4069.98,6711.75,619.0,4.0,14259.58
5899,32,M,Universitario,Centro,1054.96,1447.4,,12.0,
5900,46,F,Tecnico,Centro,1891.89,3341.63,549.0,9.0,5877.57
5901,70,F,Universitario,,1628.84,3127.97,569.0,6.0,6615.06
5902,60,F,Tecnico,Oriente,1837.9,3833.43,,7.0,6746.42
5903,49,M,Tecnico,Occidente,2056.41,3083.59,667.0,8.0,8676.03
5904,43,M,Secundaria,Norte,1888.46,3141.79,561.0,7.0,4703.44
5905,33,F,Universitario,Sur,2514.44,4626.81,580.0,7.0,6226.91
5906,42,M,Universitario,Sur,,8138.95,656.0,7.0,14718.61
5907,71,M,Primaria,Occidente,1331.29,1940.69,557.0,7.0,2942.34
5908,45,M,Tecnico,,1123.81,,511.0,9.0,2803.26
5909,26,F,Universitario,Norte,3705.19,6514.22,669.0,5.0,13038.52
5910,73,F,Universitario,Sur,2965.26,4154.92,630.0,6.0,11497.94
5911,73,F,Postgrado,Centro,2275.25,3056.86,623.0,8.0,7690.0
5912,18,F,Secundaria,Oriente,1986.85,3429.58,659.0,5.0,7528.27
5913,46,M,Secundaria,Occidente,1176.77,2177.9,571.0,1.0,
5914,74,F,Secundaria,Norte,2430.82,5313.54,721.0,10.0,9803.03
5915,39,M,Secundaria,Oriente,845.79,239.56,479.0,5.0,500.0
5916,33,F,Secundaria,Occidente,,2860.43,490.0,7.0,2474.68
5917,58,M,Tecnico,Occidente,2254.94,5185.39,526.0,10.0,5652.56
5918,68,M,Secundaria,Oriente,976.43,,526.0,5.0,3096.82
5919,61,F,Secundaria,Oriente,,3005.9,536.0,6.0,2216.91
5920,68,M,Primaria,Norte,2009.28,3343.63,668.0,5.0,8559.0
5921,71,F,Tecnico,Occidente,1737.56,4581.09,579.0,7.0,4317.93
5922,58,M,Secundaria,Centro,,4225.55,,6.0,7217.28
5923,24,M,Secundaria,Norte,1012.16,1307.27,,9.0,3955.21
5924,31,M,Secundaria,Centro,,8970.17,718.0,7.0,17915.4
5925,46,F,Primaria,Oriente,,2508.98,560.0,5.0,
5926,36,M,Universitario,Centro,2754.69,5322.29,628.0,7.0,9595.21
5927,36,F,Secundaria,Oriente,1314.76,3496.89,537.0,6.0,3818.99
5928,19,M,Universitario,Sur,1703.11,2900.28,582.0,11.0,
5929,58,M,Secundaria,,2389.79,3103.37,627.0,,7238.33
5930,62,M,Universitario,Norte,845.14,1302.11,421.0,14.0,
5931,32,F,Secundaria,Centro,647.56,780.59,,8.0,1167.79
5932,20,F,Primaria,Norte,1326.78,219.11,571.0,8.0,
5933,28,M,Universitario,Centro,1979.18,3342.36,653.0,4.0,4828.17
5934,70,F,Secundaria,,2317.13,4937.81,,12.0,8912.38
5935,63,F,Universitario,Occidente,1981.1,4164.72,617.0,4.0,5458.32
5936,47,M,Secundaria,,714.47,1026.2,441.0,12.0,1837.02
5937,74,F,Universitario,Sur,2478.11,4119.7,683.0,6.0,7388.04
5938,57,M,Universitario,Centro,2191.78,3529.11,593.0,5.0,6088.66
5939,35,F,Postgrado,Centro,2000.88,3168.59,569.0,6.0,6503.35
5940,68,F,Secundaria,Oriente,2247.87,4690.61,,4.0,8259.62
5941,65,M,Secundaria,Sur,1842.53,,488.0,3.0,2154.23
5942,19,M,Postgrado,Norte,2022.93,4244.14,586.0,13.0,
5943,49,F,Universitario,Centro,1221.46,1617.98,527.0,8.0,851.22
5944,25,F,Primaria,Occidente,1361.67,1798.1,526.0,6.0,5867.93
5945,39,F,Tecnico,Centro,1164.37,3264.98,509.0,7.0,5966.64
5946,23,M,Secundaria,Norte,938.21,1753.98,543.0,6.0,2816.05
5947,29,M,Postgrado,Norte,3063.48,4927.08,578.0,7.0,9155.9
5948,64,M,Primaria,Oriente,1279.99,2377.79,553.0,7.0,2599.23
5949,74,M,Tecnico,Oriente,2401.27,3251.38,650.0,9.0,7344.5
5950,57,F,Tecnico,Centro,2983.98,4427.98,713.0,5.0,11254.87
5951,53,F,Universitario,Norte,1991.59,3095.18,606.0,8.0,7179.84
5952,32,F,Universitario,Centro,3066.88,6236.51,664.0,3.0,10274.21
5953,45,M,Secundaria,Centro,,,541.0,6.0,500.0
5954,69,F,Tecnico,,3221.96,6357.06,674.0,7.0,12662.23
5955,74,F,Postgrado,Centro,2396.74,4458.09,624.0,5.0,7346.35
5956,66,F,Universitario,Norte,3184.54,4629.65,611.0,3.0,10040.32
5957,62,F,Tecnico,Oriente,1290.42,3582.66,548.0,8.0,3196.0
5958,35,F,Universitario,Sur,1574.68,1864.57,564.0,5.0,2790.61
5959,19,F,Secundaria,Oriente,1166.87,1632.09,486.0,6.0,2277.59
5960,30,M,Universitario,Sur,910.48,1260.86,,6.0,
5961,62,M,Secundaria,,2432.15,5015.84,674.0,5.0,5143.65
5962,71,F,Secundaria,Occidente,1071.36,1429.87,502.0,12.0,2173.78
5963,32,M,Universitario,Centro,1913.41,2746.66,650.0,10.0,4844.55
5964,37,M,Primaria,Centro,769.38,2067.12,523.0,4.0,500.0
5965,46,M,Secundaria,Oriente,2319.73,3952.09,,9.0,3725.23
5966,59,F,Secundaria,Oriente,1749.48,3657.85,554.0,8.0,3599.52
5967,46,F,Secundaria,Occidente,,5420.33,,11.0,5047.95
5968,20,M,Universitario,Sur,2479.86,4113.42,561.0,4.0,6513.46
5969,36,M,Tecnico,Centro,1919.98,3808.02,545.0,11.0,3186.54
5970,20,F,Primaria,Centro,1333.93,,,8.0,769.02
5971,71,M,Secundaria,Centro,2432.51,3910.92,650.0,6.0,
5972,31,M,Secundaria,Occidente,,1819.3,506.0,11.0,1703.09
5973,57,F,Primaria,Occidente,,2868.91,433.0,8.0,1747.16
5974,72,M,Universitario,Norte,1584.9,1617.3,506.0,3.0,3007.23
5975,21,M,Secundaria,Sur,,3697.79,,7.0,5650.48
5976,69,F,Universitario,Sur,3085.16,4641.03,659.0,5.0,12166.33
5977,28,M,Secundaria,Centro,2016.37,3396.89,637.0,2.0,6544.58
5978,75,F,Secundaria,Occidente,507.43,459.82,404.0,7.0,1688.13
5979,48,M,Primaria,Sur,1000.04,1193.84,472.0,7.0,867.95
5980,60,M,Primaria,Centro,426.02,907.7,415.0,10.0,500.0
5981,49,M,Universitario,Centro,5858.65,9740.82,771.0,7.0,20029.97
5982,44,M,Primaria,Centro,1276.47,0.0,589.0,7.0,4258.41
5983,47,F,Primaria,Centro,839.43,1161.56,438.0,6.0,1967.5
5984,60,F,Postgrado,Norte,3236.44,5177.49,703.0,7.0,9755.62
5985,19,F,Tecnico,Norte,1705.55,2709.32,525.0,5.0,6336.32
5986,66,M,Primaria,Sur,3061.54,4865.01,582.0,8.0,7792.55
5987,26,F,Postgrado,Sur,2932.85,5673.31,645.0,7.0,10855.24
5988,45,M,Primaria,Sur,1313.14,2818.26,583.0,6.0,3335.26
5989,48,F,Universitario,Oriente,1860.85,,,9.0,5169.7
5990,51,F,Primaria,Occidente,,6626.31,697.0,4.0,10855.68
5991,73,M,Tecnico,Occidente,3878.25,7504.27,654.0,6.0,15450.6
5992,32,M,Tecnico,Centro,732.2,940.43,462.0,5.0,
5993,65,M,Secundaria,Norte,2304.04,4035.07,652.0,3.0,5764.7
5994,42,F,Tecnico,Centro,,,616.0,7.0,5611.35
5995,53,F,Tecnico,Sur,1297.96,1967.35,528.0,9.0,
5996,25,M,Universitario,Occidente,1484.48,3257.92,520.0,11.0,4552.85
5997,26,M,Universitario,Oriente,932.93,1909.71,,4.0,500.0
5998,75,M,Secundaria,,2134.92,4503.67,650.0,8.0,9584.67
5999,75,F,Secundaria,Sur,867.16,2021.12,484.0,8.0,1091.84
6000,54,M,Tecnico,Sur,2119.74,3324.67,534.0,7.0,5022.66
6001,65,M,Universitario,Occidente,1538.37,2881.47,,5.0,5534.2
6002,62,M,Secundaria,Oriente,911.16,2300.3,490.0,11.0,2155.33
6003,56,F,Secundaria,Oriente,1577.75,3427.43,577.0,12.0,3052.72
6004,49,F,Tecnico,Sur,3205.79,6289.3,649.0,7.0,10419.8
6005,75,F,Postgrado,Centro,2489.98,4297.59,625.0,4.0,5260.95
6006,69,M,Tecnico,Norte,1847.29,4487.75,,9.0,5157.41
6007,34,M,Secundaria,Norte,1547.34,,642.0,4.0,6584.37
6008,52,M,Tecnico,Norte,1772.79,4516.32,569.0,8.0,3720.62
6009,54,M,Universitario,Occidente,2826.28,4142.64,679.0,7.0,12227.49
6010,36,M,Universitario,Norte,2390.69,4062.0,558.0,10.0,5795.81
6011,61,M,Universitario,Norte,1138.06,1910.4,516.0,10.0,4521.23
6012,46,F,Universitario,Centro,4354.04,8501.17,680.0,8.0,14009.35
6013,24,M,Secundaria,Centro,1729.27,2485.16,516.0,4.0,4948.38
6014,45,M,Secundaria,Occidente,1371.77,1835.01,559.0,7.0,4298.6
6015,26,F,Universitario,Norte,1483.36,3435.1,582.0,6.0,2805.25
6016,45,F,Secundaria,Occidente,1281.13,2185.05,550.0,5.0,2302.77
6017,23,F,Secundaria,Norte,2140.99,4306.86,597.0,7.0,6187.86
6018,46,F,Universitario,Occidente,1329.9,1729.6,517.0,11.0,
6019,75,M,Universitario,Sur,1753.34,3715.04,637.0,7.0,4200.21
6020,34,F,Postgrado,Sur,,,663.0,6.0,9010.04
6021,33,F,Postgrado,,1573.66,3849.43,537.0,8.0,4441.95
6022,40,M,Secundaria,Sur,965.97,936.38,566.0,5.0,3519.76
6023,48,M,Universitario,Oriente,2146.39,2906.43,497.0,6.0,5508.35
6024,20,M,Primaria,Norte,381.18,611.75,,14.0,500.0
6025,38,M,Tecnico,Norte,1603.67,3857.64,569.0,6.0,5266.49
6026,43,M,Secundaria,Occidente,832.33,782.54,,4.0,3687.95
6027,53,M,Secundaria,Centro,2611.63,3835.37,,6.0,7222.38
6028,59,M,Postgrado,Occidente,2659.35,4388.1,610.0,6.0,7473.69
6029,54,M,Secundaria,Oriente,,4004.2,622.0,8.0,5613.62
6030,70,M,Tecnico,Centro,2261.14,4162.28,,7.0,7803.0
6031,39,M,Primaria,Norte,836.97,796.34,400.0,10.0,3521.65
6032,59,M,Primaria,Occidente,1454.03,2031.25,476.0,8.0,1687.48
6033,29,F,Secundaria,Sur,3143.3,5583.68,639.0,8.0,9543.56
6034,59,M,Tecnico,Norte,1903.67,2829.67,604.0,4.0,7169.45
6035,30,F,Secundaria,Sur,1249.11,1405.64,572.0,6.0,2964.13
6036,28,F,Secundaria,Norte,1732.25,3541.7,584.0,11.0,5254.62
6037,71,F,Tecnico,,2367.84,3799.46,607.0,6.0,5492.01
6038,33,F,Primaria,Norte,998.78,1398.44,,9.0,5295.51
6039,25,M,Secundaria,Centro,392.62,429.87,,9.0,500.0
6040,57,M,Postgrado,Norte,2276.89,4332.32,639.0,12.0,8008.16
6041,74,F,Secundaria,Norte,887.25,1642.34,,12.0,
6042,57,M,Secundaria,Sur,1529.18,2306.29,585.0,5.0,3788.26
6043,62,F,Universitario,Sur,4238.37,7513.15,685.0,5.0,13890.14
6044,19,F,Universitario,Oriente,2855.09,4969.61,600.0,9.0,11114.1
6045,47,M,Universitario,Sur,1938.53,4652.55,585.0,7.0,7234.36
6046,47,M,Postgrado,Centro,,6739.62,716.0,5.0,12083.89
6047,29,M,Primaria,Sur,1159.65,,474.0,9.0,
6048,27,M,Postgrado,Occidente,4050.38,6017.96,646.0,7.0,16610.14
6049,61,M,Postgrado,Centro,4440.07,8749.26,702.0,7.0,16032.94
6050,28,F,Universitario,Centro,4196.07,7485.46,722.0,7.0,14232.13
6051,32,M,Secundaria,Sur,1382.02,2741.7,512.0,7.0,850.94
6052,33,M,Universitario,Centro,1050.44,2514.62,540.0,6.0,5351.31
6053,34,M,Secundaria,Centro,813.8,861.62,507.0,10.0,500.0
6054,43,F,Universitario,Oriente,2425.33,3743.61,628.0,6.0,10159.14
6055,19,F,Secundaria,Occidente,1269.64,2332.85,568.0,8.0,4689.91
6056,67,F,Universitario,Sur,3487.69,8124.82,,8.0,11812.45
6057,29,F,Tecnico,Oriente,2799.24,4463.52,691.0,7.0,10177.22
6058,68,M,Primaria,Norte,1283.11,1891.02,596.0,12.0,3952.3
6059,43,M,Universitario,Sur,1371.22,3137.29,595.0,11.0,4629.45
6060,40,F,Tecnico,Sur,2310.34,4634.17,,8.0,9250.88
6061,35,F,Tecnico,,2014.11,3225.98,,3.0,5087.97
6062,49,M,Secundaria,Norte,2024.85,2374.83,620.0,7.0,5580.28
6063,66,M,Universitario,Oriente,1815.22,3058.06,640.0,7.0,4968.53
6064,55,F,Tecnico,Oriente,7064.88,14168.83,638.0,10.0,25221.9
6065,74,M,Secundaria,Sur,727.55,954.81,487.0,12.0,1020.47
6066,64,F,Tecnico,,,4176.51,610.0,4.0,5572.17
6067,20,M,Tecnico,Norte,2376.63,3394.8,580.0,9.0,4203.71
6068,55,M,Tecnico,Centro,,5494.65,556.0,4.0,8129.26
6069,20,M,Secundaria,Norte,,3304.9,520.0,8.0,
6070,47,F,Secundaria,Oriente,2004.64,3631.79,611.0,10.0,6858.16
6071,18,F,Tecnico,Oriente,2578.6,5624.89,592.0,10.0,
6072,47,F,Universitario,,2546.0,,686.0,8.0,12120.3
6073,62,F,Universitario,Occidente,2766.87,6565.3,,7.0,6770.24
6074,49,M,Secundaria,Norte,2030.78,3560.24,599.0,6.0,5237.48
6075,45,M,Secundaria,Oriente,1524.52,2476.13,542.0,13.0,2714.41
6076,38,F,Tecnico,Norte,,6126.82,642.0,8.0,13159.92
6077,75,F,Universitario,Norte,4007.15,6251.7,680.0,3.0,13233.26
6078,63,F,Primaria,Norte,1089.53,2151.58,,9.0,
6079,30,F,Tecnico,Occidente,1272.84,1636.14,512.0,3.0,4266.23
6080,44,M,Secundaria,Centro,2134.12,4618.13,576.0,10.0,6204.61
6081,53,M,Secundaria,Norte,,3579.53,589.0,7.0,3140.31
6082,24,F,Primaria,Sur,,988.02,472.0,7.0,500.0
6083,39,M,Universitario,Norte,1923.92,,622.0,5.0,8867.69
6084,27,M,Universitario,Norte,3119.93,6391.81,648.0,6.0,10744.62
6085,56,F,Primaria,Oriente,1001.0,3360.87,469.0,11.0,2284.02
6086,70,M,Tecnico,Norte,3643.18,6566.61,629.0,8.0,9416.1
6087,32,F,Primaria,Occidente,751.32,2017.62,,9.0,1129.56
6088,32,M,Universitario,Sur,1879.05,3986.09,620.0,6.0,6537.01
6089,21,F,Tecnico,Norte,1136.04,2654.43,568.0,5.0,4370.32
6090,49,F,Secundaria,Norte,879.25,0.0,557.0,1.0,2490.15
6091,40,F,Primaria,Sur,835.92,777.52,517.0,8.0,2413.69
6092,72,M,Universitario,Centro,2023.39,4818.96,671.0,7.0,4847.43
6093,23,M,Tecnico,Sur,1435.27,,506.0,9.0,4125.97
6094,41,M,Primaria,Oriente,452.43,645.45,428.0,9.0,577.03
6095,37,M,Tecnico,Oriente,1042.36,3452.83,469.0,12.0,1683.38
6096,75,F,Universitario,Sur,2773.63,4600.02,662.0,,11371.93
6097,54,M,Tecnico,Occidente,1344.19,2529.53,579.0,5.0,
6098,37,M,Secundaria,Norte,,4611.56,592.0,7.0,4989.17
6099,29,M,Tecnico,Norte,1574.25,3767.48,569.0,6.0,4794.24
6100,50,F,Tecnico,Oriente,2388.59,4790.84,620.0,7.0,6127.23
6101,45,M,Tecnico,Centro,1532.59,2347.03,564.0,5.0,6846.65
6102,25,F,Postgrado,Sur,4818.46,8681.86,689.0,7.0,15644.36
6103,18,F,Primaria,Oriente,400.27,538.98,340.0,6.0,500.0
6104,54,F,Tecnico,Centro,1934.5,4207.6,646.0,2.0,6659.35
6105,39,F,Secundaria,Norte,2971.0,5313.43,660.0,10.0,
6106,23,M,Secundaria,Sur,749.94,1527.86,481.0,,2223.3
6107,38,F,Tecnico,Oriente,2506.96,4130.38,675.0,7.0,10859.38
6108,49,M,Universitario,Norte,2904.19,6830.72,682.0,8.0,11022.08
6109,52,F,Primaria,Sur,644.14,498.47,387.0,7.0,500.0
6110,32,F,Postgrado,Centro,3786.1,8514.15,718.0,6.0,15428.92
6111,22,M,Secundaria,Centro,1680.91,2882.83,571.0,9.0,500.0
6112,73,M,Secundaria,Norte,1528.75,,568.0,5.0,3089.06
6113,63,F,Primaria,Norte,,3856.27,625.0,8.0,7986.96
6114,67,F,Tecnico,Oriente,2968.21,4391.34,665.0,8.0,11044.73
6115,65,M,Tecnico,Sur,2717.06,4502.58,610.0,4.0,9829.86
6116,23,M,Secundaria,Occidente,2714.88,5784.86,576.0,2.0,6798.49
6117,42,M,Secundaria,Centro,1041.67,,,8.0,527.54
6118,73,M,Tecnico,Occidente,1510.43,648.44,595.0,11.0,4614.04
6119,63,F,Tecnico,Sur,1394.48,1062.79,633.0,8.0,7599.27
6120,73,F,Secundaria,Norte,,2284.01,515.0,8.0,2495.8
6121,57,M,Universitario,Norte,1981.67,2781.57,637.0,3.0,5768.87
6122,46,M,Tecnico,Sur,1707.83,3120.83,534.0,6.0,4757.86
6123,24,M,Secundaria,Oriente,1217.26,2663.36,496.0,8.0,937.22
6124,57,M,Secundaria,Oriente,947.31,2209.21,545.0,4.0,
6125,30,F,Universitario,Sur,3351.47,6332.85,624.0,4.0,12054.71
6126,55,M,Primaria,Norte,830.49,,,6.0,1790.77
6127,35,F,Universitario,Norte,4810.13,9923.03,684.0,8.0,16357.63
6128,19,F,Secundaria,Norte,2060.15,2945.76,577.0,10.0,6751.45
6129,25,F,Tecnico,Norte,1024.49,2344.4,,12.0,2345.71
6130,28,M,Secundaria,Oriente,1446.56,3060.73,,8.0,5030.77
6131,50,M,Postgrado,Occidente,1773.83,2309.93,560.0,6.0,2443.02
6132,71,M,Universitario,Centro,4504.86,7669.01,670.0,7.0,15262.27
6133,55,F,Universitario,Oriente,2468.83,3142.63,541.0,,
6134,65,F,Secundaria,Norte,,2341.36,574.0,6.0,3649.27
6135,44,M,Universitario,Centro,2663.21,5309.35,623.0,10.0,8778.48
6136,37,M,Tecnico,Centro,1650.29,3825.91,445.0,7.0,3189.51
6137,29,F,Tecnico,Norte,1304.72,4120.45,550.0,4.0,3039.29
6138,60,F,Secundaria,Norte,1488.45,3312.26,572.0,7.0,5536.77
6139,48,F,Tecnico,Centro,,6095.0,634.0,7.0,10631.54
6140,44,M,Universitario,Centro,1876.91,4845.76,535.0,8.0,6139.28
6141,49,M,Secundaria,Centro,2849.39,6371.35,,4.0,8764.41
6142,27,M,Secundaria,Sur,1177.84,1673.75,623.0,7.0,3650.72
6143,20,M,Primaria,Centro,,2143.36,509.0,10.0,4682.24
6144,62,F,Secundaria,Occidente,3770.92,7343.22,653.0,4.0,13263.04
6145,44,M,Tecnico,Oriente,2331.32,3115.47,,8.0,7079.47
6146,52,M,Universitario,Occidente,2871.87,5481.62,584.0,5.0,9017.32
6147,48,F,Secundaria,Sur,2038.1,4019.58,645.0,6.0,5898.25
6148,32,M,Tecnico,Sur,2767.71,5569.47,588.0,8.0,7049.77
6149,33,F,Secundaria,Norte,1011.75,2520.64,438.0,9.0,500.0
6150,30,M,Secundaria,Oriente,,3029.29,552.0,10.0,5634.99
6151,66,F,Secundaria,Centro,1765.59,3529.23,637.0,9.0,3194.34
6152,52,M,Primaria,Norte,461.93,499.9,446.0,10.0,1413.88
6153,69,F,Tecnico,Norte,2121.0,4585.05,,7.0,5470.72
6154,28,M,Primaria,Centro,,1510.67,,12.0,1352.03
6155,38,M,Universitario,Centro,2506.42,5287.19,595.0,7.0,6604.09
6156,68,F,Primaria,Occidente,1965.89,2083.05,571.0,3.0,
6157,71,M,Postgrado,Centro,,3094.31,,3.0,5710.42
6158,28,M,Universitario,Occidente,2213.8,4240.72,638.0,6.0,6947.63
6159,47,F,Secundaria,Centro,1251.53,1249.83,493.0,7.0,5264.66
6160,65,F,Secundaria,Oriente,2622.2,5530.4,713.0,3.0,10875.37
6161,70,M,Secundaria,Sur,1236.73,3042.86,578.0,4.0,4710.63
6162,52,M,Universitario,Sur,2700.41,5229.61,720.0,5.0,10997.69
6163,39,M,Secundaria,Centro,,3317.3,521.0,9.0,7555.01
6164,55,M,Universitario,Sur,3467.15,5962.73,646.0,6.0,10652.66
6165,48,F,Primaria,,,2130.54,482.0,10.0,3494.63
6166,31,F,Primaria,Sur,1047.7,2375.09,,6.0,4551.25
6167,41,M,Secundaria,Sur,,4854.3,679.0,1.0,12431.13
6168,67,F,Primaria,Centro,,2588.55,556.0,10.0,2451.41
6169,66,F,Tecnico,Centro,2999.37,6586.47,609.0,7.0,6369.64
6170,49,F,Primaria,Norte,3073.48,5986.24,621.0,7.0,7233.24
6171,53,M,Universitario,Occidente,2380.27,,613.0,7.0,8645.26
6172,49,M,Universitario,Oriente,3539.16,,605.0,3.0,7840.33
6173,72,F,Secundaria,Norte,2441.97,4097.19,611.0,8.0,7500.02
6174,32,M,Secundaria,,,1083.66,485.0,9.0,1295.25
6175,60,M,Secundaria,Centro,1862.43,2383.51,638.0,7.0,2826.61
6176,75,M,Universitario,Centro,5031.34,9142.82,727.0,8.0,18601.66
6177,52,M,Secundaria,Oriente,,107.64,358.0,7.0,904.12
6178,20,F,Primaria,Oriente,,2587.78,501.0,5.0,500.0
6179,33,F,Secundaria,Oriente,1552.37,2531.39,596.0,7.0,3223.63
6180,22,M,Secundaria,Occidente,1378.74,3539.22,,7.0,3687.33
6181,38,M,Postgrado,Sur,2992.99,4592.18,637.0,5.0,7859.82
6182,27,F,Universitario,Sur,1413.75,2436.29,581.0,10.0,2774.89
6183,36,M,Secundaria,Oriente,1764.14,3263.97,,,7117.07
6184,42,M,Universitario,Sur,1717.09,2166.91,558.0,10.0,4210.52
6185,21,F,Universitario,Occidente,1664.74,3388.03,611.0,5.0,6424.59
6186,46,M,Primaria,Oriente,517.7,13.19,,12.0,2131.12
6187,36,F,Universitario,Norte,1250.27,2593.53,,10.0,
6188,60,F,Secundaria,Occidente,3022.6,6627.24,644.0,5.0,10875.32
6189,19,M,Tecnico,Sur,1780.64,3679.87,614.0,6.0,3681.7
6190,27,M,Tecnico,Norte,2438.17,4033.7,613.0,4.0,8792.69
6191,60,F,Postgrado,Oriente,2293.62,5061.27,606.0,12.0,8883.06
6192,42,M,Secundaria,Centro,,2984.83,430.0,7.0,500.0
6193,37,F,Universitario,Oriente,1769.43,3384.24,493.0,8.0,3326.79
6194,65,F,Secundaria,Occidente,663.01,668.66,475.0,9.0,
6195,36,M,Secundaria,Centro,1082.25,2009.55,504.0,7.0,
6196,40,M,Postgrado,Occidente,5520.18,8962.85,723.0,2.0,23179.89
6197,41,M,Universitario,Oriente,2292.76,5033.7,574.0,12.0,9959.49
6198,28,M,Secundaria,Sur,2801.61,5288.58,,2.0,6703.5
6199,63,F,Tecnico,Centro,2424.55,3942.53,595.0,,5967.2
6200,51,F,Primaria,Norte,,3971.54,516.0,5.0,5758.06
6201,72,F,Secundaria,Centro,,2167.86,526.0,9.0,6480.04
6202,45,M,Tecnico,Norte,968.54,1587.85,599.0,5.0,5277.14
6203,22,F,Tecnico,Sur,,1973.2,523.0,8.0,2413.48
6204,22,F,Secundaria,,2502.57,5950.48,622.0,8.0,7521.51
6205,68,F,Tecnico,Occidente,2052.12,2792.35,559.0,9.0,5823.64
6206,38,M,Secundaria,Norte,802.24,2065.35,431.0,9.0,500.0
6207,29,F,Primaria,Norte,1567.18,,,8.0,4105.76
6208,67,F,Secundaria,Oriente,781.22,2817.67,,10.0,500.0
6209,21,M,Universitario,Centro,,4365.51,639.0,10.0,9032.82
6210,71,F,Universitario,Occidente,2259.95,3353.08,594.0,6.0,8327.26
6211,66,M,Secundaria,Oriente,2143.8,4473.02,716.0,6.0,6958.65
6212,59,M,Primaria,Oriente,1102.03,1984.79,572.0,5.0,3095.59
6213,37,F,Tecnico,Norte,2471.65,5102.38,,3.0,12063.32
6214,55,M,Universitario,Norte,,3202.95,508.0,7.0,4594.88
6215,42,F,Secundaria,Centro,1744.64,,637.0,8.0,7390.89
6216,31,F,Secundaria,Norte,1202.52,2980.28,,5.0,927.37
6217,28,M,Postgrado,Oriente,3798.81,5282.48,697.0,5.0,12315.56
6218,49,M,Tecnico,Centro,1590.04,3154.64,537.0,8.0,5099.03
6219,28,F,Secundaria,Sur,,1600.55,508.0,6.0,2797.81
6220,35,F,Tecnico,Oriente,1694.45,4256.44,556.0,9.0,5126.11
6221,44,F,Secundaria,Centro,2630.07,2995.64,581.0,5.0,7354.11
6222,72,F,Secundaria,Sur,1211.6,1596.66,524.0,1.0,4989.44
6223,71,M,Universitario,Oriente,2777.93,3948.49,685.0,7.0,9390.26
6224,35,M,Secundaria,Centro,1093.28,2139.78,590.0,11.0,4211.01
6225,73,F,Secundaria,Norte,658.03,1386.88,,10.0,500.0
6226,40,M,Tecnico,Sur,1855.77,3370.53,566.0,6.0,5672.11
6227,28,M,Universitario,Sur,13453.9,24859.21,,4.0,49577.93
6228,38,F,Universitario,Sur,1305.45,3233.02,521.0,9.0,2857.83
6229,61,F,Primaria,Centro,1917.72,3743.03,688.0,5.0,3529.89
6230,22,F,Tecnico,Centro,595.24,5.56,379.0,12.0,1481.13
6231,40,M,Secundaria,Centro,1458.4,2180.63,544.0,10.0,
6232,58,F,Secundaria,Norte,827.36,2037.11,437.0,9.0,
6233,42,F,Tecnico,Sur,2188.27,4140.39,513.0,8.0,6745.48
6234,58,F,Secundaria,Sur,1207.67,1659.1,610.0,1.0,4497.32
6235,71,F,Postgrado,Sur,2679.03,5650.97,641.0,5.0,10645.18
6236,27,M,Tecnico,Centro,1049.94,2362.5,521.0,10.0,500.0
6237,39,F,Secundaria,Centro,567.21,1838.6,435.0,11.0,500.0
6238,36,F,Tecnico,Oriente,1559.18,3110.87,,5.0,5966.2
6239,18,M,Secundaria,Sur,1038.65,1298.99,535.0,10.0,2939.25
6240,24,M,Tecnico,Occidente,1440.13,3756.75,,9.0,3430.28
6241,21,F,Primaria,,986.83,2322.4,571.0,8.0,3399.09
6242,18,M,Secundaria,Sur,979.67,2190.79,548.0,13.0,2331.39
6243,32,M,Universitario,Oriente,2483.61,5193.64,637.0,4.0,8294.24
6244,57,M,Universitario,Occidente,2241.4,3826.12,572.0,8.0,10559.67
6245,29,M,Secundaria,Occidente,2120.51,4274.74,,11.0,4375.86
6246,39,M,Tecnico,Occidente,5223.75,9317.13,654.0,6.0,16815.41
6247,39,M,Tecnico,Occidente,1984.15,2982.09,588.0,7.0,8338.35
6248,67,F,Secundaria,Sur,2591.9,3590.63,673.0,5.0,8940.44
6249,64,F,Secundaria,Norte,1657.1,1369.79,589.0,8.0,4581.53
6250,34,F,Tecnico,Sur,2185.81,4241.92,580.0,7.0,5775.44
6251,46,M,Secundaria,Centro,1306.44,1759.68,,9.0,2380.15
6252,63,F,Universitario,Norte,2388.37,3897.81,672.0,7.0,8049.32
6253,31,F,Tecnico,Sur,1232.09,1601.9,493.0,4.0,1389.71
6254,67,F,Universitario,Oriente,4769.48,7366.81,638.0,8.0,18081.83
6255,37,M,Secundaria,Sur,2297.48,4989.17,,6.0,8607.58
6256,67,M,Universitario,Centro,2826.67,6710.47,630.0,5.0,6478.21
6257,65,F,Primaria,Sur,791.36,0.0,507.0,4.0,
6258,50,F,Universitario,Occidente,2253.28,,,3.0,7354.59
6259,72,F,Secundaria,Oriente,2457.12,3475.54,630.0,4.0,7051.87
6260,60,F,Secundaria,Sur,4672.56,9057.79,704.0,6.0,17022.97
6261,32,M,Primaria,Sur,1218.74,3323.68,508.0,7.0,1748.78
6262,29,F,Primaria,Occidente,2030.9,,558.0,5.0,6623.98
6263,57,M,Tecnico,Centro,2005.01,2872.7,,6.0,5856.64
6264,71,F,Tecnico,Norte,3381.08,5523.17,681.0,8.0,11324.99
6265,37,F,Tecnico,Centro,696.17,904.67,,5.0,500.0
6266,47,F,Secundaria,Centro,1028.92,2407.03,499.0,5.0,
6267,55,M,Secundaria,Centro,1772.64,3014.11,575.0,7.0,7291.46
6268,20,M,Universitario,Sur,1328.76,2944.85,497.0,6.0,719.37
6269,45,F,Universitario,Centro,2924.3,5273.71,605.0,9.0,7257.97
6270,73,F,Secundaria,Norte,1621.35,2865.33,575.0,,3982.02
6271,43,F,Tecnico,Norte,876.29,1674.82,501.0,8.0,2298.38
6272,47,F,Universitario,Occidente,1082.81,1919.07,529.0,7.0,2432.35
6273,30,M,Universitario,Sur,2723.82,3656.58,668.0,5.0,8180.41
6274,30,F,Primaria,Centro,699.68,498.45,,6.0,
6275,19,F,Universitario,Centro,1866.33,4679.0,557.0,11.0,5930.25
6276,54,F,Secundaria,Centro,2041.05,4055.02,699.0,9.0,5997.13
6277,66,M,Tecnico,Sur,1818.24,4714.65,653.0,6.0,6167.1
6278,55,F,Secundaria,Sur,1272.68,1581.78,493.0,11.0,1534.31
6279,19,M,Tecnico,Occidente,868.9,1560.53,484.0,14.0,500.0
6280,53,F,Tecnico,Sur,3614.12,6347.54,641.0,6.0,10795.63
6281,71,F,Secundaria,Occidente,2279.98,3268.16,584.0,7.0,6538.19
6282,43,M,Secundaria,Norte,1125.46,680.76,500.0,13.0,795.81
6283,28,M,Universitario,Occidente,1555.44,2008.18,599.0,10.0,5828.47
6284,25,F,Secundaria,Oriente,1126.59,2865.98,462.0,4.0,2450.1
6285,61,F,Primaria,Norte,801.85,1061.1,570.0,6.0,2915.69
6286,57,M,Primaria,Centro,,1695.05,535.0,6.0,2795.84
6287,60,M,Tecnico,Sur,3082.21,5540.53,601.0,7.0,10108.92
6288,39,F,Universitario,Norte,3763.86,6905.16,696.0,6.0,12245.13
6289,37,F,Universitario,Oriente,3743.28,6496.88,649.0,6.0,11987.22
6290,25,M,Secundaria,Oriente,809.1,1145.28,443.0,10.0,1614.96
6291,46,F,Secundaria,Centro,949.26,2026.85,532.0,9.0,3095.58
6292,57,M,Secundaria,Norte,2383.06,5593.01,620.0,5.0,9275.77
6293,43,M,Postgrado,Occidente,4052.94,6802.74,669.0,3.0,12009.98
6294,47,M,Secundaria,Centro,1246.57,1019.25,538.0,12.0,
6295,34,F,Secundaria,Norte,,3161.02,542.0,6.0,5863.12
6296,37,M,Tecnico,Centro,2238.29,3949.14,605.0,5.0,8760.17
6297,69,F,Universitario,Occidente,1269.14,811.4,610.0,7.0,2578.88
6298,72,M,Primaria,Oriente,460.42,,347.0,5.0,1492.19
6299,33,F,Secundaria,Centro,1465.78,3096.72,557.0,3.0,3250.78
6300,63,F,Tecnico,Centro,709.86,451.64,473.0,8.0,1886.23
6301,60,F,Tecnico,Centro,3053.75,5260.39,646.0,6.0,11041.33
6302,24,F,Primaria,Norte,1457.3,3164.82,436.0,7.0,2334.54
6303,33,F,Tecnico,Oriente,1499.3,,528.0,11.0,3627.97
6304,62,F,Tecnico,Norte,1075.26,2060.94,536.0,6.0,2608.92
6305,64,M,Universitario,Sur,1643.94,2875.7,630.0,6.0,5575.09
6306,73,M,Secundaria,Sur,407.88,806.84,388.0,5.0,1545.72
6307,65,F,Secundaria,Norte,2938.67,6552.9,599.0,3.0,9623.35
6308,44,M,Universitario,Occidente,2631.0,5195.65,651.0,5.0,8715.72
6309,70,M,Tecnico,Centro,1752.61,1526.39,608.0,7.0,6561.94
6310,40,F,Universitario,Norte,5462.94,9965.79,691.0,8.0,20066.94
6311,41,M,Universitario,Occidente,1564.41,4227.53,587.0,4.0,5500.71
6312,26,F,Primaria,Norte,1061.98,1950.62,461.0,5.0,1674.79
6313,52,M,Secundaria,Norte,1119.4,569.31,,4.0,3816.43
6314,68,F,Secundaria,Centro,4024.91,6427.67,698.0,2.0,15064.81
6315,37,F,Universitario,Norte,2087.84,3678.97,555.0,5.0,8941.06
6316,54,F,Secundaria,Occidente,,2371.67,569.0,11.0,5909.57
6317,59,M,Primaria,Norte,2573.72,5929.9,619.0,9.0,7076.46
6318,34,F,Secundaria,Norte,2406.51,3480.82,,9.0,9019.22
6319,64,F,Universitario,Oriente,1205.95,2133.78,500.0,13.0,3210.83
6320,48,F,Universitario,Centro,2108.93,3791.52,599.0,8.0,8085.27
6321,72,F,Universitario,Occidente,2464.65,5674.62,646.0,8.0,7265.91
6322,74,M,Secundaria,Centro,1715.25,3016.67,565.0,5.0,6772.36
6323,25,F,Tecnico,Norte,2006.01,4521.02,613.0,9.0,6873.64
6324,32,F,Secundaria,Norte,,1558.77,529.0,10.0,2872.87
6325,48,M,Secundaria,Centro,3020.82,5339.67,,9.0,8663.5
6326,70,F,Primaria,Centro,1548.6,2489.62,,4.0,4223.01
6327,47,F,Secundaria,Norte,2031.22,2263.54,,5.0,7862.09
6328,63,F,Tecnico,Sur,3479.2,7068.0,675.0,4.0,12536.92
6329,37,M,Universitario,Centro,2693.19,5423.52,600.0,8.0,
6330,56,F,Primaria,Centro,1123.22,2007.88,545.0,8.0,
6331,70,F,Universitario,Centro,2152.37,3500.27,,7.0,4717.48
6332,72,F,Secundaria,Sur,1436.73,1601.46,529.0,6.0,5113.73
6333,29,F,Secundaria,Centro,1360.02,2013.1,487.0,11.0,2774.35
6334,66,F,Secundaria,Norte,665.04,1169.65,439.0,5.0,1690.83
6335,34,F,Secundaria,Occidente,1117.15,2263.6,454.0,9.0,3628.03
6336,59,F,Secundaria,Centro,948.52,2081.22,561.0,8.0,2849.46
6337,47,M,Tecnico,Norte,,584.44,466.0,14.0,756.31
6338,46,M,Universitario,Centro,,3979.9,591.0,9.0,9243.75
6339,36,M,Universitario,Centro,2897.41,5157.3,645.0,13.0,11992.64
6340,63,M,Secundaria,Oriente,1060.93,1636.71,515.0,15.0,500.0
6341,28,M,Universitario,Norte,2058.72,4247.09,661.0,11.0,8480.83
6342,51,M,Tecnico,Centro,2364.63,,655.0,10.0,5181.04
6343,67,F,Postgrado,Centro,3025.45,5907.5,620.0,8.0,6315.32
6344,24,M,Secundaria,Occidente,,2499.16,494.0,8.0,4076.04
6345,61,M,Postgrado,Norte,3068.76,5029.07,694.0,2.0,9826.53
6346,75,M,Universitario,Sur,3353.38,6293.3,659.0,8.0,12281.11
6347,51,F,Universitario,Norte,2425.88,4840.01,557.0,8.0,
6348,37,M,Primaria,Sur,,326.38,,9.0,500.0
6349,67,M,Secundaria,Sur,,3848.74,529.0,11.0,2558.61
6350,55,M,Tecnico,Norte,,2246.64,562.0,9.0,1809.98
6351,41,F,Primaria,Centro,1567.88,3190.93,559.0,6.0,1956.9
6352,27,F,Secundaria,Centro,1879.23,3729.7,544.0,8.0,4655.59
6353,49,F,Postgrado,Centro,3338.69,6143.55,678.0,2.0,12629.65
6354,69,M,Secundaria,Centro,2411.12,3922.51,628.0,5.0,8032.9
6355,32,F,Secundaria,Centro,1478.58,2735.21,433.0,6.0,2058.17
6356,54,F,Secundaria,Norte,,3203.68,597.0,4.0,6508.63
6357,37,M,Primaria,Norte,,1883.49,444.0,,2785.48
6358,20,M,Secundaria,Sur,2462.96,,599.0,8.0,6685.42
6359,54,M,Tecnico,Centro,1983.38,3326.29,,7.0,8081.24
6360,74,F,Secundaria,Norte,1899.01,2683.86,501.0,8.0,6619.77
6361,57,M,Universitario,Sur,2548.1,4622.26,642.0,6.0,9298.13
6362,25,M,Primaria,Sur,1205.41,1581.22,459.0,3.0,
6363,57,M,Universitario,Occidente,2780.88,4116.27,622.0,5.0,7743.03
6364,61,F,Postgrado,Oriente,1359.72,1854.09,531.0,8.0,4957.6
6365,73,F,Primaria,Oriente,1542.03,1660.2,495.0,8.0,5218.36
6366,40,F,Universitario,Norte,1736.62,2097.3,607.0,7.0,5916.84
6367,57,F,Secundaria,Sur,1392.57,3675.21,529.0,6.0,3663.87
6368,28,F,Secundaria,Sur,1086.54,2799.77,490.0,9.0,500.0
6369,63,M,Secundaria,Oriente,,4063.02,,10.0,9162.99
6370,25,M,Secundaria,Centro,1015.66,961.74,,,5218.58
6371,46,F,Postgrado,Sur,2915.11,3745.46,604.0,5.0,7069.53
6372,47,F,Secundaria,Sur,1131.77,1811.34,468.0,8.0,3089.5
6373,73,F,Primaria,Centro,912.56,2162.09,565.0,9.0,5243.69
6374,27,M,Secundaria,Sur,1048.56,1790.97,496.0,9.0,3987.55
6375,56,M,Tecnico,Norte,1058.13,2658.03,477.0,7.0,4570.69
6376,45,M,Universitario,Sur,1874.97,3031.67,595.0,7.0,7994.98
6377,66,F,Tecnico,Sur,2057.36,3472.66,637.0,6.0,
6378,53,F,Secundaria,Norte,1017.64,2262.43,613.0,9.0,3419.16
6379,30,F,Secundaria,Oriente,1550.78,1720.99,550.0,6.0,4827.35
6380,49,F,Secundaria,Occidente,1931.48,3637.82,566.0,9.0,4335.58
6381,53,M,Primaria,Norte,1153.03,2198.13,425.0,2.0,584.37
6382,54,M,Secundaria,Norte,,1433.04,,10.0,5024.28
6383,43,M,Primaria,Sur,545.18,2052.27,406.0,9.0,500.0
6384,39,F,Universitario,Centro,3436.48,6736.89,664.0,3.0,11854.98
6385,21,M,Tecnico,Centro,3457.66,4956.86,658.0,5.0,11932.53
6386,48,F,Universitario,,4583.13,7944.47,745.0,5.0,12444.07
6387,35,F,Postgrado,Occidente,3729.59,6155.73,677.0,2.0,11249.23
6388,55,M,Postgrado,Centro,3894.17,6915.79,684.0,7.0,15252.48
6389,41,M,Primaria,Norte,1086.3,1165.02,514.0,4.0,1462.13
6390,73,M,Postgrado,Sur,3151.5,4827.75,647.0,11.0,9222.72
6391,40,F,Universitario,Sur,1724.05,2969.09,625.0,5.0,6228.57
6392,39,M,Universitario,Oriente,1631.32,3000.81,577.0,10.0,4446.64
6393,19,M,Primaria,Norte,493.66,230.47,442.0,10.0,
6394,48,F,Primaria,Sur,1664.85,2246.28,556.0,6.0,3301.24
6395,72,F,Postgrado,Centro,4481.35,6799.56,658.0,7.0,13934.44
6396,28,M,Secundaria,Sur,1230.67,2470.07,,10.0,3177.36
6397,45,F,Primaria,Norte,2126.15,3512.73,659.0,9.0,7532.77
6398,63,F,Secundaria,Occidente,4271.93,7212.08,768.0,7.0,16429.17
6399,49,F,Universitario,Sur,1245.94,2909.35,,13.0,
6400,22,M,Secundaria,Occidente,,1305.43,530.0,10.0,4934.74
6401,55,M,Universitario,Centro,2439.66,4811.57,651.0,5.0,3972.74
6402,27,F,Secundaria,Sur,3006.26,6548.36,620.0,8.0,10326.14
6403,57,M,Secundaria,Occidente,1223.12,528.13,463.0,11.0,1481.85
6404,63,F,Secundaria,Occidente,2521.01,2973.5,577.0,,11720.76
6405,41,F,Tecnico,Occidente,,3249.96,,6.0,8832.65
6406,52,F,Secundaria,Norte,,3664.42,718.0,3.0,9412.86
6407,61,M,Secundaria,Centro,,,585.0,3.0,3309.68
6408,65,M,Secundaria,Norte,1319.14,2159.07,515.0,4.0,2444.07
6409,40,M,Secundaria,Centro,1895.63,5037.11,525.0,10.0,8034.11
6410,34,F,Tecnico,Norte,2949.78,5010.4,622.0,5.0,
6411,18,M,Secundaria,Sur,1580.09,2609.69,543.0,5.0,2666.08
6412,72,M,Primaria,Oriente,541.24,2035.17,,3.0,
6413,48,M,Primaria,Sur,2072.01,1684.76,571.0,7.0,3709.94
6414,48,M,Secundaria,Oriente,2721.08,4985.43,609.0,4.0,8127.73
6415,59,M,Universitario,Norte,1938.67,3924.84,614.0,7.0,4832.12
6416,74,M,Secundaria,Oriente,2340.15,5104.49,606.0,12.0,
6417,72,F,Primaria,Norte,1587.14,,556.0,8.0,5513.8
6418,59,M,Secundaria,Centro,1038.74,2079.52,517.0,8.0,1653.54
6419,70,M,Tecnico,Centro,2834.8,6139.17,677.0,8.0,9338.2
6420,73,F,Tecnico,Occidente,1874.67,4468.62,598.0,8.0,6985.19
6421,51,F,Secundaria,Occidente,829.11,2012.2,500.0,11.0,1506.06
6422,26,M,Tecnico,Centro,2613.52,3894.93,683.0,5.0,10369.93
6423,39,M,Tecnico,Norte,4637.59,8469.11,683.0,5.0,15497.03
6424,30,F,Primaria,Sur,415.86,1405.53,428.0,9.0,500.0
6425,42,M,Primaria,Sur,1377.98,2258.09,505.0,7.0,3084.82
6426,65,M,Tecnico,Sur,2122.71,4379.78,604.0,7.0,6425.09
6427,35,M,Tecnico,Norte,1056.75,1847.62,,8.0,1369.62
6428,68,M,Postgrado,Oriente,5509.49,9462.54,729.0,13.0,20735.23
6429,29,F,Secundaria,Centro,894.8,1730.39,518.0,7.0,3528.49
6430,57,F,Universitario,Centro,2568.46,3528.2,593.0,7.0,5870.92
6431,34,F,Primaria,,843.88,1721.19,520.0,3.0,2637.34
6432,32,F,Universitario,Occidente,1483.81,2098.07,537.0,14.0,6138.45
6433,59,M,Tecnico,Norte,2200.12,4422.62,608.0,10.0,5664.59
6434,32,F,Tecnico,Oriente,1281.82,1398.33,,7.0,2079.61
6435,32,M,Primaria,Centro,2094.47,5302.36,533.0,13.0,5073.96
6436,72,M,Primaria,Centro,1284.44,1493.5,513.0,7.0,3405.18
6437,56,F,Tecnico,Occidente,2725.96,5592.09,661.0,6.0,7620.03
6438,30,F,Primaria,Norte,1679.15,2902.89,519.0,9.0,6128.64
6439,34,M,Primaria,Occidente,2018.02,4049.04,609.0,2.0,5725.03
6440,49,F,Secundaria,Occidente,,2989.26,,,
6441,26,M,Primaria,Sur,1100.92,1821.8,448.0,13.0,3209.91
6442,57,M,Tecnico,Norte,1243.72,2106.23,,8.0,
6443,37,M,Secundaria,Oriente,1582.61,2698.03,532.0,10.0,3800.88
6444,43,F,Secundaria,Occidente,1049.61,320.99,552.0,5.0,500.0
6445,44,F,Secundaria,Occidente,2512.3,5189.36,659.0,9.0,6492.56
6446,38,F,Universitario,Oriente,1577.47,2872.78,534.0,2.0,657.03
6447,35,M,Universitario,Centro,,3232.4,624.0,5.0,4293.45
6448,30,M,Secundaria,Sur,1872.78,3265.93,582.0,8.0,3463.58
6449,33,F,Tecnico,Centro,2220.3,3642.42,553.0,7.0,6856.31
6450,26,M,Secundaria,Centro,868.35,0.0,462.0,16.0,
6451,29,M,Secundaria,Sur,1116.26,,481.0,,2282.4
6452,61,F,Universitario,Oriente,2169.18,3898.6,,7.0,4241.7
6453,55,F,Secundaria,Sur,1427.3,1919.89,507.0,3.0,1918.98
6454,36,M,Secundaria,Oriente,1620.8,2958.5,544.0,10.0,3097.59
6455,24,M,Tecnico,Norte,2439.93,5070.45,625.0,7.0,8413.85
6456,74,M,Postgrado,Centro,3295.4,5455.38,658.0,4.0,11530.21
6457,52,F,Universitario,Centro,2554.28,3446.51,656.0,8.0,6699.75
6458,65,F,Universitario,Norte,1763.31,3213.88,587.0,,6542.2
6459,35,F,Secundaria,Centro,2909.2,5577.78,592.0,5.0,8922.29
6460,33,M,Secundaria,Occidente,1774.51,4567.5,589.0,13.0,6105.22
6461,72,M,Universitario,Sur,2237.53,3639.19,667.0,8.0,7348.63
6462,56,F,Secundaria,Centro,2681.93,4854.77,634.0,7.0,8951.06
6463,21,F,Tecnico,Centro,2039.85,4642.97,598.0,7.0,5341.85
6464,42,F,Secundaria,,1657.19,2295.37,523.0,9.0,5205.47
6465,49,M,Secundaria,Centro,1525.03,3190.06,524.0,5.0,4352.59
6466,57,F,Secundaria,,,4812.78,689.0,7.0,8896.73
6467,30,F,Universitario,Centro,4845.74,9216.76,747.0,3.0,18394.13
6468,62,F,Primaria,Centro,,3053.26,599.0,8.0,6275.64
6469,34,F,Universitario,Oriente,2398.52,3581.8,615.0,5.0,6107.91
6470,66,M,Universitario,Sur,4595.82,8068.18,727.0,9.0,15549.15
6471,54,M,Postgrado,Norte,3006.26,5401.14,606.0,7.0,9139.61
6472,23,M,Secundaria,Occidente,971.46,677.35,535.0,9.0,1262.19
6473,36,F,Secundaria,Norte,2135.46,4259.87,627.0,7.0,4426.54
6474,30,F,Postgrado,Norte,6164.95,11768.69,709.0,9.0,21593.09
6475,74,F,Secundaria,Oriente,,1872.54,565.0,6.0,2512.03
6476,43,M,Secundaria,Oriente,3157.82,6403.2,,3.0,10496.62
6477,31,F,Secundaria,Norte,,442.62,442.0,6.0,500.0
6478,48,F,Primaria,Sur,1165.57,1514.97,508.0,6.0,2420.86
6479,71,M,Secundaria,Norte,,1967.32,542.0,8.0,4111.47
6480,21,F,Tecnico,Occidente,1165.85,2176.01,521.0,10.0,4213.23
6481,56,M,Tecnico,Sur,1824.78,4367.97,578.0,6.0,5432.46
6482,25,M,Primaria,Norte,2519.7,5042.55,649.0,7.0,9773.5
6483,42,M,Universitario,Norte,4345.01,8042.19,738.0,5.0,18189.27
6484,30,F,Secundaria,Sur,2745.84,4405.66,598.0,9.0,10242.02
6485,49,F,Tecnico,Sur,2230.63,3615.7,675.0,4.0,6915.58
6486,55,M,Postgrado,Oriente,2976.1,4588.11,687.0,6.0,8545.84
6487,55,F,Secundaria,Occidente,1790.18,2839.56,630.0,2.0,5433.76
6488,73,F,Universitario,Centro,1347.61,3806.12,664.0,7.0,
6489,45,F,Tecnico,Oriente,3631.5,6447.17,703.0,2.0,15430.09
6490,70,M,Tecnico,Sur,851.73,1678.8,,13.0,
6491,47,M,Secundaria,Centro,1431.01,2223.54,512.0,16.0,2450.14
6492,20,F,Secundaria,Sur,1435.54,1834.95,485.0,10.0,4510.33
6493,45,M,Tecnico,Norte,2652.5,4892.47,686.0,4.0,5439.7
6494,20,M,Secundaria,Centro,1749.78,3269.09,619.0,5.0,7173.88
6495,62,F,Secundaria,Oriente,1958.83,4454.38,664.0,5.0,5975.13
6496,71,M,Universitario,Sur,881.84,1195.67,521.0,10.0,500.0
6497,51,F,Secundaria,Occidente,1416.72,2198.37,613.0,4.0,6076.78
6498,33,M,Universitario,Norte,1773.75,,507.0,13.0,3829.69
6499,39,F,Secundaria,Centro,1595.79,3048.76,556.0,7.0,5155.69
6500,49,M,Tecnico,Centro,1720.8,3954.73,534.0,12.0,6918.74
6501,55,M,Postgrado,Centro,3741.74,7561.88,610.0,6.0,12494.41
6502,25,M,Postgrado,Occidente,1866.02,,647.0,4.0,7359.79
6503,72,F,Secundaria,Centro,1664.3,1981.98,525.0,10.0,6593.03
6504,25,F,Universitario,Sur,5100.81,9447.12,695.0,7.0,19615.06
6505,74,M,Secundaria,Sur,4159.51,7845.29,713.0,4.0,16236.63
6506,23,M,Primaria,Oriente,2122.22,2639.06,559.0,10.0,3191.38
6507,31,F,Tecnico,Sur,773.5,2159.96,388.0,11.0,4337.68
6508,49,M,Postgrado,Sur,2938.69,3456.54,649.0,4.0,9397.2
6509,52,F,Postgrado,Oriente,2689.81,4647.93,611.0,8.0,8390.94
6510,27,M,Primaria,Norte,1248.47,926.5,596.0,6.0,3166.43
6511,20,F,Universitario,Occidente,4173.34,9927.19,690.0,,12054.0
6512,29,F,Universitario,Oriente,,4033.92,628.0,,8809.29
6513,66,F,Secundaria,Centro,1039.5,2630.99,388.0,7.0,3175.43
6514,48,F,Tecnico,Oriente,3073.76,5554.07,668.0,,9015.12
6515,46,M,Secundaria,Oriente,1788.28,2652.92,571.0,7.0,5885.9
6516,22,M,Secundaria,Occidente,2040.59,4558.8,645.0,7.0,
6517,69,F,Universitario,Norte,3985.8,7147.74,659.0,6.0,13708.95
6518,42,F,Secundaria,Oriente,1288.62,1373.34,550.0,6.0,3471.97
6519,58,F,Secundaria,Norte,909.98,1131.56,447.0,6.0,500.0
6520,48,F,Secundaria,Norte,1674.65,2211.51,,10.0,6342.42
6521,38,M,Tecnico,Oriente,1530.95,2684.28,530.0,3.0,6524.82
6522,75,M,Secundaria,Oriente,1652.42,2749.63,558.0,10.0,1184.16
6523,37,M,Secundaria,Sur,2811.92,4895.71,591.0,7.0,7908.84
6524,56,M,Tecnico,Sur,2024.89,4025.94,585.0,5.0,5037.41
6525,39,M,Primaria,Oriente,,7063.55,645.0,3.0,11087.36
6526,21,F,Universitario,,2628.5,4790.4,656.0,7.0,10753.9
6527,30,M,Secundaria,Centro,1288.51,1667.44,445.0,7.0,2909.37
6528,62,M,Secundaria,,884.81,3404.94,489.0,6.0,
6529,59,M,Primaria,Oriente,1372.75,3652.52,,14.0,4246.44
6530,67,M,Primaria,Centro,834.31,1942.12,540.0,6.0,2132.17
6531,66,M,Universitario,Norte,3198.14,5866.49,707.0,6.0,10646.67
6532,37,F,Secundaria,Sur,1412.36,2858.45,535.0,7.0,
6533,69,M,Universitario,Sur,2368.69,,586.0,7.0,9077.85
6534,30,F,Primaria,Centro,1218.19,915.11,515.0,8.0,
6535,34,F,Tecnico,Occidente,1968.88,4243.15,534.0,11.0,7883.23
6536,71,F,Universitario,Centro,,5655.43,696.0,3.0,9293.91
6537,53,M,Secundaria,Norte,4011.25,5774.68,641.0,6.0,14187.72
6538,50,M,Tecnico,Centro,,1625.53,560.0,7.0,4201.48
6539,18,M,Postgrado,Norte,4987.83,8446.47,671.0,5.0,16535.64
6540,32,M,Tecnico,Sur,3106.79,4842.17,,5.0,9236.85
6541,30,F,Primaria,Centro,712.28,1525.55,,6.0,4923.94
6542,34,F,Secundaria,Oriente,1515.35,,578.0,9.0,1715.31
6543,41,F,Primaria,Oriente,1406.83,1717.05,585.0,8.0,3638.34
6544,75,M,Universitario,Centro,2762.99,,628.0,,8291.81
6545,25,F,Tecnico,Norte,1847.54,2385.43,584.0,11.0,3909.59
6546,67,M,Postgrado,Centro,4591.1,7901.08,780.0,9.0,17510.79
6547,44,F,Primaria,Sur,,2115.45,415.0,12.0,500.0
6548,62,F,Secundaria,Norte,1492.58,2740.08,578.0,15.0,4233.2
6549,40,M,Primaria,Oriente,989.98,3325.11,526.0,9.0,3768.5
6550,63,M,Secundaria,Centro,1130.93,2669.58,474.0,5.0,
6551,25,F,Primaria,Occidente,1723.77,,506.0,2.0,1095.54
6552,25,M,Secundaria,Sur,2308.28,4263.16,606.0,9.0,7340.89
6553,43,M,Universitario,Oriente,4013.56,6804.45,,6.0,15434.19
6554,64,M,Primaria,Sur,1837.83,2432.7,545.0,10.0,5361.59
6555,30,M,Secundaria,Sur,855.12,1293.23,393.0,3.0,2844.78
6556,56,F,Universitario,Sur,2635.12,5376.01,618.0,4.0,7769.8
6557,54,F,Postgrado,Oriente,5569.44,9563.59,713.0,4.0,21565.34
6558,66,F,Secundaria,Sur,506.05,720.7,450.0,10.0,2571.25
6559,45,M,Universitario,Oriente,5020.98,8564.97,701.0,6.0,18234.73
6560,42,F,Secundaria,Norte,853.63,2617.65,,10.0,3324.07
6561,33,F,Secundaria,Centro,987.93,1634.54,478.0,10.0,2516.67
6562,72,M,Universitario,Centro,3590.86,6207.28,633.0,8.0,14338.75
6563,19,M,Universitario,Oriente,5511.54,9683.44,734.0,11.0,19352.95
6564,71,F,Universitario,Norte,1667.69,3263.82,634.0,11.0,6018.75
6565,35,M,Universitario,Oriente,1663.25,3063.68,562.0,10.0,5311.46
6566,34,M,Secundaria,Centro,2598.82,5447.91,611.0,6.0,7921.68
6567,47,M,Tecnico,Norte,1958.69,3219.01,599.0,7.0,5585.0
6568,56,M,Secundaria,Centro,1379.51,3902.14,595.0,9.0,6614.22
6569,30,M,Secundaria,Centro,,2319.69,457.0,9.0,1999.43
6570,49,M,Primaria,Sur,,5953.75,622.0,10.0,
6571,67,F,Secundaria,Centro,2227.19,4384.75,580.0,8.0,
6572,46,M,Universitario,Centro,2840.25,,641.0,4.0,11179.74
6573,63,F,Universitario,Occidente,3246.74,5855.63,676.0,2.0,12736.08
6574,47,M,Tecnico,Centro,2193.12,3243.4,617.0,4.0,7406.58
6575,35,F,Secundaria,Centro,,4557.09,,8.0,5086.51
6576,30,F,Tecnico,Oriente,1319.57,2502.73,531.0,8.0,2695.71
6577,60,F,Tecnico,Norte,,3278.1,563.0,11.0,4258.3
6578,38,F,Postgrado,Centro,3247.02,4324.09,655.0,8.0,8018.33
6579,47,F,Secundaria,Centro,999.04,2251.14,404.0,19.0,3166.25
6580,38,F,Secundaria,Centro,908.47,,450.0,12.0,500.0
6581,65,M,Universitario,Norte,4706.36,,711.0,,14452.11
6582,72,M,Universitario,Norte,3499.36,6810.63,617.0,6.0,10873.45
6583,34,F,Secundaria,,3274.55,5709.74,602.0,,7228.74
6584,57,M,Primaria,Norte,1551.57,1464.0,552.0,9.0,1426.71
6585,36,F,Universitario,Centro,2740.48,4159.33,681.0,9.0,13897.17
6586,69,F,Tecnico,Norte,1730.96,,579.0,1.0,5323.06
6587,32,M,Universitario,Centro,3705.97,5991.23,607.0,10.0,9860.79
6588,26,F,Secundaria,Norte,819.78,1905.0,469.0,3.0,2210.83
6589,69,M,Secundaria,Sur,1813.22,3734.11,615.0,7.0,
6590,27,M,Primaria,Occidente,,3642.3,584.0,9.0,3320.34
6591,61,M,Tecnico,Oriente,1799.07,3032.89,558.0,9.0,7443.14
6592,48,M,Primaria,Oriente,1481.82,4769.93,542.0,9.0,3345.63
6593,70,F,Secundaria,,3231.34,3851.76,672.0,7.0,8615.1
6594,40,F,Secundaria,Sur,1348.21,1620.73,558.0,6.0,3204.99
6595,69,M,Secundaria,Norte,1909.67,3639.94,584.0,8.0,4309.55
6596,47,F,Secundaria,Centro,2402.35,3788.18,575.0,7.0,8782.35
6597,50,F,Primaria,Centro,1056.88,,501.0,6.0,4335.63
6598,74,M,Postgrado,Norte,2160.4,3923.91,596.0,11.0,6225.39
6599,69,M,Primaria,Occidente,,2925.0,591.0,12.0,4739.35
6600,26,F,Secundaria,Occidente,1531.34,1652.99,606.0,7.0,6227.41
6601,71,F,Secundaria,Norte,1568.03,3484.57,612.0,5.0,5341.97
6602,64,M,Universitario,Sur,2704.94,5536.27,631.0,7.0,7871.99
6603,18,M,Secundaria,Centro,840.14,2774.36,474.0,15.0,500.0
6604,61,F,Primaria,Sur,1113.32,496.84,464.0,10.0,
6605,52,F,Primaria,Sur,1688.9,,594.0,2.0,4056.03
6606,28,M,Universitario,Norte,2332.52,3507.94,615.0,7.0,8316.47
6607,51,F,Tecnico,Sur,1453.32,2517.94,569.0,6.0,3586.19
6608,33,M,Secundaria,Sur,1057.08,1381.26,,11.0,3248.36
6609,26,F,Primaria,Sur,1314.24,1599.58,531.0,10.0,5233.53
6610,49,M,Secundaria,Centro,2222.14,4497.23,583.0,6.0,3518.45
6611,32,M,Tecnico,Occidente,,6386.9,672.0,0.0,9165.53
6612,29,M,Tecnico,Oriente,1366.53,4038.0,551.0,5.0,2238.06
6613,50,F,Primaria,Sur,2534.2,5390.11,672.0,5.0,8933.67
6614,62,F,Tecnico,Norte,1970.7,2655.3,551.0,14.0,6657.43
6615,31,F,Secundaria,Centro,702.1,,446.0,6.0,1719.3
6616,74,F,Tecnico,Oriente,2020.13,3592.7,592.0,7.0,4451.09
6617,74,M,Tecnico,Norte,1219.27,2620.83,545.0,6.0,3447.21
6618,25,F,Universitario,Centro,2790.53,,639.0,8.0,11180.43
6619,25,M,Secundaria,Norte,1644.11,2588.38,561.0,1.0,6510.42
6620,44,F,Tecnico,Centro,911.2,2640.94,427.0,16.0,2037.83
6621,29,M,Secundaria,Norte,2793.13,6910.32,590.0,8.0,7775.13
6622,18,M,Secundaria,Norte,1069.69,2211.99,,7.0,
6623,60,M,Primaria,Centro,548.55,534.87,447.0,6.0,2528.96
6624,57,F,Secundaria,Occidente,2750.15,5809.9,696.0,4.0,8103.66
6625,59,F,Primaria,Centro,,3830.77,575.0,9.0,5946.89
6626,68,F,Postgrado,,3093.82,6125.28,700.0,5.0,9960.37
6627,28,M,Tecnico,Oriente,1790.07,3219.32,555.0,3.0,5988.93
6628,56,F,Primaria,Centro,1170.92,,463.0,10.0,
6629,60,M,Primaria,Norte,608.99,326.8,462.0,9.0,
6630,48,F,Secundaria,Norte,809.53,1405.33,472.0,11.0,3464.85
6631,34,F,Secundaria,Oriente,2267.73,,588.0,4.0,8729.78
6632,50,M,Secundaria,Sur,,3287.39,517.0,,4740.92
6633,49,M,Secundaria,Norte,2297.47,4157.31,529.0,4.0,6622.37
6634,75,M,Universitario,Sur,4404.63,8103.95,747.0,3.0,20005.22
6635,46,M,Tecnico,Occidente,409.55,9.33,378.0,16.0,500.0
6636,38,M,Tecnico,Norte,1487.48,1762.39,579.0,4.0,2471.84
6637,38,M,Universitario,Sur,1416.86,2121.92,,5.0,4457.96
6638,57,M,Primaria,Centro,1167.15,1953.6,506.0,5.0,2387.48
6639,40,F,Secundaria,Sur,649.53,2109.04,,20.0,500.0
6640,73,F,Secundaria,Sur,2084.06,3961.34,624.0,7.0,4300.2
6641,23,M,Tecnico,Oriente,2333.63,5415.02,648.0,7.0,7282.7
6642,39,M,Secundaria,Sur,4151.23,7901.67,685.0,6.0,16619.97
6643,67,M,Primaria,Sur,1204.49,2860.48,543.0,6.0,3433.35
6644,55,M,Universitario,Centro,3340.91,6519.41,690.0,9.0,11948.99
6645,54,F,Secundaria,Norte,2377.81,5551.26,556.0,6.0,7052.75
6646,62,F,Universitario,Sur,5410.48,,707.0,4.0,19216.2
6647,68,F,Universitario,Norte,1517.49,2805.8,499.0,8.0,4032.54
6648,71,M,Secundaria,Centro,2374.13,3423.71,616.0,4.0,5773.66
6649,25,F,Universitario,Norte,2775.8,5710.66,612.0,6.0,8829.47
6650,58,M,Tecnico,Centro,897.5,1223.61,546.0,8.0,2852.35
6651,66,F,Universitario,Centro,3104.14,6170.33,733.0,10.0,9161.55
6652,52,F,Secundaria,Oriente,2136.97,4000.48,618.0,4.0,7028.43
6653,68,F,Universitario,Centro,1181.91,1208.64,591.0,9.0,2336.07
6654,28,F,Primaria,Sur,1128.3,2108.33,514.0,10.0,730.14
6655,41,M,Universitario,Centro,2483.08,4127.08,591.0,9.0,9446.2
6656,66,F,Secundaria,Oriente,1606.23,1747.92,597.0,13.0,3664.15
6657,38,M,Primaria,Centro,1578.23,3109.25,,8.0,2479.0
6658,68,M,Primaria,,963.85,3105.55,,6.0,2216.13
6659,19,M,Secundaria,Norte,875.56,796.02,495.0,7.0,1019.01
6660,57,F,Secundaria,Sur,1924.51,1321.99,570.0,10.0,7128.21
6661,36,F,Secundaria,Norte,,7047.43,724.0,8.0,12272.64
6662,56,F,Secundaria,Oriente,3027.22,4161.97,562.0,6.0,8766.94
6663,45,F,Secundaria,Centro,4426.76,9381.5,645.0,7.0,
6664,34,M,Secundaria,Centro,1250.48,3307.26,530.0,6.0,4083.29
6665,23,F,Secundaria,Centro,1339.66,2478.01,541.0,4.0,1493.27
6666,36,F,Universitario,Oriente,901.03,1108.42,478.0,7.0,
6667,73,M,Tecnico,Norte,1448.88,,553.0,8.0,5940.41
6668,55,M,Primaria,Sur,604.81,1218.83,,6.0,500.0
6669,45,F,Secundaria,,1292.64,3800.75,560.0,4.0,3233.52
6670,19,F,Universitario,Norte,4231.57,8048.47,685.0,10.0,15524.75
6671,55,F,Primaria,Occidente,1988.73,4998.13,,5.0,5038.55
6672,72,F,Secundaria,Norte,1370.71,3111.82,574.0,8.0,5057.94
6673,54,F,Secundaria,Oriente,1186.25,3195.15,547.0,,4752.58
6674,68,F,Postgrado,Occidente,2408.57,4627.07,590.0,9.0,3861.9
6675,69,F,Secundaria,Occidente,2330.87,4150.62,629.0,6.0,6883.94
6676,21,F,Universitario,Centro,1999.13,3264.25,584.0,8.0,7045.35
6677,39,M,Secundaria,Occidente,1680.32,2295.83,591.0,5.0,5559.1
6678,43,F,Universitario,Norte,3252.04,5763.35,699.0,2.0,12807.9
6679,66,F,Secundaria,Centro,2195.0,3149.51,599.0,9.0,7638.38
6680,60,F,Secundaria,Centro,443.85,472.33,440.0,11.0,2107.58
6681,53,M,Secundaria,Centro,,3739.59,598.0,12.0,5638.44
6682,75,M,Universitario,Oriente,2674.87,5237.96,589.0,10.0,10463.5
6683,30,M,Primaria,Norte,520.86,2033.89,389.0,15.0,1590.29
6684,69,F,Secundaria,Occidente,2943.92,5502.28,619.0,4.0,10394.88
6685,75,F,Tecnico,Sur,2097.06,4162.78,649.0,10.0,5859.18
6686,49,M,Tecnico,Occidente,909.76,1469.26,439.0,9.0,2138.23
6687,34,M,Secundaria,Oriente,1136.72,,449.0,8.0,1602.45
6688,58,M,Secundaria,Oriente,,2596.75,582.0,5.0,2476.27
6689,53,M,Secundaria,Norte,4969.8,10627.77,716.0,5.0,16817.55
6690,72,M,Secundaria,Sur,1072.86,2269.77,503.0,12.0,5270.11
6691,63,M,Universitario,Centro,1834.44,2349.03,509.0,10.0,4139.63
6692,36,M,Primaria,Norte,1286.68,2502.21,454.0,6.0,500.0
6693,75,M,Universitario,Centro,6703.86,11389.11,,10.0,21476.4
6694,52,M,Secundaria,Sur,1378.93,1961.8,507.0,5.0,3464.96
6695,63,F,Secundaria,Centro,1278.52,2342.78,627.0,4.0,2346.11
6696,57,M,Secundaria,Centro,1675.78,3372.5,579.0,6.0,3227.88
6697,73,M,Tecnico,Centro,1647.66,3272.07,589.0,8.0,1603.0
6698,45,M,Primaria,Norte,,1324.3,499.0,10.0,4774.47
6699,18,M,Tecnico,Sur,2646.02,3534.98,567.0,8.0,7377.14
6700,59,M,Universitario,Sur,1984.63,3468.81,,4.0,5026.24
6701,35,M,Primaria,Occidente,1011.17,1768.37,541.0,7.0,5247.16
6702,65,F,Primaria,Centro,1968.86,3473.19,611.0,7.0,4819.94
6703,57,F,Secundaria,Centro,,1632.85,379.0,7.0,1706.28
6704,50,F,Universitario,Centro,2086.91,3415.51,667.0,3.0,6178.65
6705,29,F,Secundaria,Occidente,691.56,1976.04,445.0,13.0,2423.61
6706,25,M,Universitario,Centro,1854.41,3875.46,543.0,6.0,3938.55
6707,41,F,Tecnico,Centro,1535.22,3421.65,542.0,,751.8
6708,33,M,Universitario,Centro,2029.94,4827.48,571.0,9.0,4670.28
6709,67,F,Tecnico,Norte,1585.64,3234.08,,10.0,7432.65
6710,21,M,Secundaria,Norte,1632.67,2981.74,578.0,10.0,5157.33
6711,55,F,Universitario,Oriente,1489.47,2600.92,520.0,4.0,5183.56
6712,61,M,Tecnico,Sur,2227.33,4571.77,575.0,,4481.11
6713,44,M,Secundaria,Centro,,2221.53,526.0,6.0,4648.33
6714,26,F,Tecnico,Centro,2453.67,2952.21,627.0,9.0,6752.1
6715,64,M,Tecnico,Centro,1827.4,2813.77,612.0,7.0,6087.5
6716,33,F,Secundaria,Oriente,,3214.93,535.0,5.0,3982.06
6717,73,F,Secundaria,Oriente,883.21,103.0,496.0,14.0,773.89
6718,29,M,Secundaria,Occidente,1671.27,3283.28,490.0,5.0,3037.63
6719,48,M,Postgrado,Norte,3064.44,5954.35,698.0,12.0,9118.02
6720,41,M,Tecnico,Sur,3471.91,6180.13,702.0,4.0,9347.56
6721,72,F,Primaria,Occidente,2541.68,4036.1,642.0,4.0,8617.77
6722,31,M,Secundaria,Sur,1179.87,1275.68,506.0,6.0,2345.84
6723,62,F,Primaria,Centro,432.07,929.44,,,508.03
6724,42,F,Secundaria,Sur,2236.89,3777.96,636.0,7.0,8468.45
6725,51,M,Secundaria,Sur,1202.36,3398.41,450.0,8.0,4078.32
6726,20,F,Tecnico,Centro,1471.95,3032.18,,,4185.44
6727,75,F,Postgrado,Norte,6021.15,10522.27,756.0,5.0,22626.4
6728,41,M,Postgrado,Sur,3853.31,7174.01,587.0,8.0,8895.03
6729,71,M,Primaria,Oriente,1859.31,2805.36,664.0,13.0,6978.52
6730,59,F,Tecnico,Occidente,3004.02,5260.13,743.0,3.0,12659.75
6731,26,M,Universitario,Centro,2156.21,2456.88,680.0,6.0,6995.46
6732,43,M,Secundaria,Oriente,,3396.61,,10.0,6892.43
6733,37,M,Universitario,Norte,2493.54,4924.33,692.0,9.0,9969.57
6734,57,F,Universitario,Occidente,3152.04,5538.87,644.0,3.0,9183.96
6735,27,F,Tecnico,Norte,1874.79,4088.84,669.0,10.0,7169.5
6736,36,F,Secundaria,Centro,2736.24,5937.99,637.0,6.0,6708.02
6737,20,M,Universitario,Norte,1290.78,2897.68,442.0,6.0,1590.61
6738,41,F,Universitario,Sur,1971.76,5141.57,558.0,6.0,
6739,22,F,Tecnico,Centro,1662.26,3820.22,574.0,13.0,4331.12
6740,20,M,Secundaria,Oriente,,2757.04,552.0,5.0,4401.84
6741,75,M,Universitario,Centro,1436.24,2422.84,507.0,8.0,5886.07
6742,44,F,Secundaria,Centro,1078.37,1614.7,559.0,5.0,2173.18
6743,33,F,Secundaria,,1499.1,2131.15,592.0,5.0,7208.53
6744,66,F,Secundaria,Norte,,2480.79,504.0,9.0,3517.16
6745,32,F,Postgrado,Norte,1496.12,2400.88,,10.0,521.03
6746,52,F,Universitario,Sur,2078.4,2668.04,625.0,8.0,7590.55
6747,29,M,Universitario,Centro,1355.43,3078.21,513.0,9.0,3142.5
6748,58,F,Secundaria,Norte,2029.22,3187.42,573.0,7.0,3149.14
6749,70,F,Secundaria,Sur,1808.48,2049.23,539.0,6.0,4494.87
6750,61,F,Universitario,Norte,3736.95,7619.71,731.0,8.0,10994.21
6751,43,M,Tecnico,Sur,1982.22,4489.97,527.0,3.0,3628.48
6752,64,F,Universitario,Occidente,1545.73,1867.75,530.0,5.0,3492.61
6753,51,F,Secundaria,Centro,370.83,238.47,,12.0,500.0
6754,40,M,Universitario,Oriente,4001.15,6558.23,661.0,1.0,14194.84
6755,48,M,Universitario,Oriente,2005.74,3096.24,506.0,10.0,5180.62
6756,67,F,Secundaria,Centro,576.81,0.0,420.0,8.0,1821.24
6757,37,M,Primaria,Sur,2407.19,3998.14,631.0,8.0,8411.94
6758,29,F,Secundaria,Centro,1896.33,3111.13,590.0,8.0,
6759,40,F,Universitario,Centro,4812.11,9925.62,599.0,5.0,11800.72
6760,21,M,Tecnico,Oriente,,3879.5,628.0,2.0,6881.92
6761,40,F,Universitario,Oriente,3226.19,5374.79,675.0,10.0,11349.01
6762,65,F,Secundaria,Occidente,1248.18,2423.79,462.0,11.0,2236.56
6763,72,M,Tecnico,Sur,2627.86,3650.24,624.0,5.0,8301.41
6764,65,M,Tecnico,Centro,4499.81,8160.8,647.0,11.0,14234.86
6765,18,F,Primaria,Oriente,,2461.18,601.0,8.0,4848.15
6766,71,M,Postgrado,Sur,2973.98,5454.87,704.0,5.0,11608.53
6767,42,M,Secundaria,Sur,832.39,1867.39,503.0,5.0,2393.12
6768,19,M,Secundaria,Oriente,2398.45,3875.59,674.0,6.0,5537.43
6769,47,M,Secundaria,Occidente,1556.31,3019.03,575.0,2.0,4963.86
6770,20,M,Primaria,,1202.81,1611.94,517.0,12.0,4070.7
6771,75,F,Tecnico,Centro,787.26,572.49,502.0,3.0,
6772,38,F,Secundaria,Sur,591.53,1797.3,400.0,7.0,3909.73
6773,42,M,Universitario,Sur,2495.75,5314.83,576.0,9.0,7293.85
6774,37,M,Secundaria,,991.63,1950.36,,10.0,500.0
6775,66,F,Secundaria,Centro,1727.4,3734.14,559.0,7.0,4594.68
6776,69,M,Tecnico,Centro,2913.56,4007.66,617.0,4.0,6942.09
6777,39,F,Universitario,Norte,1849.76,3986.93,,6.0,6325.62
6778,38,F,Secundaria,Sur,,4119.1,532.0,4.0,5305.66
6779,50,F,Postgrado,Norte,3182.4,6211.36,593.0,4.0,9898.42
6780,69,M,Tecnico,Sur,7162.03,12789.52,688.0,3.0,23735.02
6781,55,M,Primaria,Occidente,971.19,680.98,,8.0,2971.24
6782,32,M,Secundaria,Centro,1074.85,2369.56,568.0,4.0,4245.91
6783,75,M,Secundaria,Norte,1302.73,2789.7,458.0,6.0,1902.78
6784,75,M,Universitario,Norte,4319.71,8648.99,720.0,3.0,16344.69
6785,63,F,Secundaria,Centro,1250.8,1992.48,582.0,7.0,2718.76
6786,69,F,Secundaria,Norte,2205.93,3514.89,574.0,9.0,7200.55
6787,32,F,Primaria,Centro,1195.95,1544.11,478.0,9.0,
6788,63,F,Secundaria,Sur,1607.6,2153.57,644.0,5.0,
6789,42,M,Tecnico,Centro,3701.26,7056.14,721.0,2.0,10711.14
6790,38,F,Tecnico,Oriente,,1398.96,,12.0,1171.35
6791,41,M,Primaria,Occidente,1272.34,2664.14,544.0,7.0,5800.8
6792,74,M,Primaria,Norte,1747.17,3267.39,580.0,7.0,5290.18
6793,75,F,Secundaria,Oriente,1908.53,3103.7,630.0,5.0,4288.66
6794,22,F,Universitario,Norte,,1447.81,511.0,7.0,1469.41
6795,23,F,Universitario,Centro,,3551.25,506.0,10.0,3312.39
6796,66,M,Primaria,Sur,1425.42,2745.74,524.0,8.0,5140.28
6797,60,M,Secundaria,Centro,543.4,1925.86,485.0,6.0,2911.17
6798,65,M,Secundaria,Norte,1236.41,2605.36,540.0,13.0,2135.97
6799,61,M,Universitario,Centro,1432.36,2285.9,552.0,14.0,4876.05
6800,64,M,Secundaria,Occidente,1708.01,2744.32,,12.0,7115.55
6801,40,F,Secundaria,Norte,,1866.37,562.0,7.0,2966.5
6802,21,F,Secundaria,Oriente,1706.44,4088.24,512.0,5.0,3601.4
6803,44,M,Secundaria,Oriente,1020.05,2958.3,482.0,12.0,1680.14
6804,35,F,Tecnico,Norte,2001.73,3357.23,538.0,9.0,8119.56
6805,38,M,Primaria,Centro,,2677.36,482.0,9.0,1423.76
6806,45,F,Secundaria,Norte,,1564.83,561.0,6.0,2947.2
6807,52,M,Tecnico,Norte,3006.19,4222.7,763.0,3.0,11860.36
6808,39,F,Secundaria,Norte,2043.93,3223.05,552.0,6.0,5163.75
6809,57,F,Tecnico,Norte,1391.7,,521.0,4.0,4060.28
6810,40,F,Secundaria,Norte,,2698.05,,12.0,2899.59
6811,20,M,Universitario,Norte,3489.3,6278.32,546.0,8.0,10421.75
6812,57,F,Primaria,Sur,598.55,530.79,541.0,10.0,2383.79
6813,67,M,Universitario,Centro,1408.61,1634.07,498.0,7.0,5769.66
6814,27,M,Primaria,Occidente,,2350.58,529.0,6.0,2444.65
6815,42,M,Primaria,Norte,2717.66,4695.6,,1.0,7830.27
6816,69,F,Universitario,Sur,1927.2,3269.23,594.0,8.0,3863.53
6817,66,F,Universitario,Occidente,2017.83,2694.47,600.0,4.0,5838.11
6818,25,M,Primaria,Norte,,2176.54,512.0,2.0,3676.22
6819,72,F,Universitario,Sur,2055.55,3779.57,548.0,11.0,5484.43
6820,28,F,Secundaria,Centro,1204.19,1943.8,515.0,5.0,5109.11
6821,22,M,Tecnico,Occidente,1313.03,2365.6,577.0,,2070.48
6822,75,M,Primaria,Sur,1391.57,2931.11,528.0,9.0,5306.28
6823,62,M,Secundaria,Centro,,4280.09,608.0,5.0,6708.51
6824,70,F,Secundaria,Oriente,1700.75,4069.76,594.0,3.0,6508.63
6825,72,M,Tecnico,Sur,1773.42,4212.42,605.0,10.0,4810.57
6826,54,F,Tecnico,Centro,1402.75,2937.79,551.0,7.0,3766.37
6827,73,M,Secundaria,Oriente,,1561.07,509.0,6.0,500.0
6828,62,M,Postgrado,Sur,1913.36,2927.74,551.0,6.0,5585.56
6829,55,M,Secundaria,Norte,784.48,2098.83,417.0,10.0,1797.66
6830,46,M,Primaria,Occidente,1608.25,1948.31,576.0,4.0,3362.51
6831,22,M,Tecnico,Centro,1331.34,2465.01,511.0,,500.0
6832,26,M,Primaria,Sur,1390.41,1755.34,547.0,3.0,3363.46
6833,65,F,Secundaria,Centro,1137.91,2829.67,519.0,7.0,1786.84
6834,19,M,Secundaria,Occidente,1386.48,3143.38,503.0,6.0,5046.26
6835,18,F,Secundaria,Sur,1227.76,2233.85,,12.0,2523.93
6836,57,F,Universitario,Sur,5019.66,11354.21,,6.0,16573.88
6837,68,F,Secundaria,,1273.55,1698.57,531.0,10.0,2258.66
6838,47,F,Secundaria,Centro,2214.32,4343.62,565.0,10.0,4827.2
6839,28,F,Secundaria,Norte,778.45,1844.79,,14.0,3702.17
6840,45,M,Primaria,Sur,2221.45,4189.6,602.0,11.0,6351.58
6841,61,F,Secundaria,Centro,2261.73,3849.12,628.0,5.0,6165.56
6842,29,F,Tecnico,Centro,,2514.5,,8.0,6563.47
6843,56,F,Universitario,Sur,1881.47,4810.52,612.0,5.0,3046.12
6844,43,F,Universitario,Sur,4115.3,7445.21,709.0,3.0,16230.53
6845,30,F,Secundaria,Centro,2227.9,4532.62,585.0,6.0,7823.29
6846,25,M,Primaria,Occidente,,593.3,521.0,8.0,1235.33
6847,71,F,Postgrado,Sur,2371.08,4152.07,662.0,11.0,8661.53
6848,45,M,Primaria,Occidente,1960.22,5357.21,580.0,8.0,7089.16
6849,75,M,Postgrado,Occidente,2844.34,4718.14,675.0,11.0,8343.22
6850,47,F,Universitario,Norte,2820.63,4633.26,647.0,9.0,5747.06
6851,26,M,Universitario,Sur,1799.75,4629.53,594.0,12.0,
6852,56,M,Secundaria,Centro,1397.29,,568.0,6.0,1304.3
6853,48,F,Secundaria,Oriente,3578.08,5859.12,714.0,7.0,13735.41
6854,75,F,Tecnico,Oriente,1853.49,3899.31,519.0,9.0,4991.19
6855,38,F,Universitario,Norte,4551.96,10097.34,721.0,6.0,16856.82
6856,73,F,Primaria,Occidente,642.37,1892.32,480.0,6.0,500.0
6857,64,F,Universitario,Sur,1148.72,2124.16,574.0,12.0,
6858,51,M,Secundaria,Occidente,1985.93,4650.22,605.0,7.0,5713.94
6859,72,F,Secundaria,Norte,1124.65,,552.0,8.0,3644.53
6860,48,M,Universitario,Occidente,2404.39,3927.17,610.0,9.0,6556.72
6861,69,M,Secundaria,Sur,609.11,2295.56,411.0,5.0,
6862,42,F,Secundaria,,601.51,2143.43,,9.0,1115.61
6863,29,F,Primaria,Oriente,1177.56,1832.03,510.0,9.0,4051.24
6864,18,M,Primaria,Sur,919.91,2488.2,491.0,7.0,825.27
6865,72,M,Primaria,,1093.83,3011.6,608.0,7.0,
6866,39,F,Secundaria,Centro,,5568.36,661.0,8.0,8619.0
6867,57,F,Secundaria,Oriente,1914.76,3578.58,589.0,4.0,3871.88
6868,54,F,Universitario,Sur,6454.12,10669.09,735.0,6.0,23806.77
6869,64,M,Universitario,Oriente,2592.78,4657.35,649.0,9.0,11110.93
6870,18,F,Secundaria,Centro,2802.22,4573.58,634.0,10.0,8514.25
6871,18,M,Primaria,Centro,1780.77,3041.56,574.0,2.0,5488.8
6872,74,M,Secundaria,Norte,,1236.16,532.0,3.0,3446.26
6873,59,F,Universitario,Oriente,2296.54,5184.28,642.0,3.0,10437.67
6874,71,F,Tecnico,Centro,1623.31,3789.55,533.0,8.0,5472.18
6875,59,M,Postgrado,Centro,5534.83,11012.16,704.0,10.0,21272.83
6876,38,M,Primaria,Sur,1348.94,2459.51,582.0,10.0,
6877,32,F,Universitario,Centro,1556.49,2552.59,540.0,8.0,4677.12
6878,34,M,Secundaria,Occidente,827.69,1733.46,437.0,5.0,1751.47
6879,39,M,Universitario,,1358.41,2741.99,543.0,6.0,1722.98
6880,55,M,Tecnico,Occidente,1234.6,3417.23,508.0,6.0,2374.88
6881,52,M,Secundaria,Norte,998.88,1945.44,456.0,12.0,967.7
6882,62,M,Tecnico,Centro,1087.66,2050.18,550.0,4.0,5653.6
6883,33,F,Universitario,Centro,3907.77,7673.72,654.0,7.0,12445.55
6884,25,F,Secundaria,Oriente,728.58,0.0,460.0,8.0,
6885,64,F,Primaria,Norte,1503.62,3899.82,554.0,9.0,3972.88
6886,34,F,Secundaria,Centro,4122.01,8026.85,664.0,11.0,15477.5
6887,34,F,Secundaria,Occidente,1536.36,3136.23,,6.0,
6888,71,F,Secundaria,Norte,1652.69,3485.89,571.0,9.0,2630.63
6889,43,F,Postgrado,Oriente,3666.09,7345.67,716.0,8.0,13409.43
6890,30,M,Tecnico,Oriente,904.83,3752.65,493.0,3.0,2490.29
6891,34,F,Tecnico,Norte,2154.5,3594.44,658.0,7.0,8961.11
6892,55,M,Tecnico,Sur,2148.24,4793.23,581.0,9.0,6924.74
6893,34,F,Universitario,Sur,2320.83,4529.59,611.0,14.0,5406.61
6894,65,M,Postgrado,Centro,1614.14,2297.95,519.0,8.0,4599.64
6895,31,F,Tecnico,,4131.14,8366.27,706.0,2.0,14738.91
6896,62,F,Secundaria,Oriente,1736.11,3428.28,618.0,6.0,7878.47
6897,23,M,Secundaria,Centro,833.42,1821.5,497.0,9.0,2907.63
6898,52,M,Secundaria,Sur,973.9,1963.51,533.0,7.0,2726.95
6899,63,M,Secundaria,Sur,1101.78,2373.11,514.0,8.0,2729.7
6900,31,M,Secundaria,Norte,3000.15,6111.02,658.0,7.0,10411.35
6901,64,M,Tecnico,Occidente,1777.52,2884.24,616.0,9.0,2536.92
6902,25,M,Tecnico,Centro,1646.74,2941.59,,7.0,500.0
6903,32,M,Secundaria,Centro,1159.27,2965.65,512.0,7.0,2138.91
6904,71,F,Postgrado,Sur,5538.35,9225.72,700.0,3.0,20366.64
6905,44,M,Secundaria,Norte,2447.69,5290.21,673.0,6.0,6521.76
6906,30,M,Tecnico,Sur,890.09,1641.55,482.0,,823.14
6907,66,M,Tecnico,Occidente,1803.05,4126.3,581.0,7.0,5607.09
6908,48,M,Tecnico,Centro,1654.17,3449.18,537.0,9.0,1936.58
6909,70,M,Secundaria,Centro,1031.12,1545.49,505.0,4.0,1535.28
6910,73,F,Universitario,Centro,1961.41,3218.68,582.0,6.0,6630.07
6911,52,M,Primaria,Oriente,1073.84,1424.17,,3.0,
6912,23,F,Tecnico,Norte,1101.57,1101.04,,9.0,3783.87
6913,22,F,Secundaria,Centro,1644.64,3096.28,581.0,9.0,2950.92
6914,39,M,Tecnico,Sur,2022.55,3840.99,580.0,6.0,5829.05
6915,75,M,Secundaria,Centro,2018.14,4177.78,607.0,12.0,8048.66
6916,66,M,Universitario,Norte,2037.75,3491.63,590.0,6.0,5642.44
6917,40,F,Secundaria,Occidente,568.32,1545.57,395.0,8.0,2427.05
6918,42,M,Universitario,Centro,1741.78,4069.26,618.0,6.0,3300.03
6919,51,F,Universitario,Centro,1522.58,4297.45,565.0,9.0,3520.34
6920,43,F,Secundaria,Norte,1393.53,1857.21,,7.0,3127.09
6921,64,F,Secundaria,Occidente,2026.47,4744.39,615.0,5.0,8124.59
6922,22,M,Tecnico,Centro,4049.93,7652.64,671.0,9.0,14898.5
6923,43,M,Primaria,Norte,800.37,1746.26,450.0,,1993.8
6924,37,F,Primaria,Centro,,2049.32,461.0,10.0,4428.47
6925,23,F,Primaria,Occidente,,3273.78,440.0,5.0,4092.52
6926,23,F,Tecnico,Norte,3314.73,6272.94,684.0,7.0,10988.56
6927,67,F,Primaria,Norte,1391.13,1587.48,588.0,,3696.48
6928,35,F,Secundaria,Sur,1256.62,,575.0,7.0,
6929,21,F,Tecnico,Centro,1693.9,3182.59,556.0,2.0,4809.39
6930,34,F,Primaria,Oriente,1382.16,2966.81,510.0,6.0,5526.35
6931,74,M,Secundaria,,2225.21,3559.55,638.0,9.0,3437.65
6932,31,F,Universitario,Norte,5052.85,8900.66,751.0,,20631.08
6933,31,M,Tecnico,Sur,3619.6,7434.75,733.0,2.0,9692.18
6934,30,M,Secundaria,Norte,1039.67,1698.49,486.0,8.0,2058.24
6935,24,F,Primaria,Centro,588.59,1539.84,468.0,8.0,3295.71
6936,61,M,Tecnico,Oriente,1065.28,1586.09,529.0,4.0,3296.76
6937,72,M,Secundaria,Centro,1771.22,4189.35,584.0,7.0,2738.69
6938,32,M,Postgrado,Norte,5375.03,,683.0,,16528.23
6939,36,F,Tecnico,Norte,1594.93,3056.35,608.0,8.0,5083.09
6940,60,F,Postgrado,Occidente,2221.11,5189.13,656.0,6.0,6558.02
6941,64,F,Universitario,Occidente,1295.59,1271.17,531.0,2.0,4104.08
6942,61,M,Secundaria,Centro,3178.75,6330.25,687.0,4.0,10669.22
6943,52,M,Tecnico,Norte,1476.55,,575.0,6.0,3724.56
6944,34,M,Universitario,Occidente,1180.49,2324.36,541.0,9.0,4237.55
6945,52,M,Tecnico,Sur,1815.3,3435.68,542.0,5.0,5974.62
6946,36,F,Primaria,Centro,1188.46,2543.72,480.0,12.0,4549.68
6947,37,M,Secundaria,Oriente,2213.12,2733.74,595.0,5.0,5414.6
6948,53,M,Primaria,Norte,717.1,1610.32,476.0,12.0,3157.69
6949,52,M,Tecnico,Sur,3099.91,6686.52,722.0,7.0,11409.1
6950,49,M,Tecnico,Occidente,3302.66,5585.31,600.0,8.0,10989.97
6951,75,M,Postgrado,Norte,3666.45,6190.46,724.0,5.0,17366.71
6952,65,F,Tecnico,Sur,2473.53,4165.08,575.0,8.0,6601.03
6953,61,M,Universitario,Sur,3591.04,7257.45,682.0,8.0,11201.08
6954,57,F,Secundaria,Occidente,1179.64,1604.19,449.0,7.0,6445.78
6955,41,F,Secundaria,Centro,802.14,1272.2,524.0,8.0,
6956,34,M,Universitario,Occidente,1813.4,4032.08,584.0,5.0,7347.65
6957,24,M,Universitario,Centro,1050.4,1357.54,514.0,9.0,3332.01
6958,60,F,Tecnico,Centro,2307.32,5047.0,647.0,9.0,7767.32
6959,67,M,Secundaria,Norte,,5498.36,650.0,4.0,9847.72
6960,18,F,Tecnico,Occidente,1165.44,2103.72,440.0,5.0,4685.5
6961,52,F,Universitario,Norte,1989.42,4389.77,521.0,,5214.19
6962,49,M,Secundaria,Occidente,1358.55,3229.38,561.0,7.0,500.0
6963,53,F,Tecnico,Centro,4656.99,,689.0,7.0,16063.97
6964,30,F,Secundaria,Oriente,1194.41,1537.33,564.0,8.0,3252.93
6965,23,M,Primaria,Centro,,4678.86,580.0,6.0,4732.71
6966,75,F,Universitario,Norte,2599.9,4605.6,662.0,2.0,7437.1
6967,31,M,Primaria,Sur,282.14,953.15,,3.0,633.9
6968,54,M,Secundaria,Sur,1226.23,,563.0,11.0,3780.4
6969,65,F,Universitario,Centro,3729.26,6227.71,669.0,10.0,12596.86
6970,32,F,Universitario,Sur,1883.57,2431.19,582.0,4.0,3417.16
6971,64,F,Secundaria,Norte,1972.16,4117.7,,4.0,7447.93
6972,21,M,Postgrado,Sur,6904.06,11381.38,740.0,3.0,27203.68
6973,57,M,Secundaria,Norte,,2804.01,,8.0,500.0
6974,33,M,Postgrado,Norte,2437.11,4993.04,527.0,6.0,4714.1
6975,45,M,Universitario,Occidente,3326.62,6376.96,634.0,10.0,12258.88
6976,33,M,Secundaria,Centro,1836.18,3657.41,613.0,9.0,6321.78
6977,21,M,Primaria,Oriente,,2880.85,568.0,8.0,3816.66
6978,62,M,Secundaria,Norte,1496.37,3747.18,619.0,8.0,4966.79
6979,43,M,Secundaria,Norte,1045.12,1218.73,534.0,8.0,
6980,45,M,Tecnico,Centro,2308.02,2605.42,557.0,10.0,8673.06
6981,49,F,Secundaria,,1966.0,2220.49,630.0,4.0,5435.65
6982,62,F,Secundaria,Norte,1228.69,2355.23,,9.0,3054.93
6983,19,M,Universitario,Norte,1145.08,2066.92,574.0,3.0,500.0
6984,48,F,Secundaria,Norte,,,547.0,4.0,2188.18
6985,20,F,Tecnico,Centro,1014.7,2360.26,549.0,10.0,
6986,71,F,Secundaria,Occidente,1405.93,2511.7,572.0,4.0,6663.67
6987,25,M,Tecnico,Centro,2470.15,3371.18,613.0,7.0,8884.74
6988,41,M,Tecnico,Sur,,884.33,464.0,,500.0
6989,32,F,Universitario,Norte,2707.07,4503.74,593.0,9.0,8206.8
6990,60,M,Primaria,Oriente,1496.61,3988.64,564.0,6.0,5704.38
6991,48,F,Secundaria,Centro,1002.02,1727.11,503.0,6.0,1529.94
6992,26,F,Primaria,Centro,,,554.0,8.0,4877.6
6993,56,F,Secundaria,Norte,2611.26,4867.99,621.0,7.0,6969.51
6994,62,M,Primaria,Centro,1516.25,2671.16,523.0,9.0,3362.88
6995,19,M,Tecnico,Occidente,4339.59,7439.25,682.0,4.0,14172.65
6996,25,M,Tecnico,Centro,1807.26,3670.53,537.0,9.0,4500.2
6997,24,F,Universitario,Occidente,3637.87,5738.04,,10.0,13074.22
6998,73,M,Secundaria,Occidente,3975.74,7132.97,638.0,6.0,10190.31
6999,61,F,Tecnico,Norte,2348.72,4316.47,612.0,8.0,8895.52
7000,68,M,Postgrado,Centro,,13914.12,758.0,5.0,30279.97
7001,56,M,Tecnico,Occidente,2273.14,3422.42,589.0,7.0,7917.15
7002,59,M,Tecnico,Norte,3585.64,6147.64,686.0,9.0,12535.33
7003,74,F,Postgrado,Oriente,2123.03,4072.47,604.0,5.0,5493.89
7004,33,F,Postgrado,Occidente,3334.52,6183.46,641.0,8.0,
7005,52,M,Secundaria,Oriente,,9380.09,743.0,3.0,16110.02
7006,47,F,Tecnico,Oriente,801.9,1281.88,446.0,9.0,500.0
7007,27,F,Secundaria,Oriente,1030.05,913.36,483.0,8.0,4699.42
7008,55,F,Universitario,,6554.3,11426.81,748.0,8.0,24275.17
7009,35,F,Universitario,Centro,2256.82,3225.52,633.0,8.0,6330.14
7010,67,M,Secundaria,Norte,,3962.95,515.0,9.0,4742.74
7011,22,M,Universitario,Oriente,3483.58,6914.81,662.0,4.0,11375.82
7012,70,F,Tecnico,Occidente,3341.37,6302.09,663.0,6.0,9482.15
7013,46,M,Secundaria,Sur,1281.18,2624.65,558.0,5.0,4017.03
7014,56,M,Universitario,Sur,1179.43,2064.09,497.0,10.0,5773.54
7015,51,M,Secundaria,Centro,1006.66,724.37,501.0,10.0,4498.1
7016,60,F,Primaria,Occidente,,1391.69,563.0,6.0,4272.54
7017,62,M,Postgrado,Norte,2022.84,1722.06,580.0,6.0,5382.23
7018,40,F,Secundaria,Sur,1014.95,2383.32,542.0,3.0,3683.69
7019,22,M,Tecnico,Occidente,1737.29,3237.11,,4.0,4102.78
7020,47,F,Universitario,Norte,1655.41,3041.75,560.0,7.0,2791.92
7021,23,M,Postgrado,Occidente,7035.6,12090.54,717.0,4.0,26436.09
7022,73,F,Universitario,Occidente,2124.74,3745.98,567.0,8.0,3555.17
7023,75,F,Tecnico,Occidente,964.28,2218.7,462.0,9.0,1985.45
7024,63,F,Tecnico,Centro,3181.81,6043.9,684.0,6.0,11168.25
7025,61,M,Secundaria,Centro,6640.05,11078.64,718.0,4.0,27040.01
7026,21,F,Secundaria,Oriente,1240.25,1678.35,,9.0,4188.65
7027,46,M,Postgrado,Centro,3735.65,7257.25,646.0,2.0,10626.87
7028,40,M,Universitario,Norte,,7528.9,623.0,3.0,16230.82
7029,23,F,Primaria,Occidente,975.4,3204.38,462.0,4.0,818.84
7030,49,F,Primaria,Sur,2830.07,4323.19,,7.0,8329.62
7031,59,F,Universitario,Norte,1205.66,2016.78,487.0,9.0,1788.94
7032,35,F,Universitario,Norte,2245.6,3743.19,615.0,5.0,5710.29
7033,32,M,Secundaria,,1019.59,1662.66,,7.0,1412.67
7034,57,F,Tecnico,Occidente,1114.67,1221.23,486.0,6.0,5247.66
7035,75,M,Secundaria,Centro,1120.81,541.18,528.0,11.0,3594.11
7036,49,F,Universitario,Norte,3067.11,,648.0,3.0,11638.21
7037,26,F,Tecnico,Sur,2640.18,5945.8,651.0,7.0,10667.93
7038,54,M,Tecnico,Centro,2536.52,4195.5,,9.0,6739.08
7039,27,M,Secundaria,Norte,750.93,1581.41,519.0,5.0,2565.79
7040,37,M,Secundaria,Sur,1904.48,3295.58,571.0,12.0,5913.92
7041,23,M,Secundaria,Centro,1369.2,2326.15,564.0,8.0,
7042,65,M,Postgrado,Sur,2657.11,4293.68,590.0,5.0,6553.5
7043,73,M,Postgrado,Oriente,3176.08,6273.46,660.0,7.0,10549.38
7044,20,F,Universitario,Centro,4861.39,8950.87,680.0,4.0,16882.02
7045,59,M,Universitario,Occidente,2192.73,3419.33,624.0,6.0,7190.37
7046,28,M,Tecnico,Oriente,2470.28,5068.85,672.0,3.0,8547.62
7047,60,M,Secundaria,Sur,,5596.08,626.0,7.0,7047.28
7048,34,M,Universitario,Norte,3512.8,7264.31,640.0,7.0,11966.25
7049,49,F,Secundaria,Occidente,1238.72,2109.43,528.0,10.0,2749.27
7050,21,F,Secundaria,Occidente,1200.22,1484.47,,7.0,3926.44
7051,21,M,Secundaria,Centro,1627.86,2236.55,538.0,12.0,2270.67
7052,34,F,Secundaria,Sur,1151.29,1690.51,430.0,5.0,2135.17
7053,58,F,Tecnico,Centro,1266.62,1951.3,,12.0,3028.01
7054,36,F,Primaria,Norte,,2929.47,555.0,7.0,3626.82
7055,22,F,Primaria,Centro,802.73,0.0,488.0,9.0,2951.29
7056,49,M,Tecnico,Norte,1503.69,2656.93,520.0,8.0,4317.09
7057,39,M,Universitario,Norte,2110.28,3385.84,543.0,,3692.37
7058,73,M,Tecnico,Centro,1488.91,2102.36,596.0,5.0,2944.74
7059,23,M,Secundaria,Occidente,1287.57,2732.29,624.0,,5318.65
7060,52,F,Secundaria,Oriente,,1738.81,555.0,9.0,2355.47
7061,39,M,Universitario,Occidente,5987.46,10666.24,783.0,4.0,25033.04
7062,18,M,Tecnico,Centro,3803.26,7537.67,674.0,7.0,11890.22
7063,37,M,Primaria,Sur,981.77,1537.32,481.0,7.0,3131.11
7064,39,F,Postgrado,Oriente,2672.25,5810.29,696.0,2.0,7918.37
7065,65,F,Secundaria,Sur,1418.55,1913.81,547.0,4.0,3792.48
7066,72,F,Secundaria,Norte,1770.29,899.73,,6.0,
7067,28,M,Secundaria,Centro,1394.02,2905.56,530.0,4.0,4698.09
7068,30,F,Secundaria,Occidente,1475.98,2906.16,532.0,6.0,2535.85
7069,59,M,Postgrado,Norte,4871.31,9584.67,699.0,5.0,19373.91
7070,20,M,Primaria,Norte,777.38,1742.71,476.0,8.0,1538.15
7071,26,M,Secundaria,Centro,1112.57,3200.63,489.0,8.0,2761.5
7072,29,F,Secundaria,Occidente,764.71,1626.11,543.0,5.0,3840.23
7073,40,F,Secundaria,Norte,1248.28,3063.68,537.0,7.0,4968.45
7074,31,F,Primaria,Sur,1194.4,2822.48,509.0,4.0,
7075,50,F,Primaria,Norte,,1772.01,500.0,9.0,4496.85
7076,35,M,Secundaria,Sur,2601.55,4323.57,646.0,10.0,10618.53
7077,66,M,Tecnico,Sur,1272.93,2098.3,445.0,8.0,3428.92
7078,58,M,Universitario,Norte,1188.65,3865.2,516.0,6.0,4250.96
7079,26,F,Tecnico,Occidente,1816.7,2818.64,603.0,8.0,5320.64
7080,40,F,Tecnico,Oriente,1651.61,3310.86,517.0,8.0,3657.42
7081,27,F,Secundaria,Centro,2139.7,3935.76,610.0,,8432.28
7082,36,F,Universitario,Norte,2461.92,4616.41,636.0,4.0,7906.04
7083,64,F,Secundaria,Centro,2786.03,,629.0,7.0,9913.67
7084,22,F,Secundaria,Occidente,1354.03,2144.42,,9.0,3308.13
7085,64,F,Tecnico,Norte,1489.96,1782.75,552.0,7.0,1380.12
7086,69,F,Tecnico,Centro,2610.51,3951.17,,13.0,8721.85
7087,40,F,Secundaria,Centro,1857.44,3940.3,647.0,4.0,6137.55
7088,47,F,Primaria,Norte,879.54,1959.52,499.0,6.0,3528.36
7089,42,F,Primaria,Centro,1534.18,2929.41,549.0,4.0,3411.15
7090,45,M,Universitario,Sur,2946.31,,641.0,6.0,8826.63
7091,51,M,Primaria,Centro,,,558.0,8.0,3313.77
7092,62,M,Tecnico,Occidente,3098.58,4824.62,,10.0,8668.62
7093,73,M,Secundaria,Occidente,3070.48,6656.32,649.0,7.0,8348.85
7094,65,F,Secundaria,Centro,1208.72,,478.0,7.0,1105.91
7095,64,M,Secundaria,Sur,1951.13,3162.43,623.0,,4186.73
7096,42,M,Primaria,Sur,1240.83,2365.23,555.0,6.0,5588.31
7097,27,M,Primaria,Sur,952.21,2387.02,,3.0,1215.53
7098,31,F,Tecnico,Norte,1668.1,,580.0,6.0,1808.18
7099,59,M,Secundaria,Norte,700.74,1324.72,476.0,9.0,4898.08
7100,74,M,Universitario,Occidente,4144.27,7553.46,759.0,,18498.92
7101,63,M,Primaria,Norte,1782.89,2039.46,603.0,6.0,7923.88
7102,75,M,Universitario,,1077.26,2289.48,471.0,6.0,2726.08
7103,47,F,Postgrado,Sur,3067.29,5422.99,619.0,4.0,10944.04
7104,72,M,Primaria,Norte,1479.7,3120.68,562.0,9.0,4123.63
7105,58,F,Postgrado,Oriente,5004.71,8631.87,628.0,8.0,15953.23
7106,42,F,Secundaria,Occidente,1333.43,,581.0,6.0,
7107,31,F,Tecnico,Centro,1576.82,4660.94,568.0,2.0,4080.12
7108,52,M,Secundaria,Occidente,1806.06,2625.08,,8.0,4857.63
7109,69,M,Tecnico,Norte,1396.54,2368.23,547.0,8.0,6228.44
7110,65,M,Secundaria,Oriente,,5561.42,769.0,8.0,11178.39
7111,51,M,Secundaria,,1600.38,2988.47,541.0,4.0,4833.62
7112,27,F,Tecnico,Sur,1907.37,3671.96,520.0,5.0,5371.76
7113,52,M,Tecnico,Centro,,7035.99,640.0,8.0,11619.95
7114,28,M,Secundaria,Centro,1443.91,2158.27,,5.0,606.51
7115,28,F,Postgrado,Occidente,5915.54,10445.47,729.0,4.0,19285.09
7116,38,F,Postgrado,Centro,1591.49,3060.77,515.0,5.0,2825.04
7117,38,M,Postgrado,Sur,5506.71,8475.73,740.0,4.0,21280.36
7118,39,M,Universitario,Occidente,3800.87,7775.03,682.0,8.0,14021.5
7119,62,M,Secundaria,Centro,619.32,0.0,,16.0,959.78
7120,24,F,Secundaria,Centro,1251.64,2828.49,461.0,8.0,
7121,72,F,Secundaria,Occidente,1908.65,6215.77,604.0,6.0,4941.47
7122,34,F,Postgrado,Occidente,4680.94,8910.1,698.0,5.0,16852.91
7123,19,F,Primaria,Centro,2067.6,4282.06,526.0,13.0,5839.04
7124,29,M,Secundaria,Sur,745.82,1427.56,426.0,4.0,
7125,74,M,Secundaria,Occidente,1654.2,2308.39,511.0,9.0,
7126,59,M,Secundaria,Norte,1016.31,,467.0,14.0,2255.32
7127,35,F,Secundaria,Norte,1075.87,811.05,494.0,6.0,1714.01
7128,71,F,Tecnico,Sur,2730.77,3969.93,614.0,,10076.71
7129,28,M,Primaria,Centro,,1104.83,417.0,,1584.73
7130,33,F,Tecnico,Sur,1771.53,,584.0,5.0,7036.47
7131,66,F,Universitario,Oriente,2060.02,2718.31,,5.0,6670.14
7132,68,M,Universitario,Norte,3964.92,7676.18,716.0,4.0,15829.82
7133,35,F,Primaria,,518.76,1285.16,487.0,8.0,5050.7
7134,52,M,Universitario,Centro,4281.61,7770.83,,4.0,16832.42
7135,70,M,Universitario,Centro,4952.07,7579.51,671.0,7.0,16826.97
7136,43,M,Primaria,Centro,1572.58,3567.68,532.0,6.0,4519.44
7137,33,F,Universitario,Oriente,2612.69,4506.51,,7.0,6941.54
7138,23,F,Universitario,Norte,922.74,1604.57,,6.0,3297.89
7139,74,M,Secundaria,Norte,,,,8.0,
7140,61,F,Primaria,Occidente,1961.67,2281.56,627.0,5.0,6978.77
7141,60,F,Tecnico,Occidente,1952.28,2724.56,545.0,10.0,6980.09
7142,64,F,Universitario,Centro,1867.52,4121.96,,16.0,4209.01
7143,64,M,Secundaria,Norte,3025.37,6721.72,674.0,7.0,10652.32
7144,65,F,Tecnico,,1274.87,2737.08,507.0,,2686.58
7145,59,M,Secundaria,Sur,2579.49,5246.43,607.0,7.0,7602.93
7146,29,M,Tecnico,Occidente,2225.7,5332.88,575.0,10.0,6067.68
7147,30,M,Secundaria,Centro,1355.45,3745.76,538.0,7.0,2548.12
7148,21,M,Secundaria,Norte,4312.06,8235.13,667.0,8.0,14562.18
7149,56,F,Universitario,Sur,3066.57,5040.83,650.0,10.0,7888.75
7150,71,M,Universitario,Sur,,4359.56,696.0,6.0,14603.53
7151,19,M,Secundaria,Oriente,1803.38,,548.0,6.0,2412.66
7152,43,F,Secundaria,Occidente,1723.39,3241.61,588.0,3.0,4758.49
7153,44,F,Tecnico,Sur,1731.39,5210.1,,,8642.56
7154,44,F,Universitario,Norte,3389.99,6633.78,615.0,7.0,11979.37
7155,32,M,Tecnico,Sur,1846.04,3488.13,627.0,5.0,7572.8
7156,25,F,Tecnico,Centro,766.77,669.54,421.0,6.0,1565.3
7157,24,M,Postgrado,Centro,2197.45,4025.67,566.0,9.0,5930.39
7158,64,F,Universitario,Occidente,4207.15,8574.15,,8.0,13460.33
7159,72,F,Primaria,Sur,1893.33,3243.12,568.0,9.0,4037.11
7160,63,F,Tecnico,Norte,1175.76,1087.71,538.0,8.0,1116.59
7161,57,M,Secundaria,Centro,1210.32,1492.68,553.0,7.0,3363.44
7162,29,M,Universitario,Centro,1774.82,2109.17,606.0,5.0,3311.25
7163,30,M,Primaria,Norte,2257.62,3513.54,518.0,12.0,5861.74
7164,60,M,Secundaria,Oriente,776.95,487.59,403.0,11.0,500.0
7165,34,M,Secundaria,Sur,1120.9,2457.22,519.0,9.0,4580.7
7166,34,F,Primaria,Centro,1224.86,2753.5,541.0,7.0,993.98
7167,73,M,Secundaria,Centro,831.71,2704.76,522.0,8.0,4341.2
7168,53,F,Tecnico,Centro,1909.63,3396.89,599.0,7.0,5586.68
7169,38,M,Secundaria,Norte,930.89,1621.06,437.0,6.0,500.0
7170,25,M,Tecnico,Centro,,2425.61,476.0,5.0,1349.81
7171,22,F,Tecnico,Oriente,1369.49,2015.05,536.0,8.0,
7172,43,F,Tecnico,Oriente,1663.57,2092.7,506.0,10.0,4849.65
7173,33,M,Tecnico,Occidente,1372.54,1748.91,496.0,6.0,3620.82
7174,53,M,Primaria,Sur,,2791.85,527.0,6.0,3024.04
7175,45,F,Secundaria,Sur,2644.73,5494.2,618.0,10.0,6200.5
7176,71,M,Universitario,Centro,3750.03,8662.04,679.0,12.0,12946.07
7177,46,M,Secundaria,Norte,2989.49,4559.53,656.0,8.0,7968.76
7178,64,F,Tecnico,Sur,1817.02,2413.42,525.0,10.0,5547.22
7179,29,M,Tecnico,Centro,1699.75,,565.0,8.0,6136.78
7180,54,M,Primaria,Oriente,,2553.72,487.0,12.0,4397.73
7181,47,F,Universitario,Centro,1216.57,2621.98,519.0,8.0,5420.01
7182,40,F,Primaria,Occidente,,2923.45,606.0,7.0,3961.96
7183,33,M,Postgrado,Centro,2740.19,3712.04,644.0,5.0,9477.11
7184,31,F,Secundaria,Centro,,4190.93,501.0,10.0,6198.07
7185,27,M,Secundaria,Occidente,,3467.87,523.0,10.0,7486.85
7186,24,F,Primaria,Centro,818.11,492.41,525.0,4.0,2987.04
7187,62,F,Universitario,Occidente,1788.75,2931.14,609.0,6.0,7578.21
7188,69,M,Postgrado,Norte,4145.83,9295.92,683.0,8.0,13257.43
7189,54,M,Primaria,Sur,,3451.59,600.0,10.0,2428.72
7190,46,M,Secundaria,Norte,4235.6,7361.16,681.0,6.0,14602.18
7191,20,M,Primaria,Norte,1281.78,1542.24,613.0,2.0,
7192,32,F,Universitario,,2994.63,6479.62,630.0,10.0,9408.93
7193,53,M,Secundaria,,4366.63,6717.2,792.0,7.0,18879.24
7194,64,M,Tecnico,Norte,2195.94,4352.21,616.0,7.0,5959.07
7195,63,M,Primaria,Oriente,1519.72,3121.27,509.0,14.0,4043.65
7196,69,M,Tecnico,Occidente,511.39,1802.96,431.0,9.0,743.98
7197,36,M,Tecnico,Centro,1495.71,3142.03,576.0,8.0,4073.58
7198,30,F,Universitario,Centro,2570.07,5124.71,,8.0,5473.96
7199,59,F,Universitario,,1762.0,3441.62,554.0,9.0,3927.03
7200,38,F,Primaria,Oriente,1311.36,2605.17,541.0,8.0,4093.05
7201,54,F,Tecnico,Occidente,2547.89,6084.53,651.0,8.0,11180.89
7202,44,F,Tecnico,Centro,2740.19,4944.56,605.0,8.0,6163.52
7203,72,F,Secundaria,Sur,,3419.41,558.0,10.0,4236.69
7204,69,F,Secundaria,Norte,784.39,1091.12,,6.0,4248.31
7205,46,M,Universitario,Centro,2516.48,3706.86,636.0,5.0,6488.19
7206,37,M,Postgrado,Norte,2706.38,4488.37,591.0,5.0,7771.92
7207,42,M,Postgrado,Norte,2337.93,4012.1,,3.0,6513.97
7208,23,F,Universitario,Sur,2035.91,,632.0,8.0,6600.95
7209,53,F,Secundaria,Norte,1311.99,1169.75,562.0,12.0,3638.46
7210,19,M,Secundaria,Occidente,1298.98,3296.52,514.0,9.0,1935.42
7211,39,F,Primaria,Oriente,971.73,1270.21,,9.0,
7212,49,M,Secundaria,Norte,2906.51,5006.41,643.0,5.0,9677.63
7213,33,M,Primaria,Occidente,,1934.23,516.0,8.0,5173.43
7214,35,M,Secundaria,Occidente,1671.77,1157.31,564.0,11.0,
7215,22,M,Universitario,Sur,2781.36,,632.0,4.0,9935.14
7216,71,M,Postgrado,Centro,1880.95,2648.32,574.0,9.0,5545.18
7217,53,F,Postgrado,Centro,5325.84,10396.18,687.0,6.0,18364.29
7218,47,F,Secundaria,Norte,6548.13,10992.72,750.0,8.0,23201.28
7219,62,F,Universitario,Centro,1618.91,3095.62,628.0,5.0,6273.31
7220,36,F,Primaria,Norte,875.91,2338.38,486.0,8.0,951.54
7221,40,F,Secundaria,Sur,1167.87,1160.39,513.0,12.0,1151.77
7222,51,F,Tecnico,Centro,2097.19,3447.63,640.0,,6856.7
7223,30,F,Secundaria,Centro,1378.64,1985.2,525.0,7.0,2898.87
7224,60,F,Postgrado,Centro,2712.22,4521.77,688.0,7.0,12520.98
7225,71,M,Secundaria,Centro,2065.62,,635.0,9.0,8594.42
7226,46,M,Tecnico,Centro,2161.58,5000.95,492.0,6.0,4678.97
7227,53,F,Primaria,Centro,2126.92,3542.82,617.0,5.0,
7228,39,M,Universitario,Oriente,2547.63,4801.42,,8.0,7167.06
7229,69,F,Secundaria,Sur,1552.2,1745.57,594.0,6.0,4323.28
7230,69,M,Tecnico,Centro,1560.57,4784.71,499.0,5.0,5333.27
7231,64,M,Tecnico,Occidente,2089.21,4161.04,599.0,8.0,6076.86
7232,53,F,Tecnico,Oriente,1151.26,2744.07,511.0,7.0,1186.45
7233,26,M,Secundaria,Norte,2371.49,3883.47,592.0,3.0,7239.78
7234,56,M,Secundaria,Norte,2044.21,4535.85,637.0,5.0,7621.06
7235,68,M,Tecnico,,2094.07,3880.48,716.0,7.0,6520.93
7236,36,F,Postgrado,Centro,2722.28,5671.83,639.0,8.0,8049.08
7237,55,F,Universitario,Centro,5148.9,8530.05,764.0,3.0,19741.12
7238,23,F,Primaria,Sur,903.17,1770.42,532.0,8.0,1759.41
7239,69,F,Primaria,Occidente,862.68,0.0,583.0,9.0,511.15
7240,64,M,Secundaria,Norte,1362.75,2952.13,575.0,7.0,2284.81
7241,32,M,Universitario,Centro,3415.57,,,6.0,9201.03
7242,74,M,Secundaria,Centro,3041.07,3994.23,650.0,1.0,8716.74
7243,37,F,Tecnico,Occidente,2874.08,4267.31,599.0,7.0,
7244,26,F,Universitario,Centro,1290.22,1666.51,570.0,8.0,
7245,49,M,Secundaria,Norte,1482.17,3062.7,529.0,8.0,1762.08
7246,21,M,Secundaria,Norte,1158.7,0.0,,7.0,4682.16
7247,67,M,Universitario,Sur,3013.38,6983.69,713.0,8.0,9883.51
7248,35,F,Secundaria,Centro,,1740.9,521.0,7.0,2809.29
7249,22,M,Secundaria,Oriente,2043.62,6068.71,600.0,6.0,5527.99
7250,37,M,Secundaria,Centro,1210.84,2188.95,476.0,10.0,500.0
7251,40,M,Secundaria,Norte,1022.59,0.0,533.0,7.0,
7252,28,F,Tecnico,,3155.08,4414.55,636.0,6.0,11590.35
7253,54,F,Secundaria,Occidente,1514.79,2741.96,562.0,13.0,4592.12
7254,39,M,Secundaria,Centro,2221.73,,,4.0,7561.15
7255,75,F,Universitario,Oriente,1523.33,1941.58,560.0,12.0,1856.91
7256,21,F,Secundaria,Centro,937.03,0.0,454.0,4.0,3593.5
7257,46,F,Secundaria,Centro,855.18,,479.0,9.0,3784.64
7258,61,M,Tecnico,Oriente,1319.1,3555.72,524.0,,1780.99
7259,51,F,Universitario,Norte,1802.29,2666.8,471.0,10.0,3573.97
7260,30,M,Secundaria,Centro,,2296.68,500.0,5.0,1182.42
7261,59,M,Secundaria,Norte,,1881.51,592.0,7.0,5213.35
7262,26,F,Tecnico,Norte,1112.45,2812.65,433.0,15.0,2628.77
7263,59,M,Tecnico,Centro,1323.99,,,8.0,2886.31
7264,48,M,Secundaria,Centro,1674.8,3216.49,593.0,7.0,7756.92
7265,24,M,Primaria,Centro,2799.16,4407.3,678.0,5.0,10409.88
7266,21,M,Primaria,Centro,,2291.91,549.0,7.0,1109.88
7267,36,M,Universitario,Sur,2820.29,4011.56,625.0,5.0,7301.03
7268,59,M,Secundaria,Norte,1375.38,3761.19,544.0,5.0,3102.11
7269,47,F,Universitario,,994.59,1829.68,492.0,8.0,3292.84
7270,48,F,Tecnico,Centro,1665.95,2362.12,519.0,7.0,4634.07
7271,52,M,Tecnico,Oriente,1159.4,1870.79,504.0,8.0,2711.69
7272,74,F,Universitario,Sur,4045.86,7617.87,710.0,,11907.91
7273,38,F,Primaria,Sur,2416.79,4888.63,611.0,,7152.27
7274,48,M,Tecnico,Sur,,1710.84,505.0,5.0,3221.29
7275,36,M,Primaria,Centro,1175.38,2675.35,519.0,6.0,4226.65
7276,48,F,Secundaria,Centro,823.42,1471.25,,9.0,3062.28
7277,70,F,Primaria,Sur,1839.45,2651.9,593.0,9.0,6982.26
7278,49,M,Secundaria,Centro,2668.85,4491.74,648.0,11.0,10602.09
7279,19,M,Universitario,Centro,2962.58,4830.88,641.0,9.0,11688.07
7280,69,M,Tecnico,Centro,2190.66,5445.76,569.0,9.0,6008.05
7281,27,F,Universitario,Centro,2284.96,4206.89,,7.0,4838.75
7282,19,M,Secundaria,Sur,1789.99,3815.77,536.0,10.0,
7283,19,F,Tecnico,Norte,1520.29,3696.71,546.0,9.0,500.0
7284,41,M,Primaria,Norte,1013.44,1896.75,552.0,10.0,
7285,34,M,Secundaria,Occidente,,5430.99,555.0,7.0,4538.31
7286,49,M,Tecnico,Norte,,4695.51,593.0,9.0,6207.34
7287,33,F,Primaria,Centro,912.49,1565.7,485.0,7.0,500.0
7288,33,M,Universitario,Oriente,5314.76,9313.4,689.0,10.0,17941.12
7289,63,M,Secundaria,Norte,1142.83,1692.61,460.0,10.0,3879.87
7290,56,F,Secundaria,Occidente,3682.06,7048.48,676.0,5.0,13006.28
7291,70,F,Tecnico,Norte,1059.04,1055.32,424.0,11.0,2964.22
7292,48,M,Postgrado,Norte,3130.14,4703.91,,8.0,11835.73
7293,60,M,Primaria,Norte,1526.1,3457.51,593.0,8.0,3219.69
7294,41,F,Tecnico,Sur,2102.32,4715.93,561.0,7.0,6289.41
7295,18,F,Tecnico,Occidente,1863.42,4705.62,560.0,7.0,6053.16
7296,28,M,Primaria,Oriente,2070.65,3401.63,526.0,6.0,4754.19
7297,72,F,Tecnico,Sur,2328.15,2809.71,674.0,5.0,5519.71
7298,38,M,Secundaria,Norte,,1865.97,585.0,10.0,4364.21
7299,21,F,Primaria,Occidente,876.24,2640.84,419.0,14.0,
7300,24,M,Primaria,Oriente,1674.76,3709.17,545.0,8.0,2513.63
7301,43,F,Universitario,Centro,1972.52,3919.58,616.0,6.0,6476.28
7302,64,M,Primaria,Oriente,2092.62,4275.95,625.0,9.0,7057.85
7303,67,F,Secundaria,Occidente,3013.77,5972.27,675.0,7.0,10171.29
7304,29,F,Secundaria,Sur,1515.31,4244.3,553.0,4.0,3944.8
7305,48,M,Primaria,Norte,,1895.53,464.0,8.0,4701.6
7306,34,F,Secundaria,Occidente,1678.83,2320.83,661.0,8.0,9235.46
7307,50,M,Secundaria,Norte,1477.14,3048.83,,6.0,4534.31
7308,28,F,Secundaria,Sur,1321.91,2995.33,543.0,9.0,4636.13
7309,45,F,Primaria,Norte,725.43,339.46,525.0,7.0,2206.11
7310,49,F,Universitario,Occidente,1808.14,3917.44,587.0,8.0,6105.84
7311,18,F,Tecnico,Centro,1792.2,2871.16,626.0,3.0,4975.29
7312,64,F,Primaria,Sur,2387.33,4712.16,666.0,11.0,8719.83
7313,45,M,Secundaria,Norte,1761.88,2137.33,637.0,3.0,3133.09
7314,70,M,Primaria,Sur,2114.59,2261.54,630.0,3.0,5596.14
7315,59,F,Tecnico,Occidente,849.8,1988.71,,9.0,5251.43
7316,24,M,Secundaria,Occidente,2673.36,6412.73,604.0,7.0,8740.83
7317,19,F,Primaria,Norte,1540.73,2806.41,619.0,4.0,3903.37
7318,59,F,Secundaria,Centro,,5917.89,617.0,7.0,10538.34
7319,41,M,Secundaria,Centro,624.88,22.84,,10.0,500.0
7320,21,M,Universitario,Centro,1927.94,2763.42,554.0,12.0,6543.83
7321,61,M,Primaria,Oriente,777.2,1792.49,,5.0,1418.88
7322,36,F,Primaria,Oriente,1633.57,3370.59,567.0,8.0,3507.02
7323,43,M,Secundaria,Centro,1891.79,3000.79,565.0,5.0,6483.52
7324,28,M,Tecnico,Centro,2667.17,5270.36,599.0,6.0,7000.26
7325,57,F,Primaria,Sur,1042.48,1446.49,494.0,2.0,3873.6
7326,67,F,Secundaria,Norte,2278.47,4195.4,644.0,7.0,8825.89
7327,60,F,Secundaria,Norte,1556.47,3080.73,541.0,13.0,5005.5
7328,28,F,Secundaria,Centro,2474.63,5935.66,615.0,4.0,7412.26
7329,62,F,Secundaria,Norte,2127.22,3126.12,672.0,3.0,7272.85
7330,20,M,Primaria,Centro,828.66,1969.65,489.0,6.0,2710.91
7331,29,F,Tecnico,Occidente,1998.56,4275.6,639.0,4.0,7352.03
7332,20,M,Postgrado,Norte,1694.26,4880.33,571.0,7.0,5491.99
7333,59,F,Tecnico,Oriente,3185.76,6950.01,652.0,10.0,14962.68
7334,44,F,Secundaria,Sur,2032.64,4205.81,654.0,4.0,3318.57
7335,66,F,Tecnico,Sur,2589.86,3107.38,578.0,6.0,8006.73
7336,71,M,Tecnico,Norte,,5568.14,682.0,5.0,10140.64
7337,19,M,Universitario,Norte,2532.56,5447.93,666.0,4.0,9159.78
7338,66,F,Tecnico,Norte,978.4,890.29,,7.0,745.47
7339,33,M,Tecnico,Sur,2731.31,4224.03,603.0,7.0,8271.03
7340,19,F,Secundaria,Oriente,1028.93,3306.48,503.0,10.0,2724.06
7341,71,F,Secundaria,Occidente,,2974.91,536.0,8.0,3732.89
7342,47,F,Secundaria,Centro,2126.45,,644.0,5.0,6951.04
7343,37,F,Primaria,Centro,939.48,1712.29,443.0,12.0,3151.5
7344,55,F,Secundaria,Centro,1660.06,2979.5,540.0,11.0,6959.14
7345,45,M,Secundaria,Centro,2094.0,5038.47,661.0,6.0,8157.98
7346,42,M,Tecnico,Centro,2464.27,5767.54,651.0,8.0,11396.05
7347,49,M,Universitario,Oriente,3996.4,7435.67,706.0,3.0,13176.21
7348,27,F,Secundaria,Centro,1137.21,1243.84,509.0,,4508.44
7349,59,F,Primaria,Occidente,1082.48,1608.31,510.0,6.0,4006.37
7350,57,F,Universitario,Centro,2896.11,3764.86,679.0,6.0,10341.99
7351,50,M,Postgrado,Centro,1880.98,2139.45,617.0,4.0,4787.55
7352,30,M,Secundaria,Sur,1021.41,3997.8,500.0,12.0,500.0
7353,73,M,Primaria,Norte,854.75,1293.98,,7.0,2536.02
7354,58,F,Secundaria,Occidente,601.91,,389.0,9.0,500.0
7355,71,M,Primaria,Oriente,996.25,1684.59,537.0,10.0,
7356,59,M,Universitario,Sur,2495.1,4581.36,641.0,14.0,5473.66
7357,64,F,Tecnico,Occidente,2020.31,3971.85,586.0,5.0,4911.47
7358,54,M,Secundaria,Norte,1249.01,1500.63,470.0,7.0,4235.7
7359,71,F,Universitario,Centro,1724.81,4318.07,631.0,12.0,5494.14
7360,33,M,Tecnico,Occidente,1676.31,2492.32,538.0,7.0,4120.55
7361,62,M,Postgrado,Centro,2730.51,3547.68,622.0,7.0,7744.04
7362,39,M,Postgrado,Norte,1134.73,940.84,506.0,6.0,
7363,74,F,Primaria,Norte,865.02,1547.06,441.0,7.0,
7364,37,M,Primaria,Centro,,3196.26,481.0,7.0,969.43
7365,67,M,Tecnico,Sur,1881.76,4027.59,596.0,3.0,5512.12
7366,60,M,Postgrado,Norte,3726.34,7731.62,728.0,12.0,9392.11
7367,44,M,Postgrado,Centro,4373.13,,789.0,6.0,18662.35
7368,58,F,Tecnico,Norte,2100.53,4833.54,624.0,5.0,7716.11
7369,33,M,Primaria,Centro,1226.93,2606.84,594.0,8.0,1671.9
7370,51,F,Primaria,Occidente,1018.67,1577.75,527.0,11.0,500.0
7371,49,M,Universitario,Sur,1790.01,2624.65,625.0,9.0,6232.96
7372,43,F,Tecnico,Centro,1856.12,2602.08,579.0,3.0,5248.75
7373,42,F,Tecnico,,1136.26,2472.13,526.0,3.0,4514.43
7374,19,F,Secundaria,Norte,1970.38,,,4.0,6263.6
7375,29,F,Universitario,Norte,1524.32,1290.0,553.0,8.0,4759.27
7376,57,M,Universitario,Oriente,,8115.62,,4.0,15927.98
7377,26,F,Secundaria,Norte,1418.04,2211.74,568.0,8.0,6505.94
7378,29,M,Secundaria,Centro,,5343.7,598.0,11.0,5397.32
7379,43,M,Tecnico,Oriente,1113.29,2282.45,528.0,6.0,4449.08
7380,26,F,Universitario,Oriente,4877.73,8441.18,688.0,7.0,15902.56
7381,27,M,Secundaria,Sur,894.22,976.53,541.0,5.0,
7382,49,F,Secundaria,Sur,1485.31,2888.75,600.0,9.0,5983.14
7383,74,M,Secundaria,Norte,887.53,,469.0,6.0,2073.61
7384,51,F,Secundaria,Norte,1542.25,1612.95,546.0,7.0,4458.43
7385,65,F,Primaria,Sur,1178.51,2403.03,512.0,8.0,2883.15
7386,37,F,Tecnico,Centro,637.13,1085.12,449.0,7.0,2171.01
7387,56,F,Secundaria,Norte,1646.39,2815.67,,5.0,5018.28
7388,19,F,Tecnico,Oriente,2173.15,3967.72,612.0,9.0,7470.4
7389,18,F,Primaria,Sur,777.43,1837.39,404.0,8.0,2273.15
7390,68,M,Primaria,Centro,1110.84,951.24,495.0,6.0,
7391,53,F,Tecnico,Norte,1665.58,2337.4,593.0,10.0,5164.7
7392,41,M,Secundaria,Sur,,6854.85,,3.0,13626.88
7393,71,M,Secundaria,Centro,1735.22,4014.51,573.0,7.0,5964.53
7394,44,M,Universitario,Centro,1885.32,5022.74,599.0,2.0,6525.1
7395,19,M,Secundaria,Oriente,874.69,2208.5,428.0,8.0,500.0
7396,48,F,Secundaria,Centro,703.32,1829.82,442.0,10.0,2536.1
7397,74,F,Tecnico,Norte,1810.15,,,11.0,5613.68
7398,31,F,Universitario,Centro,2476.34,3259.95,624.0,8.0,4959.06
7399,19,F,Secundaria,Oriente,831.27,2040.81,425.0,12.0,
7400,46,M,Secundaria,Oriente,,1374.57,517.0,4.0,1316.63
7401,32,M,Tecnico,Oriente,2183.58,2574.2,571.0,3.0,9392.73
7402,29,M,Secundaria,Centro,2271.15,4552.6,593.0,10.0,5805.05
7403,54,F,Tecnico,Oriente,1618.85,3810.74,535.0,2.0,3956.23
7404,45,M,Secundaria,Occidente,1897.72,2772.92,533.0,5.0,3843.23
7405,37,F,Universitario,Centro,2270.29,3788.0,540.0,7.0,9159.43
7406,56,F,Secundaria,Centro,4968.54,9237.57,613.0,8.0,12770.1
7407,41,F,Postgrado,Oriente,3174.99,5003.12,646.0,5.0,8690.7
7408,38,F,Secundaria,Occidente,2765.85,4861.03,672.0,11.0,8776.87
7409,27,F,Universitario,Occidente,3006.15,5594.26,620.0,8.0,9827.2
7410,63,M,Secundaria,Centro,1224.76,2846.64,477.0,11.0,500.0
7411,31,M,Secundaria,Occidente,1914.64,3438.26,548.0,5.0,6843.59
7412,54,F,Secundaria,Centro,,3117.09,541.0,6.0,5408.26
7413,35,F,Universitario,Centro,1497.13,2529.98,518.0,9.0,1665.19
7414,41,F,Secundaria,Occidente,1561.16,2925.87,593.0,7.0,6202.1
7415,31,M,Secundaria,,,2463.97,569.0,10.0,5018.29
7416,51,F,Secundaria,Sur,1494.03,713.83,541.0,12.0,2826.56
7417,75,M,Postgrado,Occidente,3407.74,5594.37,605.0,10.0,13139.31
7418,29,M,Secundaria,Sur,1323.52,3289.07,,13.0,2901.24
7419,39,M,Secundaria,Centro,971.42,128.07,486.0,10.0,2611.89
7420,73,M,Postgrado,Occidente,6069.58,11240.92,679.0,6.0,18923.4
7421,23,M,Universitario,Occidente,2237.41,5135.89,,7.0,6167.24
7422,53,M,Secundaria,Centro,1694.17,3959.39,586.0,4.0,5608.69
7423,62,F,Universitario,Centro,2283.36,4776.12,605.0,9.0,9005.56
7424,53,F,Secundaria,Centro,1277.7,3684.41,531.0,11.0,2262.19
7425,39,F,Primaria,Oriente,1305.39,3326.72,492.0,9.0,545.76
7426,31,M,Universitario,Oriente,4423.92,7656.01,658.0,7.0,12952.8
7427,33,F,Universitario,Occidente,1169.88,2680.08,511.0,8.0,1859.29
7428,53,M,Secundaria,Centro,938.74,582.58,,9.0,1680.47
7429,73,M,Primaria,Oriente,,2757.83,518.0,11.0,1724.84
7430,42,F,Secundaria,Occidente,1053.04,,458.0,7.0,
7431,49,M,Universitario,Centro,6030.52,11717.12,666.0,6.0,17433.8
7432,50,F,Postgrado,Sur,2868.18,5382.25,631.0,6.0,9449.68
7433,62,F,Secundaria,Sur,1931.82,,636.0,8.0,6284.25
7434,53,F,Universitario,Oriente,2159.15,4001.15,539.0,4.0,7861.4
7435,37,F,Secundaria,Sur,474.65,652.58,469.0,7.0,500.0
7436,35,F,Tecnico,Oriente,1479.38,2909.79,604.0,5.0,2570.25
7437,55,M,Primaria,Centro,727.3,84.3,386.0,5.0,1455.46
7438,20,F,Tecnico,Norte,1999.71,3517.06,633.0,6.0,6038.51
7439,40,M,Secundaria,Oriente,1307.05,1996.49,475.0,9.0,3975.22
7440,49,F,Universitario,Centro,1725.03,2002.42,589.0,5.0,5554.65
7441,62,F,Secundaria,Centro,1482.3,2109.89,617.0,7.0,5404.75
7442,33,M,Secundaria,Centro,1216.1,1151.14,534.0,8.0,2619.89
7443,22,F,Universitario,Norte,3652.39,5340.9,684.0,,14515.53
7444,21,M,Secundaria,Oriente,1852.04,2874.18,605.0,8.0,5440.37
7445,38,M,Secundaria,Oriente,3246.94,6248.33,776.0,6.0,11445.09
7446,57,F,Tecnico,Sur,2566.61,3422.37,604.0,5.0,5932.56
7447,68,M,Universitario,Oriente,3146.93,5627.13,707.0,7.0,13698.55
7448,31,M,Secundaria,Centro,1921.03,3616.5,530.0,10.0,5724.19
7449,56,M,Primaria,Centro,,3000.65,524.0,11.0,5015.73
7450,48,F,Secundaria,Occidente,675.68,1886.79,466.0,16.0,500.0
7451,31,M,Postgrado,Centro,4079.11,9830.34,717.0,7.0,17001.53
7452,23,M,Primaria,Norte,563.5,2335.41,450.0,10.0,2279.46
7453,29,F,Secundaria,Oriente,618.67,601.77,,7.0,2472.84
7454,33,M,Tecnico,Centro,1072.57,1157.77,487.0,8.0,2954.28
7455,34,M,Primaria,Norte,1324.84,2013.18,497.0,8.0,3166.41
7456,62,F,Secundaria,Norte,869.1,1978.57,497.0,6.0,
7457,40,F,Postgrado,Occidente,4134.76,7475.98,703.0,4.0,15804.93
7458,31,F,Primaria,Centro,2452.42,,659.0,5.0,9971.48
7459,24,M,Universitario,Norte,2016.67,3708.72,528.0,5.0,3280.64
7460,63,F,Universitario,Oriente,2740.43,4994.56,785.0,1.0,11289.03
7461,49,F,Secundaria,Occidente,1109.32,2208.18,,7.0,2618.12
7462,32,M,Secundaria,Sur,847.77,2276.44,434.0,10.0,500.0
7463,61,M,Universitario,Norte,2282.74,4388.41,607.0,9.0,7575.03
7464,34,F,Universitario,Centro,1664.48,2119.61,562.0,7.0,2253.98
7465,58,M,Primaria,Centro,1006.39,2552.27,,5.0,813.97
7466,71,F,Secundaria,Sur,,2929.13,548.0,7.0,2353.29
7467,64,F,Tecnico,Sur,1028.39,1733.47,533.0,,
7468,61,F,Secundaria,Centro,1476.86,2905.46,613.0,3.0,4185.43
7469,51,F,Secundaria,Sur,641.83,781.81,,6.0,500.0
7470,22,M,Postgrado,Sur,3981.83,6546.57,,5.0,12609.32
7471,62,M,Secundaria,Occidente,729.3,789.78,449.0,8.0,1903.0
7472,44,F,Universitario,Sur,1846.1,2854.17,555.0,9.0,4860.25
7473,69,F,Tecnico,Sur,3209.09,6930.42,653.0,7.0,8222.76
7474,40,F,Primaria,Oriente,1650.15,2911.08,613.0,8.0,7466.96
7475,57,F,Universitario,Norte,,3793.87,653.0,3.0,6932.71
7476,31,F,Tecnico,Centro,,8311.32,691.0,10.0,18024.39
7477,32,M,Secundaria,Oriente,1534.77,3294.09,598.0,3.0,5976.09
7478,60,F,Secundaria,Centro,2501.93,5665.93,665.0,9.0,8018.18
7479,50,M,Tecnico,Centro,,,486.0,5.0,2592.4
7480,70,M,Tecnico,Occidente,518.56,913.94,,,500.0
7481,48,M,Postgrado,Sur,3701.17,8043.6,688.0,6.0,12761.2
7482,52,F,Universitario,Oriente,2990.34,5206.91,641.0,11.0,9863.8
7483,34,F,Secundaria,Oriente,1778.47,2975.79,602.0,7.0,3549.21
7484,45,M,Universitario,Norte,1262.67,1350.34,511.0,9.0,4851.9
7485,36,M,Primaria,Sur,4532.59,7669.1,725.0,4.0,17216.46
7486,63,F,Primaria,Occidente,,441.56,470.0,14.0,2266.04
7487,71,F,Secundaria,Centro,1661.46,1946.77,597.0,7.0,5133.36
7488,40,F,Tecnico,Oriente,2008.37,3550.01,605.0,3.0,6183.3
7489,49,F,Secundaria,Sur,2200.14,3566.04,593.0,9.0,5023.18
7490,57,F,Secundaria,Norte,1133.18,3003.23,585.0,1.0,2527.56
7491,30,M,Secundaria,Norte,1854.32,3581.71,565.0,5.0,4901.38
7492,37,M,Secundaria,Centro,3078.78,6095.68,735.0,,12124.85
7493,52,M,Postgrado,Centro,2739.72,5310.71,562.0,3.0,8157.54
7494,22,F,Postgrado,Sur,2526.21,,572.0,8.0,5876.95
7495,26,M,Tecnico,Occidente,1107.36,1830.7,514.0,9.0,
7496,46,F,Tecnico,Norte,2025.44,3983.6,531.0,2.0,8367.18
7497,23,M,Tecnico,Centro,1162.83,699.14,,12.0,6017.45
7498,42,M,Universitario,Sur,3278.41,4488.53,688.0,7.0,12243.66
7499,48,M,Universitario,Occidente,,3668.97,581.0,7.0,3826.08
7500,39,M,Primaria,Sur,1071.8,1733.28,534.0,5.0,2407.51
7501,19,M,Secundaria,Oriente,915.42,0.0,535.0,10.0,
7502,62,F,Secundaria,Oriente,4106.77,5956.16,708.0,6.0,13450.23
7503,22,M,Secundaria,Sur,1509.45,1934.26,504.0,0.0,1612.58
7504,44,F,Secundaria,Norte,,2015.27,478.0,10.0,3118.3
7505,42,M,Universitario,Norte,,4499.63,629.0,7.0,
7506,25,F,Universitario,Centro,1082.71,2868.12,507.0,8.0,2378.81
7507,72,F,Primaria,Norte,945.74,1122.94,,8.0,1312.21
7508,18,F,Secundaria,Centro,1731.78,,567.0,8.0,3234.18
7509,37,M,Tecnico,Sur,,5907.61,640.0,7.0,7526.06
7510,61,M,Primaria,Norte,,4033.12,485.0,9.0,2979.93
7511,40,F,Primaria,Norte,2149.97,4714.35,623.0,4.0,5246.86
7512,49,M,Universitario,Oriente,2249.17,3454.99,580.0,9.0,7096.66
7513,28,F,Secundaria,Norte,2181.8,3735.06,522.0,6.0,7719.64
7514,56,M,Universitario,Norte,3542.59,6399.75,602.0,9.0,8158.31
7515,64,F,Universitario,Occidente,3662.84,,692.0,7.0,12230.58
7516,71,M,Universitario,Norte,1302.72,2478.18,528.0,6.0,1974.76
7517,41,F,Primaria,Centro,1346.88,2549.77,596.0,4.0,5864.65
7518,28,F,Secundaria,Norte,1280.88,2154.88,581.0,8.0,3374.6
7519,46,M,Secundaria,Oriente,2720.06,4692.36,585.0,7.0,6531.9
7520,71,M,Primaria,Sur,1332.31,3507.44,539.0,11.0,
7521,43,M,Secundaria,Norte,1257.43,1571.12,583.0,6.0,4017.33
7522,33,F,Universitario,Sur,2051.02,3324.97,556.0,3.0,6146.48
7523,52,M,Postgrado,Norte,2853.07,3986.37,711.0,3.0,10903.42
7524,37,M,Universitario,Centro,2552.73,3859.73,617.0,5.0,9655.94
7525,63,F,Secundaria,Sur,1806.94,,,3.0,
7526,20,M,Tecnico,Norte,1573.56,2919.17,,10.0,4785.44
7527,18,M,Secundaria,Centro,1236.16,2894.83,525.0,12.0,2713.6
7528,75,M,Secundaria,Centro,1040.2,2557.67,544.0,10.0,
7529,70,F,Universitario,Occidente,4850.13,9812.39,676.0,9.0,14500.61
7530,64,F,Primaria,Occidente,,1197.47,522.0,2.0,1512.41
7531,18,M,Tecnico,Sur,1911.45,2756.84,582.0,9.0,4200.93
7532,34,F,Universitario,Occidente,2850.65,4257.74,646.0,3.0,10895.57
7533,19,M,Primaria,Sur,1296.48,3759.08,570.0,5.0,2267.84
7534,46,M,Postgrado,Occidente,2705.58,,632.0,5.0,7411.55
7535,37,M,Primaria,Centro,1553.75,3503.07,572.0,8.0,3447.93
7536,23,M,Universitario,Sur,,6999.14,751.0,10.0,16303.9
7537,25,F,Secundaria,Oriente,1965.27,3531.54,613.0,5.0,4715.33
7538,46,F,Primaria,Occidente,1471.25,3094.74,551.0,,
7539,65,F,Primaria,Norte,1680.57,1885.35,556.0,8.0,3501.45
7540,68,M,Tecnico,Norte,1950.62,3115.34,,7.0,9135.15
7541,50,M,Universitario,Occidente,2154.47,,555.0,6.0,7445.94
7542,20,F,Tecnico,Sur,4077.79,5602.85,695.0,5.0,14090.79
7543,52,M,Universitario,Occidente,4882.41,9975.29,712.0,,16649.86
7544,22,F,Universitario,Oriente,1857.91,3878.23,590.0,2.0,5194.35
7545,44,M,Primaria,Oriente,2008.85,2700.54,,11.0,8571.44
7546,61,M,Tecnico,Centro,2305.1,4110.56,594.0,4.0,6704.58
7547,29,M,Secundaria,Centro,1550.56,3171.85,519.0,9.0,4920.05
7548,37,F,Secundaria,Sur,2929.29,5377.07,586.0,3.0,12107.6
7549,62,F,Primaria,Occidente,1315.53,2321.26,,8.0,3860.38
7550,37,M,Secundaria,Oriente,1666.78,2908.48,,7.0,5745.94
7551,26,F,Tecnico,Centro,2173.69,4532.91,566.0,10.0,7650.63
7552,56,M,Secundaria,Oriente,885.02,2245.76,419.0,7.0,1115.55
7553,21,M,Tecnico,Sur,1952.51,4073.81,548.0,8.0,7380.99
7554,68,F,Universitario,Occidente,1354.18,3002.37,564.0,6.0,
7555,71,F,Primaria,Centro,1652.22,3359.44,572.0,4.0,4180.4
7556,36,M,Universitario,Norte,3030.44,5928.29,666.0,4.0,8196.84
7557,55,M,Tecnico,Centro,3135.33,6987.95,684.0,5.0,9164.92
7558,44,F,Primaria,Centro,1597.66,2785.68,600.0,6.0,7267.29
7559,62,F,Universitario,,7958.84,12967.43,724.0,4.0,30138.52
7560,60,F,Secundaria,Norte,823.28,2475.42,549.0,6.0,500.0
7561,30,M,Secundaria,Occidente,1452.94,2977.22,542.0,9.0,4005.72
7562,30,F,Primaria,Occidente,1879.86,3806.67,602.0,9.0,4593.47
7563,74,M,Tecnico,Norte,3202.1,5068.78,664.0,11.0,10374.49
7564,39,F,Secundaria,Occidente,1152.75,745.91,538.0,4.0,5940.76
7565,45,M,Secundaria,Centro,2575.01,4861.92,604.0,7.0,
7566,69,M,Primaria,Oriente,654.57,970.16,429.0,8.0,1834.6
7567,64,M,Universitario,Norte,,3124.78,590.0,9.0,8450.28
7568,70,F,Universitario,Occidente,3049.77,5069.85,693.0,4.0,12448.83
7569,62,F,Tecnico,Sur,2123.88,3867.4,657.0,3.0,
7570,39,M,Secundaria,Occidente,2624.06,4184.38,,11.0,8861.16
7571,60,F,Primaria,Sur,1857.69,4542.74,620.0,11.0,5614.09
7572,36,F,Universitario,Sur,1948.91,3352.48,,5.0,5957.01
7573,25,M,Primaria,Norte,2044.58,4368.55,590.0,2.0,7834.17
7574,69,F,Primaria,Norte,,3296.5,577.0,3.0,5412.18
7575,25,F,Secundaria,Centro,2105.45,4828.4,590.0,7.0,7315.88
7576,59,M,Universitario,Occidente,3560.66,6552.03,690.0,4.0,11070.36
7577,43,M,Secundaria,Norte,1348.39,3163.5,468.0,7.0,5048.23
7578,65,M,Primaria,Occidente,,4103.58,533.0,6.0,4550.66
7579,68,M,Tecnico,Occidente,,5218.3,583.0,4.0,6318.53
7580,43,M,Tecnico,Centro,,5454.88,662.0,4.0,9027.66
7581,40,F,Tecnico,Centro,,5692.46,679.0,14.0,10481.3
7582,60,F,Secundaria,Occidente,1488.27,2531.86,560.0,6.0,3747.34
7583,30,M,Universitario,Norte,3745.27,5768.06,719.0,8.0,14810.75
7584,45,F,Secundaria,Centro,1294.28,2081.1,513.0,9.0,1801.36
7585,26,F,Tecnico,Norte,1415.58,1445.25,,7.0,1812.57
7586,37,F,Tecnico,Occidente,1777.28,3801.74,557.0,4.0,3078.46
7587,73,M,Secundaria,Sur,1585.52,1415.83,555.0,9.0,5138.26
7588,36,F,Secundaria,Centro,,2436.42,637.0,5.0,8968.39
7589,65,F,Primaria,Centro,755.71,1616.08,461.0,7.0,
7590,56,M,Secundaria,Centro,1987.25,4219.46,602.0,7.0,5504.2
7591,68,M,Secundaria,Norte,1477.2,1050.93,555.0,8.0,4821.15
7592,29,M,Universitario,Occidente,998.9,2097.28,491.0,8.0,1976.12
7593,32,F,Primaria,Sur,1409.48,,559.0,7.0,3360.91
7594,48,M,Universitario,Oriente,4592.01,6920.17,655.0,6.0,14324.69
7595,72,F,Secundaria,Centro,2567.16,3187.19,589.0,6.0,8103.87
7596,31,F,Secundaria,Sur,1467.83,2651.02,540.0,2.0,4055.77
7597,28,M,Primaria,Norte,963.13,2108.69,,9.0,
7598,43,F,Tecnico,Oriente,2670.66,4434.55,657.0,8.0,11616.8
7599,59,M,Tecnico,Oriente,1535.94,2930.71,598.0,5.0,5321.11
7600,44,M,Universitario,Norte,2364.3,4261.05,570.0,5.0,7819.92
7601,28,F,Secundaria,Norte,4641.07,9953.19,650.0,7.0,17504.53
7602,55,F,Secundaria,Oriente,,3618.86,,6.0,7458.89
7603,51,M,Universitario,Norte,2254.09,3681.39,591.0,12.0,6660.21
7604,60,F,Tecnico,Sur,2538.71,4257.63,630.0,12.0,6662.33
7605,36,M,Universitario,Sur,4862.89,,738.0,2.0,18864.5
7606,23,M,Secundaria,Norte,1783.35,3496.11,581.0,6.0,
7607,63,M,Tecnico,Sur,1148.28,1616.81,,7.0,5042.01
7608,69,M,Primaria,Sur,1476.67,1943.34,538.0,9.0,3693.06
7609,55,F,Secundaria,Sur,1389.87,1500.42,514.0,3.0,2529.98
7610,66,F,Primaria,Centro,1146.21,2141.83,495.0,7.0,4330.56
7611,59,F,Tecnico,Oriente,1377.69,2868.23,,9.0,5018.7
7612,45,M,Tecnico,Norte,1104.48,1845.98,516.0,4.0,
7613,18,M,Primaria,Centro,886.7,2324.75,472.0,9.0,
7614,52,M,Secundaria,Centro,2158.36,4184.14,580.0,6.0,5603.26
7615,57,F,Secundaria,Oriente,2416.12,5797.61,620.0,5.0,7237.15
7616,25,F,Secundaria,Centro,,5950.32,647.0,5.0,9270.05
7617,69,F,Primaria,Oriente,1020.15,701.4,459.0,5.0,500.0
7618,71,M,Secundaria,Sur,,2496.97,546.0,7.0,3821.97
7619,64,M,Universitario,Occidente,3743.7,6520.43,676.0,5.0,14533.6
7620,73,M,Secundaria,Sur,821.92,408.32,485.0,11.0,1482.7
7621,24,M,Secundaria,Sur,592.9,275.52,441.0,14.0,500.0
7622,28,M,Postgrado,Oriente,4711.86,9078.79,688.0,8.0,17266.91
7623,56,F,Primaria,Sur,,2230.17,488.0,2.0,500.0
7624,21,M,Universitario,Oriente,1698.15,3673.36,639.0,5.0,4054.58
7625,42,F,Secundaria,Norte,2007.67,3693.14,635.0,3.0,6641.46
7626,29,F,Postgrado,Centro,3339.58,5827.74,,,9802.14
7627,43,M,Secundaria,Oriente,,2262.75,464.0,,2525.59
7628,55,F,Tecnico,Oriente,1033.52,2065.05,544.0,12.0,2296.53
7629,63,M,Primaria,Oriente,984.45,1908.45,520.0,11.0,3964.12
7630,29,F,Universitario,Sur,1880.86,2600.59,598.0,4.0,6991.25
7631,60,F,Secundaria,Occidente,1298.95,3150.51,513.0,8.0,1984.2
7632,68,F,Tecnico,Norte,2496.78,4530.98,603.0,5.0,6022.17
7633,70,F,Primaria,Norte,1472.98,881.03,562.0,4.0,3004.51
7634,54,M,Postgrado,Norte,3081.52,4545.07,665.0,4.0,11151.88
7635,63,F,Tecnico,Occidente,1996.25,3261.16,677.0,4.0,5186.36
7636,70,F,Primaria,Centro,2845.38,5289.85,678.0,6.0,7787.59
7637,41,F,Primaria,Oriente,1418.62,2559.69,552.0,10.0,3414.57
7638,33,F,Secundaria,Norte,2846.08,4566.24,523.0,4.0,6307.44
7639,74,F,Secundaria,Centro,1241.06,3220.99,,6.0,
7640,30,F,Secundaria,Sur,1344.38,3020.12,537.0,6.0,3640.22
7641,42,M,Postgrado,Sur,2862.46,5124.86,593.0,7.0,9632.18
7642,71,M,Tecnico,Norte,2276.52,2846.57,,7.0,9800.73
7643,71,F,Universitario,Centro,3163.68,5450.05,712.0,8.0,12711.32
7644,74,F,Secundaria,Norte,2047.22,,680.0,4.0,6777.0
7645,69,F,Tecnico,Sur,,0.0,462.0,,500.0
7646,71,M,Secundaria,Norte,1065.52,2334.83,492.0,8.0,2858.51
7647,21,M,Secundaria,Sur,1619.28,3065.14,603.0,5.0,6081.01
7648,28,F,Secundaria,Norte,3384.19,5316.05,624.0,7.0,8641.1
7649,49,F,Secundaria,Sur,1213.24,2382.36,531.0,14.0,
7650,66,F,Postgrado,Norte,9436.93,17768.54,723.0,7.0,33926.31
7651,24,M,Secundaria,Centro,794.95,1839.52,508.0,3.0,4477.82
7652,63,M,Universitario,Centro,2792.56,4558.3,617.0,,7614.27
7653,75,M,Tecnico,,1785.05,5130.55,,5.0,9114.49
7654,28,M,Secundaria,Sur,1168.49,2452.15,515.0,6.0,5792.29
7655,45,F,Secundaria,Occidente,2265.44,3577.35,631.0,4.0,7876.72
7656,71,M,Secundaria,Occidente,1533.66,4064.18,550.0,4.0,3406.42
7657,58,M,Primaria,Oriente,629.12,0.0,,12.0,1334.67
7658,40,M,Universitario,Oriente,989.91,848.53,,8.0,2225.43
7659,62,M,Universitario,Sur,1548.54,2392.65,541.0,6.0,2565.38
7660,40,F,Secundaria,Sur,1987.6,4357.12,603.0,12.0,4394.75
7661,67,M,Universitario,Sur,2301.55,,666.0,6.0,8685.65
7662,45,M,Secundaria,Centro,2405.84,4229.42,,6.0,4973.67
7663,60,F,Tecnico,Centro,1745.2,2405.16,550.0,6.0,3102.39
7664,64,M,Secundaria,Sur,1775.07,3756.14,,11.0,5488.44
7665,74,F,Primaria,Oriente,2518.71,4914.48,622.0,2.0,5205.12
7666,43,M,Primaria,Centro,1106.19,829.33,,6.0,
7667,42,F,Secundaria,Norte,3624.5,6486.58,672.0,3.0,12472.11
7668,71,M,Primaria,Centro,1723.56,3304.31,648.0,6.0,9223.85
7669,46,M,Primaria,Occidente,791.82,1274.28,474.0,13.0,3427.67
7670,36,M,Primaria,Norte,689.83,,534.0,7.0,1449.59
7671,50,M,Primaria,Sur,638.03,596.51,,13.0,500.0
7672,53,F,Primaria,Occidente,1247.39,2909.75,481.0,8.0,4268.32
7673,31,M,Tecnico,Centro,846.28,912.18,405.0,9.0,500.0
7674,31,F,Universitario,Occidente,5208.85,10130.5,602.0,8.0,14568.25
7675,52,F,Secundaria,Occidente,4192.19,7544.43,692.0,8.0,15818.93
7676,47,M,Primaria,Centro,,664.32,392.0,9.0,500.0
7677,45,M,Universitario,Norte,2704.95,4820.42,544.0,2.0,6280.48
7678,34,F,Primaria,Norte,488.79,947.85,,12.0,3171.59
7679,20,F,Universitario,Centro,3163.35,5417.47,645.0,7.0,12681.53
7680,33,M,Primaria,Occidente,1803.36,2942.4,586.0,7.0,2863.35
7681,63,M,Secundaria,Centro,1561.33,2008.59,,6.0,1034.46
7682,47,M,Primaria,Occidente,,3647.78,564.0,7.0,6550.12
7683,69,M,Secundaria,Norte,1174.95,1466.98,488.0,9.0,500.0
7684,46,F,Universitario,Occidente,,3469.94,579.0,4.0,6303.6
7685,62,F,Primaria,Centro,1721.04,3444.08,625.0,6.0,7593.84
7686,32,F,Postgrado,Sur,2975.77,3846.61,706.0,5.0,9227.21
7687,63,M,Secundaria,Norte,2712.66,4903.97,583.0,7.0,7478.37
7688,73,M,Universitario,Centro,1869.72,2475.1,599.0,6.0,5396.71
7689,42,F,Secundaria,Norte,1300.5,2694.29,495.0,7.0,4065.08
7690,68,M,Secundaria,Norte,623.25,968.07,,15.0,2383.47
7691,55,M,Tecnico,Norte,5252.01,8743.66,723.0,6.0,20347.97
7692,59,M,Primaria,Sur,,773.25,437.0,12.0,500.0
7693,64,F,Universitario,Centro,4135.65,7794.18,672.0,7.0,11984.33
7694,70,M,Secundaria,Oriente,1919.3,3095.8,577.0,5.0,4172.52
7695,71,M,Tecnico,Sur,1899.45,3122.98,547.0,7.0,2742.9
7696,69,F,Primaria,Oriente,847.38,2267.25,529.0,5.0,1745.76
7697,75,F,Tecnico,Occidente,1558.38,3137.24,562.0,4.0,3239.96
7698,55,M,Tecnico,Oriente,1549.0,2409.24,521.0,1.0,2584.81
7699,40,F,Universitario,Centro,1889.85,3466.51,579.0,7.0,8165.22
7700,42,M,Secundaria,Centro,576.79,782.31,,10.0,2620.16
7701,59,M,Universitario,Sur,3226.77,6636.88,627.0,8.0,9077.15
7702,24,F,Postgrado,Sur,4274.94,,646.0,6.0,14580.51
7703,39,M,Universitario,Centro,2041.41,4113.35,552.0,8.0,5476.26
7704,34,M,Tecnico,Sur,1737.83,3513.66,524.0,5.0,4521.25
7705,35,F,Secundaria,Norte,1919.36,2867.59,584.0,4.0,5299.61
7706,66,F,Primaria,Centro,675.41,490.44,444.0,9.0,974.82
7707,58,F,Postgrado,Oriente,1644.71,3884.25,649.0,6.0,2347.46
7708,27,M,Postgrado,Norte,3218.0,5623.12,674.0,12.0,9161.38
7709,27,M,Primaria,Norte,1005.3,2958.79,503.0,13.0,824.78
7710,74,M,Secundaria,Centro,1317.55,1558.83,530.0,5.0,4257.81
7711,24,M,Universitario,Centro,3040.24,,627.0,10.0,8801.3
7712,65,M,Primaria,Centro,,1436.21,,7.0,500.0
7713,67,F,Secundaria,Centro,1921.4,3118.88,544.0,10.0,5964.04
7714,55,M,Postgrado,Norte,7527.44,13823.38,704.0,5.0,26754.92
7715,44,M,Universitario,Norte,6202.69,10563.28,663.0,10.0,19834.58
7716,69,M,Universitario,Centro,3733.43,6579.4,,7.0,13962.34
7717,50,M,Primaria,Centro,,144.98,,7.0,1984.25
7718,18,F,Secundaria,Centro,1899.84,3904.5,587.0,4.0,4017.51
7719,61,M,Tecnico,Oriente,3762.14,,671.0,6.0,12165.76
7720,70,F,Secundaria,Sur,1786.07,4251.63,645.0,10.0,8285.63
7721,51,F,Secundaria,Sur,1132.09,,526.0,6.0,5842.76
7722,21,F,Universitario,Sur,1914.27,3065.01,532.0,12.0,5758.56
7723,34,M,Universitario,Centro,4110.57,,626.0,15.0,12972.26
7724,21,F,Secundaria,Occidente,1132.56,405.23,566.0,7.0,3510.45
7725,60,M,Primaria,Norte,810.13,1415.15,440.0,9.0,2945.79
7726,71,M,Primaria,Norte,946.24,2084.2,471.0,5.0,801.75
7727,43,M,Secundaria,Centro,1543.59,2765.2,,10.0,3744.55
7728,21,M,Primaria,Occidente,1041.43,1796.26,493.0,9.0,
7729,18,M,Secundaria,Occidente,692.65,721.17,506.0,10.0,3931.39
7730,24,M,Secundaria,Oriente,,1870.74,,7.0,4079.0
7731,47,M,Universitario,Centro,5695.09,9870.29,722.0,0.0,19910.73
7732,67,F,Secundaria,Occidente,1713.15,2251.8,572.0,8.0,5768.29
7733,26,M,Tecnico,Norte,2297.25,4876.41,606.0,11.0,8383.69
7734,52,F,Universitario,Sur,1292.39,3588.85,565.0,6.0,2710.94
7735,25,F,Tecnico,Occidente,2348.1,3735.92,586.0,4.0,8987.82
7736,41,M,Postgrado,Oriente,6488.5,10867.75,710.0,5.0,23972.9
7737,36,F,Tecnico,Centro,2053.76,3091.46,630.0,9.0,8476.84
7738,53,F,Universitario,Oriente,1425.95,1785.66,524.0,10.0,4497.72
7739,67,M,Secundaria,Centro,2101.19,3404.38,578.0,5.0,4831.23
7740,69,M,Tecnico,Norte,2733.5,5132.72,689.0,9.0,8612.66
7741,60,F,Tecnico,Oriente,1360.92,3411.21,530.0,8.0,3681.06
7742,44,F,Postgrado,Norte,5362.93,8381.57,708.0,10.0,17162.82
7743,49,F,Secundaria,Norte,1864.32,4112.31,,5.0,3535.84
7744,31,M,Primaria,Sur,479.19,859.82,391.0,5.0,4010.74
7745,74,F,Tecnico,Sur,1469.74,943.25,544.0,4.0,4134.77
7746,35,M,Secundaria,Norte,1272.41,1283.22,,16.0,
7747,45,M,Tecnico,Norte,1765.96,3584.09,609.0,6.0,8073.57
7748,46,M,Postgrado,Occidente,3321.64,5292.97,622.0,5.0,8652.62
7749,33,M,Postgrado,Norte,4626.98,8018.49,772.0,5.0,18653.82
7750,52,F,Secundaria,,2218.08,3889.3,580.0,5.0,7230.17
7751,64,F,Primaria,Occidente,2592.16,5611.96,666.0,9.0,6799.95
7752,48,F,Tecnico,Sur,2122.64,2800.34,542.0,6.0,7905.79
7753,21,M,Tecnico,Norte,3355.3,6554.07,625.0,4.0,10168.39
7754,54,F,Tecnico,Centro,2803.47,6064.88,630.0,6.0,11567.14
7755,34,F,Universitario,Sur,4105.45,,645.0,4.0,11562.69
7756,56,M,Tecnico,Oriente,3796.02,7457.74,701.0,5.0,14434.16
7757,65,F,Primaria,Sur,1078.29,1521.0,536.0,5.0,500.0
7758,63,F,Universitario,Norte,2411.9,3787.71,593.0,7.0,6150.53
7759,43,F,Primaria,Norte,467.66,577.27,341.0,13.0,1168.61
7760,65,M,Primaria,Centro,2063.97,3898.41,626.0,7.0,5790.17
7761,56,F,Universitario,Oriente,3914.29,6448.21,684.0,6.0,16135.38
7762,58,F,Tecnico,Sur,1983.04,4301.8,574.0,5.0,7183.85
7763,21,M,Tecnico,Norte,2470.88,4099.21,589.0,5.0,6834.35
7764,47,F,Secundaria,,2452.08,2784.85,591.0,3.0,9204.45
7765,47,M,Primaria,Sur,1223.19,2144.29,558.0,5.0,500.0
7766,39,F,Secundaria,Occidente,1810.76,2236.1,561.0,11.0,5347.03
7767,28,F,Tecnico,Centro,1740.31,2922.66,621.0,6.0,4339.02
7768,19,F,Secundaria,Centro,1370.48,2761.49,626.0,3.0,5884.23
7769,61,F,Tecnico,Centro,1376.57,1951.95,571.0,11.0,3004.65
7770,29,M,Universitario,Oriente,1244.41,865.75,611.0,8.0,2194.73
7771,47,M,Secundaria,Oriente,850.59,726.91,506.0,8.0,1836.98
7772,53,F,Universitario,Oriente,2376.0,,602.0,,10184.2
7773,35,M,Universitario,Centro,1430.2,2726.25,607.0,5.0,5386.89
7774,43,M,Universitario,Sur,1573.19,,550.0,13.0,6109.72
7775,70,M,Tecnico,Centro,1314.82,3698.5,638.0,8.0,2925.08
7776,24,M,Secundaria,Oriente,1275.48,3945.1,502.0,9.0,
7777,18,F,Secundaria,Norte,2378.38,4450.53,643.0,4.0,4448.01
7778,75,F,Tecnico,Norte,733.85,1094.59,470.0,12.0,795.33
7779,43,M,Secundaria,Norte,1536.57,2265.51,511.0,0.0,5574.92
7780,40,M,Universitario,Norte,1578.06,2921.33,521.0,9.0,4231.97
7781,43,M,Tecnico,Norte,1767.76,3550.96,477.0,6.0,4748.29
7782,62,M,Primaria,Norte,943.6,2261.9,493.0,,
7783,23,M,Tecnico,Centro,1595.12,2058.73,574.0,6.0,4618.59
7784,23,M,Primaria,Norte,576.97,236.89,341.0,9.0,1188.1
7785,61,F,Primaria,Oriente,1498.66,2504.78,431.0,8.0,3550.98
7786,25,F,Universitario,Norte,2387.06,4298.56,,7.0,8197.79
7787,41,M,Secundaria,Occidente,1605.99,,563.0,8.0,5006.1
7788,39,F,Tecnico,Occidente,2766.9,3092.93,592.0,11.0,10465.69
7789,36,F,Secundaria,Norte,786.55,930.14,472.0,6.0,
7790,54,M,Tecnico,Norte,,2707.97,492.0,9.0,4082.64
7791,35,M,Primaria,Norte,2500.35,3699.55,562.0,6.0,
7792,48,F,Universitario,Sur,3105.3,,679.0,7.0,9110.17
7793,54,M,Universitario,,1034.04,2629.92,517.0,10.0,500.0
7794,47,F,Universitario,,2236.22,4555.13,591.0,7.0,7783.06
7795,74,F,Primaria,Centro,2063.06,4259.62,,9.0,5809.29
7796,59,M,Tecnico,,4753.53,8394.06,682.0,5.0,16665.81
7797,50,F,Universitario,,4917.95,8949.12,669.0,7.0,13596.47
7798,27,F,Primaria,Occidente,,1841.87,463.0,5.0,
7799,54,M,Primaria,Centro,1161.62,1665.56,485.0,16.0,3629.85
7800,29,M,Universitario,Norte,1033.36,2526.79,483.0,9.0,3463.14
7801,71,F,Universitario,Norte,2659.73,3741.96,623.0,6.0,6906.5
7802,47,F,Secundaria,Sur,1661.56,2456.98,600.0,,7169.24
7803,44,F,Primaria,Centro,1813.53,3936.5,547.0,9.0,4348.89
7804,56,F,Secundaria,Norte,572.78,0.0,440.0,7.0,500.0
7805,26,M,Secundaria,Centro,959.17,1840.83,449.0,8.0,
7806,71,M,Secundaria,Centro,1433.82,3462.97,523.0,9.0,
7807,38,M,Secundaria,Sur,2208.76,3363.85,575.0,5.0,5052.7
7808,29,M,Tecnico,Norte,1465.17,2967.76,579.0,9.0,5057.06
7809,72,F,Universitario,Oriente,,13324.42,736.0,4.0,28344.67
7810,46,F,Universitario,Centro,,3203.64,543.0,9.0,5733.12
7811,50,F,Tecnico,Centro,1466.05,2650.03,530.0,,4607.97
7812,60,F,Secundaria,,951.35,2630.36,490.0,10.0,
7813,70,M,Secundaria,Sur,1444.11,2897.53,,7.0,3256.36
7814,32,M,Primaria,Sur,,3313.62,,3.0,3462.97
7815,19,M,Secundaria,Centro,1555.04,3446.9,470.0,6.0,2942.31
7816,69,F,Postgrado,Occidente,2358.49,,,7.0,6666.64
7817,56,M,Tecnico,Centro,3207.74,,661.0,9.0,12831.85
7818,70,F,Primaria,Centro,2359.11,3253.56,647.0,7.0,8887.0
7819,61,F,Secundaria,Centro,1136.59,2879.59,,13.0,3171.96
7820,71,M,Primaria,Norte,5092.73,9296.95,661.0,6.0,17303.98
7821,35,M,Secundaria,Sur,900.3,3120.12,456.0,,2011.82
7822,20,F,Secundaria,Centro,1461.49,876.43,521.0,8.0,
7823,24,M,Secundaria,Occidente,1474.03,2596.66,,9.0,4738.48
7824,60,F,Secundaria,Norte,937.16,,493.0,10.0,808.48
7825,35,F,Primaria,Sur,1295.46,3048.75,565.0,8.0,3745.47
7826,61,M,Tecnico,Oriente,1769.9,4746.54,546.0,8.0,2378.71
7827,55,M,Tecnico,Occidente,2231.85,4022.93,600.0,9.0,9175.19
7828,54,M,Universitario,Norte,2457.46,4760.23,631.0,6.0,8727.11
7829,75,F,Secundaria,Occidente,2291.51,2695.39,,6.0,6661.94
7830,50,M,Universitario,Occidente,3199.92,,627.0,7.0,10626.22
7831,61,F,Tecnico,Occidente,1196.61,,500.0,9.0,
7832,48,F,Secundaria,Occidente,1326.53,1931.59,532.0,7.0,3877.24
7833,75,F,Secundaria,Occidente,1107.03,2231.52,545.0,6.0,500.0
7834,28,M,Secundaria,Sur,,5762.42,642.0,6.0,11926.92
7835,21,F,Secundaria,Oriente,2211.64,5274.95,630.0,7.0,
7836,35,F,Primaria,Sur,1373.91,1864.52,527.0,8.0,
7837,21,F,Universitario,Sur,2928.71,4562.19,626.0,6.0,8162.53
7838,66,F,Primaria,Sur,1194.46,1468.97,573.0,10.0,4841.38
7839,51,F,Secundaria,Occidente,1636.94,2598.2,527.0,,2456.9
7840,46,F,Secundaria,Norte,1080.59,670.13,534.0,8.0,6486.59
7841,41,M,Secundaria,Oriente,1111.49,1791.08,518.0,9.0,5729.92
7842,39,F,Universitario,Centro,3151.45,5700.57,623.0,9.0,12292.94
7843,19,M,Postgrado,Centro,1941.64,4694.45,533.0,12.0,7047.53
7844,61,F,Primaria,Norte,907.84,1534.29,488.0,5.0,2686.53
7845,23,F,Secundaria,Centro,1304.6,3360.96,,9.0,1054.57
7846,59,M,Universitario,Occidente,1258.31,2928.04,585.0,4.0,6379.29
7847,42,F,Secundaria,Centro,2355.04,4349.58,616.0,8.0,6625.41
7848,72,F,Tecnico,,2565.47,4503.94,567.0,10.0,5995.73
7849,74,M,Postgrado,Norte,4257.31,8092.11,704.0,6.0,13970.61
7850,38,M,Tecnico,Occidente,1499.77,3213.59,597.0,9.0,1029.35
7851,72,M,Primaria,Oriente,2157.12,3460.33,611.0,9.0,8726.86
7852,33,F,Universitario,Centro,2835.62,5573.14,645.0,7.0,9452.94
7853,48,F,Postgrado,Centro,5211.31,9308.07,633.0,3.0,15875.15
7854,31,F,Tecnico,Centro,2821.31,5514.53,670.0,5.0,9904.52
7855,56,F,Secundaria,Centro,1244.35,,,5.0,4222.65
7856,45,F,Postgrado,Centro,2230.04,3725.24,553.0,12.0,6648.14
7857,49,M,Postgrado,Occidente,,2246.19,573.0,8.0,6232.66
7858,45,M,Universitario,Oriente,2482.27,4425.48,622.0,9.0,7394.15
7859,68,F,Secundaria,Centro,463.29,0.0,389.0,7.0,500.0
7860,72,F,Universitario,Occidente,1570.82,3037.92,590.0,9.0,595.9
7861,66,F,Tecnico,Norte,1380.02,1678.01,491.0,14.0,500.0
7862,26,F,Primaria,Centro,879.71,1494.88,,8.0,1732.25
7863,75,F,Tecnico,Sur,2509.2,5820.97,592.0,5.0,4801.19
7864,62,M,Universitario,Norte,1309.51,3822.89,,5.0,5322.44
7865,39,F,Universitario,Norte,1113.77,2293.76,558.0,6.0,7610.91
7866,49,M,Universitario,Centro,1145.91,1341.52,,14.0,2594.55
7867,22,M,Primaria,Oriente,1461.04,,542.0,8.0,2513.94
7868,40,F,Secundaria,Occidente,1150.72,,471.0,8.0,
7869,22,F,Secundaria,Sur,1092.16,774.03,488.0,9.0,
7870,59,M,Universitario,Sur,5440.16,11355.12,691.0,5.0,19375.04
7871,70,F,Primaria,Sur,1542.96,2768.97,,15.0,3625.85
7872,49,F,Universitario,Centro,1753.58,3597.5,584.0,10.0,3181.57
7873,27,F,Tecnico,Oriente,936.3,1425.1,430.0,11.0,500.0
7874,56,F,Universitario,Sur,5755.0,10786.65,707.0,12.0,19302.57
7875,75,M,Secundaria,,1779.77,,588.0,12.0,6997.01
7876,32,F,Tecnico,Norte,1451.59,2520.39,512.0,8.0,2202.87
7877,24,F,Postgrado,Occidente,3479.58,6996.69,610.0,6.0,11759.78
7878,46,F,Universitario,Norte,2006.58,3468.24,609.0,6.0,5865.43
7879,64,F,Primaria,Occidente,1575.16,2160.71,500.0,10.0,3865.18
7880,20,M,Primaria,Norte,535.68,1701.46,382.0,6.0,500.0
7881,36,M,Universitario,Sur,1980.7,3276.47,584.0,4.0,5058.2
7882,27,F,Secundaria,Centro,,1324.08,470.0,8.0,500.0
7883,45,M,Tecnico,Occidente,1748.65,2244.26,555.0,11.0,3699.36
7884,46,F,Tecnico,Sur,1180.75,3363.34,571.0,11.0,
7885,32,M,Postgrado,Norte,2472.3,5301.58,,10.0,6657.37
7886,52,M,Secundaria,Centro,1194.88,1947.81,549.0,5.0,6330.18
7887,23,M,Universitario,Centro,2596.41,3976.93,587.0,10.0,6798.08
7888,29,F,Primaria,Occidente,985.2,2316.47,,6.0,2316.37
7889,64,M,Secundaria,Oriente,991.96,2107.72,473.0,3.0,1712.81
7890,55,F,Secundaria,Oriente,1853.7,3007.49,593.0,1.0,5643.36
7891,30,M,Universitario,Norte,5993.96,10715.56,727.0,5.0,23655.59
7892,46,F,Universitario,Sur,,4182.71,566.0,5.0,3739.58
7893,36,M,Secundaria,Occidente,2665.44,4980.58,574.0,9.0,5056.63
7894,20,M,Secundaria,Oriente,716.06,1584.5,437.0,10.0,500.0
7895,25,F,Tecnico,Norte,1234.99,2432.03,495.0,8.0,500.0
7896,25,F,Universitario,Sur,4157.17,8066.39,624.0,4.0,12253.9
7897,72,M,Tecnico,Oriente,,3342.7,575.0,10.0,993.78
7898,75,F,Postgrado,Sur,2546.44,4712.09,657.0,8.0,7208.75
7899,37,M,Universitario,Norte,3463.38,5656.22,625.0,9.0,11972.45
7900,64,M,Secundaria,Norte,982.72,1249.57,523.0,8.0,500.0
7901,21,M,Secundaria,Occidente,1481.69,,556.0,4.0,3489.45
7902,68,M,Tecnico,Centro,2886.01,4054.85,656.0,11.0,
7903,38,M,Universitario,Centro,2807.56,5588.06,715.0,4.0,9092.53
7904,20,M,Secundaria,Oriente,4441.73,10169.76,652.0,5.0,12881.48
7905,62,F,Universitario,Sur,1936.01,4896.51,602.0,3.0,6589.81
7906,25,M,Primaria,Occidente,,3305.57,,11.0,
7907,40,F,Universitario,Norte,3554.05,7925.68,660.0,2.0,8698.35
7908,33,M,Universitario,Oriente,2137.36,4167.89,485.0,9.0,4908.97
7909,30,M,Secundaria,Norte,962.64,,456.0,8.0,5083.46
7910,20,M,Secundaria,Norte,2421.09,4374.6,584.0,6.0,
7911,65,F,Primaria,Norte,999.94,2520.15,498.0,4.0,1854.31
7912,26,F,Universitario,Sur,3107.25,7254.92,,6.0,5714.64
7913,31,F,Universitario,Sur,2848.13,5976.77,621.0,4.0,11780.83
7914,30,M,Tecnico,,1860.95,,536.0,9.0,6165.19
7915,70,F,Primaria,Norte,,3672.34,573.0,10.0,6961.3
7916,74,F,Secundaria,Sur,1856.45,,509.0,12.0,3874.05
7917,24,M,Secundaria,Norte,1920.38,3347.59,513.0,10.0,2920.5
7918,32,M,Secundaria,Norte,1764.91,2349.12,547.0,7.0,7066.29
7919,24,M,Secundaria,Sur,1498.24,3438.46,575.0,6.0,2648.71
7920,55,F,Secundaria,Centro,1296.94,,524.0,8.0,5080.42
7921,51,M,Secundaria,Centro,1514.34,3503.92,548.0,2.0,2893.8
7922,58,F,Tecnico,Sur,2453.44,6422.27,634.0,10.0,8612.56
7923,39,F,Universitario,Norte,2950.87,5207.38,599.0,5.0,10368.02
7924,41,F,Secundaria,Occidente,1959.91,3658.04,534.0,10.0,7652.54
7925,66,M,Tecnico,Sur,10319.44,18865.77,785.0,5.0,40368.35
7926,54,F,Primaria,Norte,,1540.02,,8.0,2042.46
7927,61,M,Tecnico,Sur,915.86,1741.38,511.0,12.0,897.28
7928,18,M,Universitario,,1903.26,3145.8,,7.0,8021.99
7929,27,F,Primaria,Oriente,992.79,2873.39,521.0,8.0,
7930,60,M,Secundaria,Oriente,,3237.51,544.0,7.0,4632.3
7931,33,M,Primaria,Occidente,,896.42,501.0,10.0,3015.42
7932,63,M,Tecnico,Occidente,2607.59,3763.62,651.0,5.0,7717.58
7933,25,M,Tecnico,Sur,1232.5,1545.5,478.0,9.0,
7934,73,M,Primaria,Sur,1652.52,2616.18,512.0,7.0,3965.69
7935,66,M,Primaria,Norte,,1877.04,416.0,11.0,2051.72
7936,42,F,Universitario,Occidente,2395.96,4962.42,602.0,7.0,7269.7
7937,67,M,Secundaria,Norte,,2684.77,,10.0,3021.68
7938,29,F,Secundaria,Sur,,2251.68,567.0,1.0,5889.29
7939,42,M,Postgrado,Norte,1311.98,3156.37,493.0,8.0,5124.25
7940,34,M,Secundaria,,2171.71,3713.15,636.0,,6931.18
7941,43,M,Universitario,Norte,2026.66,2179.99,624.0,6.0,4792.39
7942,63,M,Postgrado,Norte,3271.1,6646.81,,4.0,11752.12
7943,65,F,Secundaria,Norte,1892.88,2859.0,514.0,5.0,5195.34
7944,31,F,Secundaria,Centro,,1729.16,462.0,10.0,
7945,58,M,Tecnico,Centro,,2388.86,581.0,2.0,5836.03
7946,53,F,Universitario,Centro,1107.98,2412.16,500.0,2.0,1419.26
7947,74,M,Secundaria,Centro,1379.39,2610.09,588.0,3.0,6350.02
7948,40,F,Universitario,Sur,4787.84,,691.0,4.0,17249.05
7949,60,F,Postgrado,Occidente,3866.51,8238.9,630.0,3.0,13648.49
7950,23,F,Universitario,Sur,1175.08,2042.53,512.0,6.0,
7951,64,M,Universitario,Norte,3032.15,5268.31,723.0,8.0,11108.22
7952,22,M,Tecnico,Norte,3078.73,6188.01,611.0,9.0,8230.41
7953,60,M,Universitario,Centro,1577.92,3774.22,618.0,9.0,5539.41
7954,42,M,Primaria,Occidente,1089.82,2674.41,606.0,6.0,5838.41
7955,35,M,Tecnico,Norte,1634.9,2464.58,523.0,8.0,2875.6
7956,30,F,Universitario,Oriente,2476.6,4751.81,546.0,3.0,7176.05
7957,60,M,Secundaria,Norte,1636.07,3012.83,524.0,3.0,4157.2
7958,31,F,Primaria,Centro,,2654.93,509.0,8.0,2552.65
7959,45,F,Tecnico,,1711.51,2333.14,541.0,7.0,3385.95
7960,35,F,Primaria,Centro,2063.0,3889.68,594.0,6.0,7797.11
7961,74,M,Secundaria,Centro,671.77,2079.26,,17.0,641.64
7962,45,M,Secundaria,Occidente,900.13,2923.98,,9.0,2226.05
7963,68,F,Postgrado,Norte,6777.6,13122.27,760.0,4.0,26335.97
7964,73,F,Secundaria,Sur,1284.95,1953.75,537.0,4.0,729.44
7965,44,F,Universitario,Centro,3097.04,4828.37,673.0,4.0,11347.77
7966,49,F,Primaria,Occidente,,,533.0,8.0,1288.07
7967,64,M,Tecnico,Oriente,2875.55,6019.76,703.0,8.0,8999.48
7968,26,M,Tecnico,Norte,2100.83,4439.76,555.0,7.0,7679.6
7969,57,M,Tecnico,Occidente,6077.54,10495.98,,3.0,26466.05
7970,49,F,Universitario,Norte,2408.56,,581.0,6.0,5158.19
7971,37,F,Universitario,Norte,1970.5,4561.47,543.0,8.0,
7972,45,F,Universitario,Sur,4293.91,8507.93,681.0,8.0,15619.71
7973,50,F,Secundaria,Oriente,2070.39,4760.62,601.0,7.0,4779.58
7974,21,F,Universitario,Oriente,1599.45,3328.04,561.0,8.0,5725.07
7975,63,M,Secundaria,Sur,2316.44,4686.79,666.0,4.0,5978.39
7976,74,M,Primaria,Centro,,869.54,632.0,7.0,5420.78
7977,51,F,Universitario,Occidente,2541.95,4276.11,635.0,8.0,8699.57
7978,65,M,Universitario,Oriente,3055.35,7118.01,724.0,3.0,12791.45
7979,20,M,Secundaria,Sur,2068.5,3268.96,631.0,4.0,5289.24
7980,43,M,Universitario,Norte,2621.22,4893.17,546.0,12.0,4559.07
7981,25,M,Universitario,Oriente,,4956.69,612.0,8.0,
7982,23,M,Secundaria,Oriente,3698.21,7356.51,575.0,6.0,11580.91
7983,33,F,Secundaria,Occidente,,1834.03,585.0,7.0,1838.17
7984,41,F,Postgrado,Norte,6015.1,9887.94,746.0,6.0,22990.69
7985,65,F,Tecnico,Oriente,1462.01,3919.36,,5.0,5752.11
7986,56,M,Secundaria,Occidente,1054.11,2490.46,450.0,8.0,1875.78
7987,47,F,Tecnico,Centro,,5350.46,659.0,3.0,11982.16
7988,62,F,Tecnico,Oriente,1670.29,3408.53,581.0,,5543.92
7989,30,F,Tecnico,Occidente,734.63,1026.64,430.0,10.0,2873.75
7990,22,F,Tecnico,Sur,1577.67,2127.33,562.0,8.0,4049.92
7991,42,F,Tecnico,Sur,2262.84,4425.12,572.0,9.0,4419.19
7992,37,M,Tecnico,Norte,,1865.45,505.0,7.0,2148.23
7993,71,F,Universitario,Sur,1756.21,2688.37,617.0,6.0,6921.72
7994,35,M,Postgrado,Centro,3552.72,6101.59,657.0,4.0,12606.03
7995,64,M,Tecnico,Norte,1124.63,2651.58,528.0,5.0,2608.46
7996,35,F,Universitario,Oriente,2719.44,4333.22,630.0,6.0,6116.8
7997,19,M,Universitario,Norte,3653.46,5943.51,676.0,4.0,11523.61
7998,27,M,Secundaria,Occidente,2615.4,3948.73,623.0,7.0,6200.13
7999,72,F,Universitario,Sur,1897.74,3293.42,505.0,9.0,6481.47
8000,62,F,Primaria,Sur,2780.15,5812.85,604.0,5.0,8725.0
8001,67,M,Secundaria,Centro,2051.5,3576.22,,8.0,4760.72
8002,64,F,Tecnico,Norte,1389.13,2502.51,,3.0,500.0
8003,29,M,Tecnico,Centro,1451.72,2765.07,,15.0,3734.99
8004,64,M,Tecnico,Centro,,2206.57,,8.0,2164.13
8005,30,M,Universitario,Occidente,930.85,947.84,443.0,10.0,2718.06
8006,67,M,Secundaria,Oriente,2985.21,5027.58,,6.0,11061.59
8007,64,M,Postgrado,Occidente,3798.63,6383.69,661.0,3.0,12843.11
8008,74,M,Secundaria,Oriente,2137.88,3777.16,616.0,8.0,8005.14
8009,72,F,Postgrado,Sur,3657.81,6222.56,679.0,7.0,15452.99
8010,28,F,Secundaria,Sur,739.25,1510.93,478.0,11.0,
8011,36,F,Tecnico,Centro,2079.62,3653.39,574.0,10.0,4728.37
8012,52,F,Secundaria,Oriente,2353.48,3737.73,651.0,4.0,8475.29
8013,56,M,Tecnico,Norte,2837.39,6271.79,666.0,7.0,9713.4
8014,70,F,Secundaria,Sur,2589.45,5045.24,621.0,11.0,7216.88
8015,43,F,Secundaria,Norte,1538.48,2602.7,541.0,5.0,4866.42
8016,63,M,Primaria,Sur,430.83,342.86,488.0,,3348.62
8017,31,M,Tecnico,Centro,2391.87,5036.57,,7.0,4234.99
8018,71,F,Postgrado,Norte,3605.28,5795.26,743.0,9.0,13477.46
8019,62,F,Primaria,Sur,3062.63,6635.77,680.0,,10636.97
8020,61,F,Tecnico,Norte,4384.31,6744.82,659.0,4.0,12580.08
8021,41,M,Universitario,Norte,3932.79,9293.14,675.0,5.0,12192.81
8022,58,M,Secundaria,Centro,833.4,1162.5,457.0,12.0,3765.61
8023,18,F,Secundaria,Centro,868.29,524.28,,,2128.21
8024,68,F,Secundaria,Occidente,,3057.89,594.0,4.0,3453.88
8025,60,M,Secundaria,Sur,920.0,1406.46,459.0,13.0,1586.2
8026,72,M,Primaria,Occidente,,2957.3,556.0,4.0,8626.36
8027,39,F,Secundaria,Norte,2263.09,4358.27,607.0,9.0,11017.58
8028,40,F,Secundaria,Centro,3018.12,5660.26,683.0,7.0,10841.78
8029,73,M,Universitario,Sur,4167.99,,677.0,6.0,14324.96
8030,71,M,Universitario,Norte,,3909.1,613.0,5.0,7334.77
8031,36,F,Universitario,Norte,2305.36,3089.24,613.0,4.0,5412.6
8032,35,F,Tecnico,Sur,1213.28,2045.84,482.0,11.0,3701.32
8033,29,M,Secundaria,Sur,1649.46,3079.05,612.0,6.0,4915.0
8034,72,M,Secundaria,Centro,,667.16,430.0,5.0,3241.21
8035,45,F,Secundaria,Centro,1323.43,2895.56,505.0,6.0,5474.21
8036,45,M,Tecnico,Oriente,2481.67,5082.05,669.0,9.0,9728.86
8037,50,F,Universitario,Norte,3219.6,5286.68,668.0,7.0,13926.05
8038,36,F,Secundaria,Occidente,2191.76,3663.23,,7.0,7492.93
8039,45,M,Secundaria,Occidente,937.4,,450.0,7.0,
8040,69,F,Tecnico,Occidente,1064.6,,588.0,8.0,
8041,66,F,Universitario,Norte,3289.27,5707.54,611.0,7.0,8799.15
8042,54,F,Secundaria,Norte,999.98,1912.73,532.0,6.0,3701.51
8043,43,M,Secundaria,Occidente,887.82,1490.05,,6.0,3818.92
8044,52,F,Universitario,Centro,2696.84,4180.86,626.0,11.0,10453.47
8045,51,M,Primaria,Centro,,,557.0,8.0,4764.29
8046,52,F,Tecnico,Centro,5380.85,10491.46,656.0,6.0,17969.41
8047,57,F,Universitario,Centro,2923.13,6145.92,643.0,7.0,8249.81
8048,33,M,Universitario,Oriente,2550.23,5830.75,653.0,8.0,9155.59
8049,55,F,Primaria,Occidente,958.03,,538.0,2.0,2585.22
8050,30,F,Secundaria,Oriente,2126.21,,628.0,11.0,8342.24
8051,40,M,Secundaria,Sur,,3384.93,460.0,13.0,2516.9
8052,71,M,Tecnico,Centro,1507.73,4531.01,591.0,7.0,2942.9
8053,39,F,Tecnico,Sur,1630.28,4131.81,570.0,12.0,5291.75
8054,33,M,Postgrado,Centro,2791.16,4818.96,686.0,4.0,7951.27
8055,45,M,Secundaria,Norte,1456.43,1350.12,544.0,8.0,5698.12
8056,65,F,Tecnico,Norte,5191.89,8377.5,639.0,12.0,17665.77
8057,52,F,Secundaria,Sur,2043.05,4215.68,594.0,9.0,5151.15
8058,62,F,Primaria,Norte,1149.01,,461.0,14.0,2117.48
8059,63,M,Secundaria,Occidente,1523.7,2184.77,566.0,9.0,2577.35
8060,25,M,Secundaria,Occidente,774.62,0.0,,4.0,
8061,61,M,Universitario,Norte,1105.67,2699.09,568.0,9.0,4054.19
8062,72,F,Tecnico,Centro,2667.97,3880.09,641.0,5.0,8522.53
8063,72,F,Secundaria,Oriente,2203.3,5099.47,529.0,4.0,5971.26
8064,39,M,Secundaria,,1790.72,2423.79,628.0,6.0,5887.38
8065,38,M,Secundaria,Occidente,2906.87,4876.68,732.0,7.0,8755.5
8066,43,F,Secundaria,Centro,1659.85,2454.3,534.0,9.0,3401.36
8067,57,F,Universitario,Norte,3570.02,6933.35,618.0,7.0,11272.05
8068,38,M,Postgrado,Centro,3169.45,5167.91,601.0,8.0,8875.45
8069,42,F,Primaria,Centro,390.05,533.04,312.0,10.0,2693.99
8070,58,M,Universitario,Centro,4186.94,7256.79,708.0,4.0,14280.35
8071,18,F,Secundaria,Oriente,924.19,960.74,451.0,14.0,500.0
8072,23,F,Secundaria,Centro,1623.05,2934.1,524.0,,2341.26
8073,40,F,Tecnico,Occidente,1307.43,2565.34,517.0,14.0,3784.12
8074,68,M,Secundaria,Centro,1778.82,3765.62,634.0,7.0,7310.28
8075,40,M,Primaria,Centro,,5052.67,607.0,5.0,7478.67
8076,60,F,Secundaria,Centro,2034.36,4236.08,576.0,7.0,6359.57
8077,60,M,Secundaria,Centro,,2619.97,569.0,11.0,7601.22
8078,40,F,Primaria,Oriente,1105.29,1971.33,526.0,7.0,3350.03
8079,49,F,Secundaria,Centro,1338.4,1693.57,,7.0,935.31
8080,47,F,Secundaria,Occidente,1323.38,,514.0,6.0,4137.57
8081,30,F,Universitario,Occidente,3307.11,6064.23,695.0,7.0,13785.24
8082,60,F,Secundaria,Occidente,1575.4,3001.94,,8.0,
8083,35,F,Secundaria,Sur,2020.68,2353.88,518.0,9.0,5170.53
8084,40,M,Secundaria,Sur,1380.47,4399.69,514.0,9.0,1099.05
8085,32,M,Universitario,Norte,3717.63,8533.3,662.0,9.0,11402.17
8086,50,M,Secundaria,Sur,2084.71,3254.31,613.0,8.0,8922.14
8087,38,M,Universitario,Occidente,2506.47,3621.0,613.0,5.0,12511.85
8088,74,F,Secundaria,Norte,2168.33,6176.54,611.0,6.0,6360.41
8089,56,F,Universitario,Oriente,3929.38,7958.46,745.0,5.0,13932.1
8090,40,F,Secundaria,Occidente,3442.64,6795.84,679.0,9.0,14349.62
8091,44,F,Primaria,Occidente,879.2,602.94,465.0,5.0,2077.99
8092,62,F,Tecnico,Centro,2784.37,6301.21,637.0,14.0,7262.85
8093,61,F,Tecnico,Centro,2545.48,3886.97,617.0,7.0,7324.25
8094,35,M,Tecnico,Centro,2695.14,4702.96,659.0,3.0,8917.07
8095,41,F,Secundaria,Oriente,1214.89,3288.51,575.0,9.0,1393.08
8096,68,M,Primaria,Norte,1322.31,2050.74,535.0,9.0,1606.01
8097,64,F,Tecnico,Centro,1521.14,2924.46,508.0,6.0,
8098,57,M,Universitario,Centro,2895.82,6152.45,690.0,5.0,10675.66
8099,68,F,Postgrado,Centro,2353.64,3267.77,584.0,9.0,7222.85
8100,59,F,Tecnico,Centro,3437.77,7117.43,670.0,8.0,10760.13
8101,24,F,Primaria,Sur,1232.79,3504.8,,12.0,
8102,67,F,Primaria,Occidente,,4874.51,611.0,5.0,10041.29
8103,65,F,Universitario,Centro,,4344.26,616.0,3.0,5546.44
8104,37,M,Universitario,Oriente,2603.47,4065.37,649.0,7.0,7890.78
8105,44,M,Postgrado,Sur,3472.49,5021.16,,10.0,11430.16
8106,23,F,Tecnico,Norte,2339.07,2625.16,619.0,,8137.19
8107,44,M,Universitario,Oriente,3391.31,6514.89,560.0,12.0,11746.86
8108,26,M,Universitario,Norte,1278.08,2662.93,478.0,7.0,4318.16
8109,70,M,Tecnico,Oriente,3244.04,5371.58,626.0,6.0,10817.6
8110,62,M,Universitario,Oriente,3728.97,7649.63,715.0,2.0,13958.24
8111,74,M,Primaria,,,655.96,443.0,3.0,1852.85
8112,48,M,Tecnico,Centro,3485.45,5280.42,682.0,10.0,9117.65
8113,38,M,Postgrado,Sur,1856.14,2582.32,605.0,7.0,6122.78
8114,43,M,Primaria,Oriente,1363.16,3583.13,536.0,5.0,4601.54
8115,57,F,Universitario,Sur,2164.72,4569.7,656.0,3.0,5619.29
8116,65,F,Secundaria,Oriente,1446.8,2470.17,,6.0,4827.46
8117,62,M,Universitario,Sur,2139.34,3635.01,612.0,7.0,6928.46
8118,30,F,Tecnico,Centro,2225.88,3553.24,517.0,6.0,6397.82
8119,66,M,Universitario,Norte,1688.12,1090.83,599.0,6.0,2275.45
8120,40,F,Tecnico,Sur,2739.75,3652.04,654.0,2.0,8585.44
8121,37,F,Secundaria,Oriente,1891.11,,563.0,8.0,4303.5
8122,54,F,Primaria,Norte,1143.06,2529.41,,7.0,1385.17
8123,71,F,Universitario,Norte,3769.41,6523.2,724.0,7.0,15218.52
8124,70,M,Secundaria,Norte,1260.38,1027.88,512.0,15.0,2565.06
8125,45,M,Tecnico,Sur,1778.7,4502.48,612.0,9.0,4279.81
8126,34,F,Primaria,Sur,601.64,0.0,415.0,10.0,1918.26
8127,45,M,Universitario,Sur,1879.32,3396.01,600.0,7.0,6046.95
8128,58,M,Secundaria,Centro,1044.23,2006.84,,11.0,3565.36
8129,19,M,Universitario,Centro,1039.69,3747.66,471.0,14.0,2426.34
8130,42,M,Tecnico,Oriente,1679.15,2267.33,570.0,9.0,5419.84
8131,75,M,Primaria,Norte,1215.11,2224.35,609.0,6.0,3595.63
8132,67,F,Tecnico,Norte,2160.28,4031.33,656.0,8.0,8025.18
8133,58,M,Universitario,Sur,3212.54,4872.95,643.0,7.0,11679.33
8134,23,M,Universitario,Occidente,2087.99,4000.02,641.0,5.0,6474.86
8135,28,F,Secundaria,Centro,1826.08,2937.8,564.0,2.0,3659.45
8136,74,F,Postgrado,Occidente,5252.21,9206.0,748.0,1.0,21085.12
8137,55,F,Secundaria,Norte,2523.24,3963.6,616.0,6.0,6339.23
8138,23,F,Secundaria,Norte,1873.97,4314.99,543.0,9.0,3889.27
8139,62,F,Universitario,Centro,3110.19,5497.05,634.0,,10695.73
8140,28,F,Secundaria,Oriente,937.08,1045.39,411.0,10.0,2099.65
8141,31,F,Secundaria,Centro,2113.34,2071.56,573.0,9.0,5874.16
8142,19,M,Universitario,Sur,1467.19,4145.81,,9.0,3148.26
8143,57,F,Tecnico,Norte,2144.0,3919.66,616.0,7.0,9008.45
8144,20,M,Primaria,Centro,1548.17,3817.08,580.0,8.0,4945.79
8145,72,F,Tecnico,Centro,,5160.46,601.0,10.0,8111.34
8146,70,M,Tecnico,Sur,581.55,1346.78,388.0,10.0,
8147,52,F,Tecnico,Sur,,5479.91,670.0,9.0,9965.79
8148,50,M,Universitario,Oriente,4810.61,9671.95,687.0,4.0,15659.51
8149,41,F,Secundaria,Sur,,491.55,505.0,6.0,814.38
8150,36,M,Universitario,Sur,2570.42,5341.79,633.0,8.0,6497.15
8151,35,M,Universitario,Sur,2176.26,4145.44,674.0,4.0,8550.05
8152,66,M,Universitario,Occidente,2567.59,3909.72,,9.0,6356.86
8153,69,M,Secundaria,Oriente,2817.68,5760.41,562.0,8.0,7244.25
8154,41,M,Secundaria,Oriente,,2236.63,570.0,8.0,3243.64
8155,62,M,Secundaria,Sur,1004.4,2249.81,464.0,6.0,
8156,52,F,Universitario,Sur,1815.64,3496.54,540.0,5.0,5401.41
8157,18,M,Secundaria,Centro,,1297.88,542.0,10.0,1345.24
8158,53,M,Secundaria,Oriente,661.28,2697.69,462.0,4.0,2100.34
8159,42,F,Tecnico,Norte,,3226.76,513.0,5.0,4180.03
8160,62,F,Universitario,Norte,3383.85,5447.41,666.0,7.0,11017.2
8161,66,M,Primaria,Sur,1461.03,3632.18,555.0,5.0,5611.26
8162,60,M,Postgrado,Norte,3693.59,6368.79,600.0,9.0,10191.55
8163,51,F,Primaria,Occidente,1073.23,1608.46,543.0,8.0,1929.74
8164,42,M,Secundaria,Oriente,1452.26,,575.0,7.0,3494.97
8165,33,M,Tecnico,Sur,2255.72,4585.26,589.0,9.0,6225.08
8166,51,F,Primaria,Centro,1790.41,3024.54,586.0,4.0,4315.96
8167,46,M,Universitario,Sur,2770.28,6245.95,586.0,8.0,
8168,36,F,Secundaria,Centro,909.9,1012.14,559.0,8.0,2261.87
8169,40,M,Primaria,Centro,986.05,2913.62,531.0,13.0,2226.77
8170,36,F,Tecnico,Occidente,2166.71,3298.49,578.0,11.0,5091.52
8171,42,F,Tecnico,Norte,1335.79,2697.83,490.0,10.0,5790.33
8172,33,M,Postgrado,Oriente,2456.95,4137.39,595.0,10.0,4409.2
8173,71,F,Secundaria,Oriente,2174.1,4551.6,579.0,13.0,
8174,68,F,Secundaria,Occidente,2252.86,2426.45,630.0,6.0,5729.29
8175,26,M,Primaria,Sur,754.98,525.3,439.0,8.0,2282.34
8176,18,F,Universitario,Sur,1244.34,2700.18,446.0,,3472.03
8177,59,M,Tecnico,Occidente,1080.58,2652.14,,6.0,
8178,36,F,Postgrado,Oriente,4409.42,7428.26,659.0,5.0,15002.79
8179,50,M,Tecnico,Oriente,1251.54,3113.84,561.0,3.0,500.0
8180,51,M,Universitario,Oriente,1920.15,2899.59,667.0,5.0,6285.71
8181,33,M,Postgrado,Centro,1862.13,3767.46,573.0,6.0,8218.92
8182,61,M,Secundaria,Norte,1567.35,2709.26,566.0,12.0,5131.56
8183,57,M,Primaria,Norte,1112.1,799.58,482.0,8.0,
8184,72,F,Secundaria,Sur,1940.73,4903.0,,4.0,5937.53
8185,35,F,Secundaria,Centro,1727.01,2661.64,558.0,11.0,6309.55
8186,51,M,Secundaria,Sur,,557.23,,4.0,2985.26
8187,42,M,Primaria,Sur,1407.36,2227.76,575.0,10.0,
8188,62,F,Secundaria,Centro,1500.78,2360.35,581.0,5.0,6264.17
8189,23,M,Secundaria,Centro,2515.19,4691.34,,3.0,6122.25
8190,38,M,Primaria,Oriente,822.45,1101.12,503.0,,3388.26
8191,75,M,Secundaria,Occidente,2047.45,3267.0,671.0,5.0,5212.09
8192,23,M,Primaria,Oriente,1204.0,2553.84,527.0,3.0,4784.84
8193,49,M,Secundaria,Norte,1035.59,1869.59,524.0,10.0,1167.17
8194,58,F,Secundaria,Sur,,4871.91,648.0,8.0,6612.76
8195,65,F,Universitario,Oriente,3007.25,5184.22,609.0,2.0,8921.71
8196,60,M,Primaria,Sur,,2159.75,529.0,6.0,3035.11
8197,56,F,Universitario,Centro,1670.81,1790.08,563.0,6.0,6575.52
8198,48,F,Tecnico,Centro,3064.27,6389.18,699.0,4.0,10331.77
8199,59,M,Secundaria,Centro,,3782.14,618.0,7.0,8352.69
8200,27,M,Tecnico,Centro,1756.69,2987.17,547.0,7.0,4361.63
8201,47,M,Secundaria,Norte,1505.22,3147.74,539.0,3.0,3059.65
8202,74,M,Primaria,Sur,770.8,1583.69,544.0,,4281.45
8203,69,M,Universitario,Sur,4688.16,8947.35,826.0,7.0,18657.89
8204,35,M,Universitario,Oriente,1433.27,3673.84,558.0,5.0,4043.83
8205,41,M,Postgrado,Centro,,8718.89,675.0,3.0,18024.03
8206,69,F,Tecnico,Centro,4708.45,8443.25,651.0,4.0,14197.55
8207,26,F,Secundaria,Sur,1028.8,4002.14,476.0,11.0,2911.67
8208,48,F,Secundaria,Occidente,1214.26,1806.29,526.0,7.0,2667.79
8209,32,F,Tecnico,Centro,1238.12,1690.31,501.0,8.0,1975.09
8210,21,F,Universitario,Centro,4024.74,7877.17,625.0,5.0,12931.86
8211,57,F,Secundaria,Centro,,3699.11,582.0,6.0,4330.14
8212,26,M,Universitario,Oriente,1195.27,2828.2,501.0,7.0,809.06
8213,62,M,Secundaria,Occidente,,1198.52,,7.0,2727.01
8214,26,F,Tecnico,Sur,2351.21,4119.76,621.0,,7514.71
8215,43,M,Postgrado,Oriente,,4275.65,601.0,7.0,7348.0
8216,21,M,Universitario,Centro,1040.17,1636.45,640.0,6.0,
8217,34,F,Tecnico,Norte,2283.41,4241.9,628.0,6.0,7100.38
8218,33,F,Secundaria,,1740.88,2884.27,511.0,7.0,5982.99
8219,32,F,Secundaria,Centro,1045.87,3102.59,530.0,10.0,4198.14
8220,52,M,Primaria,Norte,,1089.46,530.0,9.0,3178.95
8221,74,M,Tecnico,Occidente,,4367.68,587.0,11.0,5101.31
8222,69,F,Secundaria,Centro,,1608.01,610.0,8.0,3725.28
8223,22,M,Tecnico,Norte,3197.97,7340.71,664.0,9.0,11051.74
8224,72,M,Secundaria,Centro,2217.31,4732.64,574.0,11.0,
8225,22,M,Secundaria,Sur,1874.52,2816.96,537.0,5.0,2896.03
8226,37,F,Tecnico,Norte,1711.82,3077.48,552.0,9.0,4878.44
8227,32,F,Universitario,Centro,1670.86,3572.82,597.0,8.0,5573.01
8228,35,F,Primaria,Sur,2264.59,4649.69,571.0,2.0,6076.25
8229,64,M,Universitario,Occidente,2488.85,4384.66,581.0,6.0,6737.02
8230,19,M,Secundaria,Centro,,866.3,587.0,5.0,1822.74
8231,46,M,Universitario,Sur,9407.24,17775.07,764.0,5.0,38238.88
8232,30,F,Postgrado,Sur,3573.61,6655.0,637.0,8.0,12980.28
8233,21,M,Secundaria,Norte,862.37,2676.71,361.0,9.0,849.27
8234,59,M,Primaria,Centro,1844.83,3232.96,548.0,9.0,3948.2
8235,62,F,Secundaria,Sur,2408.62,4496.23,589.0,7.0,6345.18
8236,27,M,Secundaria,Oriente,1215.95,3325.41,516.0,6.0,
8237,48,F,Universitario,Centro,1625.41,,555.0,9.0,4704.99
8238,58,F,Primaria,Norte,1101.96,944.41,530.0,5.0,3396.27
8239,25,M,Primaria,Norte,1577.56,1684.92,501.0,13.0,2667.96
8240,20,M,Tecnico,Sur,2465.57,3060.22,666.0,10.0,4567.71
8241,65,M,Tecnico,Sur,1431.5,1875.57,598.0,10.0,3621.05
8242,63,M,Secundaria,Sur,2949.96,4972.03,611.0,4.0,8145.3
8243,26,M,Tecnico,Oriente,,2294.6,549.0,7.0,2355.85
8244,47,F,Universitario,Occidente,1851.79,4147.21,529.0,9.0,6080.06
8245,70,M,Primaria,Occidente,1200.4,483.31,,13.0,3811.26
8246,28,F,Tecnico,Oriente,1523.6,3237.28,512.0,6.0,2167.14
8247,52,M,Universitario,Sur,1942.5,3201.97,563.0,5.0,6868.77
8248,54,M,Secundaria,Norte,2719.69,5174.88,596.0,8.0,7480.31
8249,59,M,Universitario,Centro,2330.36,5736.52,597.0,10.0,5980.48
8250,30,F,Universitario,Sur,2777.03,4341.48,659.0,2.0,10902.83
8251,53,M,Universitario,Occidente,2844.79,5516.32,628.0,6.0,7176.34
8252,73,F,Tecnico,Norte,2252.31,4904.49,743.0,4.0,9403.57
8253,30,F,Tecnico,Oriente,,3001.6,615.0,4.0,5615.08
8254,29,F,Universitario,Occidente,1039.66,1376.18,549.0,4.0,2567.56
8255,54,F,Universitario,Oriente,3689.7,,636.0,2.0,14558.35
8256,27,M,Secundaria,Oriente,1403.32,2141.88,523.0,5.0,1651.87
8257,73,F,Primaria,Centro,,,,6.0,1422.49
8258,26,F,Secundaria,,1178.99,1574.03,,6.0,1826.68
8259,69,F,Secundaria,Centro,1813.33,3737.32,666.0,6.0,6752.19
8260,24,M,Secundaria,Oriente,,2415.71,553.0,6.0,4518.45
8261,19,F,Secundaria,Norte,,963.34,516.0,9.0,1053.66
8262,71,M,Postgrado,Centro,4770.38,9486.46,725.0,6.0,17263.61
8263,73,M,Postgrado,Sur,3840.68,8680.6,688.0,9.0,12904.89
8264,40,F,Universitario,Sur,1611.8,2517.18,520.0,4.0,4268.78
8265,56,F,Postgrado,Sur,4346.58,8556.57,725.0,9.0,18502.65
8266,57,F,Postgrado,Occidente,2968.83,6421.43,651.0,6.0,9897.81
8267,56,F,Universitario,Norte,3605.52,7063.6,650.0,3.0,9267.22
8268,38,M,Primaria,Centro,,2254.0,449.0,6.0,500.0
8269,40,M,Secundaria,Sur,,,582.0,4.0,4778.08
8270,46,F,Tecnico,Centro,2376.47,4050.33,611.0,6.0,5684.87
8271,31,M,Primaria,Sur,795.41,1310.7,431.0,8.0,3490.17
8272,43,F,Universitario,Sur,3320.1,7044.73,705.0,8.0,10868.85
8273,68,M,Primaria,Sur,2712.81,3858.28,644.0,5.0,8800.65
8274,22,M,Secundaria,Norte,,4772.32,497.0,11.0,2206.97
8275,72,F,Primaria,Oriente,1393.66,3816.7,608.0,1.0,4638.1
8276,48,M,Tecnico,,2724.23,4109.71,573.0,3.0,6173.68
8277,42,F,Tecnico,Norte,2617.92,3712.74,,15.0,10484.21
8278,48,M,Universitario,Centro,2588.46,5524.59,628.0,8.0,7947.84
8279,67,M,Secundaria,,1031.26,1624.36,,8.0,2167.8
8280,37,F,Tecnico,Norte,1330.31,,526.0,4.0,1805.22
8281,61,M,Universitario,Sur,2115.35,4591.85,666.0,9.0,9292.12
8282,72,F,Universitario,Norte,1434.99,1643.67,,5.0,3557.96
8283,34,M,Secundaria,Occidente,,5739.62,663.0,3.0,11320.21
8284,62,M,Primaria,Centro,819.84,488.05,518.0,9.0,500.47
8285,19,F,Primaria,Occidente,1120.77,980.5,,12.0,3774.12
8286,42,F,Universitario,Norte,1604.77,3621.86,597.0,6.0,5954.53
8287,30,M,Secundaria,Norte,1909.62,3990.28,587.0,6.0,7396.29
8288,75,F,Primaria,Centro,1996.81,1846.81,585.0,6.0,5483.57
8289,56,F,Secundaria,Occidente,855.76,2248.17,,3.0,1126.48
8290,45,M,Universitario,Sur,3253.18,7399.61,632.0,2.0,14372.06
8291,59,M,Tecnico,Oriente,1087.82,2046.17,,5.0,500.0
8292,72,F,Secundaria,Centro,1329.29,3419.5,572.0,6.0,2993.73
8293,23,M,Tecnico,Norte,5714.77,10109.98,729.0,4.0,20091.38
8294,20,M,Primaria,Sur,1303.59,3214.73,529.0,7.0,
8295,75,F,Secundaria,Sur,2398.12,2206.21,610.0,15.0,5663.92
8296,52,M,Secundaria,Norte,1763.26,2679.43,591.0,6.0,4969.19
8297,35,F,Secundaria,Norte,,4759.89,542.0,8.0,6664.87
8298,28,M,Universitario,Centro,1771.16,4389.87,562.0,5.0,1867.76
8299,71,F,Tecnico,Centro,3707.93,6427.73,710.0,7.0,11382.99
8300,37,F,Universitario,Oriente,5644.83,10144.39,713.0,4.0,22428.56
8301,22,M,Secundaria,Centro,1477.25,1766.71,566.0,8.0,2732.67
8302,36,M,Secundaria,Sur,2558.98,4619.75,658.0,10.0,7749.14
8303,39,M,Secundaria,Oriente,2211.2,2604.03,559.0,5.0,4672.74
8304,36,F,Tecnico,Sur,1634.94,3374.28,582.0,7.0,4287.39
8305,64,M,Secundaria,Sur,1607.51,2449.11,463.0,7.0,5741.55
8306,33,M,Secundaria,Oriente,1211.52,2741.14,550.0,,2904.63
8307,41,F,Tecnico,Sur,4507.18,7658.56,731.0,5.0,17432.03
8308,58,F,Postgrado,Oriente,4902.78,8319.16,740.0,6.0,18970.27
8309,21,M,Primaria,Sur,1167.49,2833.03,551.0,7.0,2489.73
8310,32,M,Primaria,Norte,,1353.68,534.0,8.0,3988.77
8311,42,F,Secundaria,Centro,,3113.07,578.0,9.0,5568.26
8312,61,F,Universitario,Centro,1387.54,3711.17,571.0,12.0,4248.2
8313,72,M,Secundaria,Norte,1131.04,3230.69,558.0,5.0,3109.88
8314,52,M,Tecnico,Sur,1678.24,,542.0,10.0,3217.51
8315,72,F,Tecnico,Sur,1578.23,2864.35,511.0,9.0,6181.34
8316,31,F,Secundaria,Sur,1336.03,4396.56,552.0,9.0,4054.47
8317,66,F,Primaria,Centro,1707.28,4184.72,605.0,3.0,6624.59
8318,36,M,Secundaria,Sur,3550.91,5877.25,708.0,2.0,13830.09
8319,55,M,Secundaria,Norte,2123.08,4417.43,602.0,9.0,6951.2
8320,53,F,Secundaria,Norte,1430.81,1800.56,552.0,6.0,4930.78
8321,24,M,Tecnico,Sur,,5281.27,630.0,7.0,8004.66
8322,47,M,Tecnico,Centro,1859.22,3208.41,559.0,6.0,3097.04
8323,36,M,Primaria,,512.59,493.2,,7.0,1896.2
8324,66,M,Tecnico,Centro,3233.33,6199.06,,9.0,11171.57
8325,42,M,Secundaria,Centro,880.44,904.83,477.0,5.0,3705.93
8326,33,F,Tecnico,Norte,1878.21,3187.68,581.0,6.0,6200.02
8327,64,F,Universitario,Centro,1750.19,3531.21,572.0,4.0,3139.05
8328,71,F,Universitario,Norte,1520.56,2819.48,638.0,13.0,3977.37
8329,57,F,Secundaria,Norte,1264.42,2138.4,,9.0,4129.08
8330,68,M,Tecnico,Oriente,604.99,849.7,,9.0,750.14
8331,25,M,Universitario,Centro,1698.47,2848.02,562.0,10.0,4828.27
8332,35,M,Primaria,Sur,1429.67,3855.1,527.0,8.0,4671.78
8333,45,M,Tecnico,Centro,2136.78,4683.1,,6.0,7096.27
8334,33,F,Universitario,Occidente,1015.86,496.65,475.0,5.0,3380.01
8335,69,M,Secundaria,Oriente,2446.28,3595.56,663.0,8.0,
8336,36,M,Secundaria,Centro,4313.59,6792.06,682.0,8.0,14353.37
8337,59,F,Tecnico,Norte,4051.44,6941.68,690.0,3.0,13476.09
8338,34,M,Primaria,Norte,,2668.91,496.0,12.0,1515.39
8339,62,F,Secundaria,Oriente,,1442.0,526.0,6.0,3049.12
8340,30,F,Secundaria,Centro,978.83,2132.51,,9.0,
8341,24,M,Primaria,Centro,,5629.23,,,8184.88
8342,44,M,Secundaria,Occidente,1193.41,415.87,,6.0,1883.02
8343,27,F,Secundaria,Centro,1058.7,1474.89,510.0,5.0,1681.65
8344,51,M,Secundaria,Sur,2227.1,2730.17,583.0,8.0,5849.22
8345,53,M,Tecnico,Occidente,3068.28,5017.63,621.0,6.0,9199.87
8346,42,M,Secundaria,Oriente,2326.66,4575.83,601.0,,9147.34
8347,23,M,Primaria,Sur,719.08,0.0,473.0,8.0,1264.08
8348,41,M,Secundaria,Occidente,1870.62,3371.46,571.0,7.0,4211.24
8349,35,F,Primaria,Occidente,2286.48,2705.14,608.0,3.0,7519.32
8350,40,F,Secundaria,Occidente,1496.63,1677.91,541.0,6.0,4908.63
8351,23,F,Secundaria,Centro,1649.87,3929.18,660.0,10.0,6128.86
8352,46,M,Tecnico,Centro,1989.26,4138.5,,6.0,5579.69
8353,42,M,Secundaria,Centro,1329.43,1374.47,517.0,8.0,2419.91
8354,72,M,Secundaria,Oriente,1949.6,3508.48,498.0,7.0,3159.83
8355,34,M,Universitario,Norte,3526.8,6161.8,658.0,6.0,13218.96
8356,63,M,Secundaria,Centro,2809.38,5275.9,706.0,11.0,10325.54
8357,41,M,Tecnico,Norte,1753.54,3860.93,514.0,4.0,
8358,28,F,Universitario,Sur,2407.18,6357.45,579.0,5.0,7535.64
8359,43,F,Secundaria,Sur,1198.51,1885.81,608.0,10.0,3461.71
8360,68,F,Postgrado,,7061.95,14309.37,689.0,,23679.54
8361,51,F,Universitario,Oriente,2012.36,2922.53,625.0,,7059.06
8362,45,M,Secundaria,Centro,1444.63,2503.3,536.0,7.0,4897.6
8363,20,M,Universitario,Centro,2381.11,3896.77,560.0,7.0,7678.63
8364,28,M,Universitario,Occidente,2565.32,4270.37,642.0,8.0,12347.57
8365,55,M,Universitario,Sur,1255.36,,439.0,4.0,1765.95
8366,31,M,Tecnico,Centro,2252.93,4670.48,,7.0,6688.49
8367,68,M,Tecnico,Occidente,2312.95,4451.18,587.0,8.0,7579.58
8368,43,F,Primaria,Centro,,2946.56,481.0,7.0,5468.99
8369,65,F,Secundaria,Sur,1845.01,3877.18,638.0,13.0,6555.05
8370,38,F,Secundaria,Oriente,,2879.63,536.0,8.0,5163.87
8371,71,M,Secundaria,Centro,830.88,1405.57,,4.0,
8372,73,F,Postgrado,Sur,5733.93,9831.62,795.0,2.0,22512.88
8373,56,M,Primaria,Centro,641.96,784.13,410.0,15.0,1495.05
8374,47,F,Universitario,Centro,,4040.52,465.0,11.0,2903.83
8375,25,M,Primaria,Centro,1991.18,3174.68,606.0,,6600.88
8376,68,F,Primaria,Sur,686.84,1707.82,450.0,9.0,3464.37
8377,37,F,Secundaria,Sur,1384.15,3712.68,557.0,7.0,3763.36
8378,65,M,Primaria,Sur,2838.95,5533.95,712.0,5.0,6759.06
8379,49,M,Postgrado,Oriente,3458.82,6430.26,588.0,9.0,7517.81
8380,39,M,Secundaria,Norte,802.74,2841.01,445.0,8.0,4612.86
8381,24,F,Secundaria,Norte,2031.07,3790.94,597.0,4.0,6714.33
8382,26,F,Primaria,Norte,1423.75,2259.0,541.0,5.0,3629.15
8383,62,M,Secundaria,Occidente,1647.93,4294.78,551.0,5.0,4639.13
8384,18,M,Primaria,Oriente,457.01,526.53,454.0,4.0,1673.41
8385,46,F,Secundaria,,2723.72,4966.46,520.0,8.0,7194.53
8386,25,M,Secundaria,Centro,3216.7,5394.57,,9.0,9358.1
8387,73,M,Primaria,Sur,1260.22,584.87,,5.0,5600.68
8388,71,M,Secundaria,Sur,,848.97,508.0,6.0,2426.4
8389,21,F,Universitario,Sur,2926.75,4417.84,667.0,9.0,9532.56
8390,52,F,Secundaria,Oriente,1956.32,3561.08,655.0,5.0,6190.12
8391,20,M,Secundaria,Centro,1908.61,3568.87,515.0,7.0,3605.93
8392,71,F,Tecnico,Sur,1912.83,3726.83,576.0,12.0,4919.6
8393,62,F,Tecnico,Oriente,2392.74,3771.31,,6.0,6792.66
8394,57,M,Universitario,Centro,3464.17,5640.07,693.0,3.0,13192.44
8395,24,F,Universitario,Occidente,7344.79,15740.73,699.0,9.0,28405.02
8396,44,M,Secundaria,Sur,1837.91,2765.59,638.0,7.0,5873.84
8397,18,F,Primaria,Oriente,1239.29,2592.34,491.0,7.0,
8398,44,M,Secundaria,Oriente,760.79,2249.23,435.0,10.0,500.0
8399,33,F,Universitario,Sur,1238.68,2599.67,558.0,9.0,
8400,55,M,Primaria,Centro,,2145.23,534.0,7.0,3922.68
8401,24,F,Tecnico,Sur,1676.06,2108.0,594.0,4.0,
8402,61,M,Tecnico,Norte,1215.13,1258.26,,9.0,5044.02
8403,40,F,Secundaria,Occidente,957.53,1381.71,489.0,8.0,1392.54
8404,58,M,Secundaria,Norte,2032.36,,649.0,11.0,8481.4
8405,28,F,Secundaria,Centro,1125.28,1993.62,507.0,6.0,2521.67
8406,59,F,Primaria,Occidente,878.25,1003.66,,10.0,500.0
8407,70,M,Secundaria,Norte,987.7,1393.31,573.0,6.0,2667.71
8408,50,F,Primaria,Norte,844.98,,430.0,8.0,
8409,67,M,Universitario,Oriente,2128.35,3009.52,574.0,11.0,6504.58
8410,53,F,Universitario,Centro,2428.66,3823.98,565.0,11.0,10048.59
8411,54,F,Tecnico,Norte,2048.13,2642.87,637.0,6.0,7317.44
8412,58,M,Tecnico,Centro,,5056.85,673.0,5.0,5728.61
8413,34,F,Secundaria,Occidente,661.91,0.0,438.0,,2165.42
8414,52,M,Primaria,Centro,739.85,1050.23,543.0,5.0,2494.43
8415,65,M,Primaria,Sur,996.5,3249.91,590.0,7.0,500.0
8416,22,F,Secundaria,Centro,2294.3,5235.1,607.0,14.0,6022.0
8417,65,F,Universitario,,2398.86,4591.3,613.0,9.0,8378.09
8418,49,M,Postgrado,Norte,4055.8,7692.79,669.0,6.0,13015.68
8419,20,M,Secundaria,Occidente,2696.99,3989.67,630.0,7.0,6483.78
8420,69,F,Secundaria,Sur,1466.88,1419.01,,,6780.59
8421,64,M,Secundaria,Norte,1558.93,2281.34,569.0,3.0,2898.99
8422,52,F,Secundaria,Norte,1557.5,2388.22,548.0,3.0,
8423,69,F,Tecnico,Centro,1951.89,3928.51,593.0,10.0,6014.82
8424,31,M,Universitario,Sur,1470.09,2571.74,563.0,7.0,5519.26
8425,65,M,Universitario,Norte,3144.15,6994.02,638.0,8.0,11890.5
8426,48,M,Tecnico,Centro,1906.32,3640.86,573.0,11.0,6037.19
8427,48,M,Secundaria,Oriente,1046.57,584.7,478.0,4.0,500.0
8428,34,F,Postgrado,Centro,3005.26,4259.99,601.0,7.0,7957.12
8429,41,F,Tecnico,Norte,779.11,1098.32,489.0,11.0,500.0
8430,69,F,Secundaria,Norte,792.85,857.71,437.0,8.0,3225.48
8431,40,M,Secundaria,Centro,2226.21,3992.85,601.0,10.0,7936.81
8432,35,M,Universitario,Norte,2148.62,4494.53,584.0,5.0,2976.27
8433,67,F,Secundaria,Norte,,5644.25,682.0,4.0,9953.81
8434,71,F,Secundaria,Oriente,1632.31,,558.0,11.0,4523.04
8435,31,F,Secundaria,Centro,1621.19,3870.13,581.0,6.0,4839.86
8436,67,M,Universitario,Centro,2495.53,4216.96,563.0,6.0,7994.68
8437,32,F,Tecnico,Sur,1120.89,2056.24,556.0,4.0,
8438,32,M,Tecnico,Oriente,2124.42,3102.44,617.0,6.0,4496.9
8439,23,F,Universitario,Norte,1709.96,3407.85,614.0,10.0,6821.09
8440,44,F,Universitario,Norte,2781.9,5288.32,,8.0,7987.01
8441,32,F,Universitario,Norte,1617.15,4091.16,,11.0,3928.4
8442,67,M,Primaria,Occidente,1761.71,2663.52,561.0,7.0,4342.89
8443,53,F,Secundaria,Sur,1864.9,3435.71,593.0,5.0,8546.13
8444,72,M,Secundaria,Norte,2756.28,5262.62,597.0,9.0,7421.96
8445,25,F,Secundaria,Centro,2009.63,,553.0,7.0,3408.41
8446,32,M,Universitario,Oriente,2295.51,5171.33,578.0,7.0,7677.52
8447,20,M,Universitario,Norte,4587.57,7631.64,675.0,6.0,
8448,64,M,Secundaria,Oriente,1861.03,3732.9,482.0,12.0,3466.1
8449,30,F,Primaria,Occidente,414.35,1199.13,353.0,3.0,500.0
8450,58,F,Primaria,Norte,941.92,1403.58,432.0,9.0,
8451,51,F,Secundaria,Norte,1428.86,2763.46,608.0,7.0,4641.6
8452,41,F,Primaria,Norte,2158.61,4038.81,556.0,5.0,6262.32
8453,57,F,Tecnico,Norte,1525.5,3106.28,,9.0,8402.33
8454,49,M,Tecnico,Sur,1338.69,2155.16,532.0,6.0,1976.92
8455,49,F,Universitario,Norte,967.69,1111.13,502.0,9.0,2823.67
8456,47,F,Secundaria,Centro,2711.05,5012.64,648.0,9.0,7478.45
8457,69,M,Secundaria,Sur,3021.76,5989.64,627.0,11.0,10306.33
8458,66,M,Universitario,Occidente,1506.13,1938.07,551.0,8.0,6212.0
8459,30,M,Secundaria,Centro,773.83,2084.69,,3.0,
8460,18,M,Primaria,Norte,1826.88,3430.98,566.0,4.0,6584.3
8461,51,M,Primaria,Centro,2188.64,3830.61,609.0,7.0,6556.49
8462,32,M,Universitario,Sur,1701.11,3016.11,600.0,6.0,4389.52
8463,61,F,Universitario,Norte,2244.25,3124.52,642.0,6.0,4466.28
8464,31,M,Universitario,Centro,3018.71,5597.59,569.0,11.0,8757.15
8465,74,M,Primaria,Occidente,806.08,1283.8,495.0,6.0,3396.13
8466,46,F,Universitario,Norte,1610.16,3109.75,562.0,6.0,4749.73
8467,51,M,Tecnico,Norte,1572.21,2711.61,627.0,,5358.98
8468,35,M,Secundaria,Oriente,945.52,1290.53,,6.0,1854.07
8469,71,F,Postgrado,Norte,12945.84,22405.95,755.0,9.0,48432.72
8470,24,M,Tecnico,Norte,3042.56,4093.32,623.0,6.0,9881.24
8471,46,M,Universitario,Norte,2111.03,3504.13,,13.0,7077.53
8472,72,M,Universitario,Sur,2696.78,2858.37,685.0,6.0,10284.21
8473,48,F,Secundaria,Occidente,,184.02,449.0,10.0,1736.36
8474,42,F,Tecnico,,2158.21,4568.06,,4.0,8649.11
8475,55,F,Secundaria,Norte,2149.15,3157.25,578.0,7.0,5099.39
8476,31,F,Tecnico,Norte,1304.93,2872.14,526.0,10.0,6781.12
8477,25,F,Tecnico,Sur,1422.25,3005.35,557.0,9.0,2298.78
8478,44,F,Universitario,Oriente,1600.4,2258.47,,7.0,5207.99
8479,71,F,Primaria,Sur,,5023.64,662.0,6.0,7319.49
8480,19,M,Tecnico,Sur,3134.23,6719.06,689.0,6.0,11486.92
8481,34,M,Secundaria,,1761.92,1996.2,558.0,6.0,6071.7
8482,54,F,Secundaria,Norte,1632.21,3649.42,496.0,8.0,5230.31
8483,31,F,Universitario,Norte,1339.85,1896.79,623.0,8.0,4458.64
8484,42,F,Primaria,Occidente,,318.58,414.0,10.0,2208.11
8485,73,M,Secundaria,Centro,1397.36,2709.0,533.0,11.0,5349.15
8486,47,F,Secundaria,Centro,1121.09,2458.03,506.0,8.0,2644.63
8487,46,F,Secundaria,Sur,1949.91,3461.07,638.0,5.0,5758.39
8488,37,M,Secundaria,Centro,,2726.7,500.0,10.0,4335.28
8489,38,F,Universitario,Centro,1333.88,2997.08,508.0,5.0,
8490,70,F,Tecnico,Occidente,,2525.7,560.0,7.0,4119.67
8491,39,M,Secundaria,Norte,735.15,1457.81,430.0,7.0,814.51
8492,52,M,Secundaria,Centro,2401.18,,586.0,,6824.92
8493,54,M,Secundaria,Norte,2565.76,4997.58,655.0,7.0,7857.47
8494,33,M,Tecnico,Oriente,825.52,2604.36,413.0,7.0,500.0
8495,67,F,Secundaria,Norte,1794.5,3997.61,591.0,7.0,2402.04
8496,75,M,Primaria,Oriente,,1001.08,489.0,7.0,1761.13
8497,66,M,Primaria,Norte,1251.72,1408.41,446.0,11.0,4976.02
8498,60,M,Secundaria,Centro,1976.93,3535.56,,1.0,7303.01
8499,34,M,Universitario,Oriente,935.17,1597.48,525.0,9.0,2427.58
8500,33,M,Primaria,Centro,1908.39,3674.89,591.0,11.0,4768.06
8501,75,M,Secundaria,,2021.46,4639.92,553.0,8.0,5995.48
8502,72,F,Primaria,Sur,2074.0,4394.6,610.0,10.0,6667.67
8503,19,F,Postgrado,Norte,1368.85,1284.55,,7.0,7785.36
8504,21,M,Tecnico,Occidente,1700.64,2542.17,647.0,6.0,6384.63
8505,38,M,Secundaria,Norte,,4726.06,586.0,8.0,5986.57
8506,56,M,Secundaria,Oriente,1876.45,3875.58,610.0,8.0,5626.8
8507,51,M,Universitario,Oriente,3589.52,5208.41,,4.0,12094.05
8508,47,F,Secundaria,Centro,1860.86,3203.3,587.0,9.0,6965.26
8509,23,F,Postgrado,Norte,1322.55,862.29,,12.0,4999.73
8510,34,F,Secundaria,Norte,,5327.99,581.0,8.0,7032.05
8511,56,M,Primaria,Occidente,993.94,2216.65,,8.0,3334.54
8512,42,F,Tecnico,Oriente,1972.09,3395.15,558.0,4.0,6568.73
8513,22,M,Tecnico,Centro,3481.51,6209.42,662.0,5.0,12637.08
8514,22,F,Postgrado,Centro,3158.96,6127.87,648.0,,11790.42
8515,37,F,Universitario,Norte,2031.4,4652.73,601.0,12.0,4226.16
8516,33,F,Secundaria,Sur,873.43,1921.64,429.0,5.0,3668.13
8517,68,M,Tecnico,Occidente,1039.99,2451.85,482.0,12.0,
8518,58,M,Universitario,Norte,1438.46,2906.88,586.0,10.0,2034.23
8519,54,F,Secundaria,Oriente,,3823.61,562.0,9.0,
8520,57,M,Secundaria,Norte,4140.98,8906.15,632.0,7.0,13966.18
8521,26,M,Secundaria,Oriente,1265.55,1750.71,568.0,6.0,4041.1
8522,22,F,Secundaria,Centro,1422.99,2407.89,601.0,5.0,6225.78
8523,59,M,Universitario,Oriente,3389.72,6145.34,626.0,6.0,10447.75
8524,74,F,Secundaria,Occidente,1163.55,1542.72,524.0,11.0,5058.38
8525,19,M,Secundaria,Sur,2658.3,4497.18,612.0,9.0,7039.05
8526,26,F,Universitario,Occidente,1866.67,3301.43,530.0,5.0,
8527,60,M,Primaria,Centro,2158.99,3902.25,604.0,3.0,4859.69
8528,53,F,Tecnico,Occidente,2411.42,4006.8,633.0,7.0,6870.92
8529,39,M,Universitario,Occidente,2481.74,4040.51,626.0,6.0,7393.7
8530,39,F,Secundaria,Norte,1134.68,2087.7,592.0,7.0,3225.52
8531,39,F,Secundaria,Centro,2282.66,3463.61,567.0,11.0,6302.68
8532,51,M,Secundaria,Occidente,1452.96,2908.47,503.0,,3861.66
8533,72,M,Tecnico,Norte,1518.6,1744.65,604.0,9.0,4149.18
8534,46,M,Secundaria,Centro,,5554.9,687.0,7.0,10248.19
8535,55,M,Primaria,Oriente,476.08,2188.09,333.0,8.0,500.0
8536,63,F,Primaria,Norte,2470.74,4251.66,589.0,5.0,7593.16
8537,50,M,Universitario,Oriente,6080.37,,655.0,6.0,20834.19
8538,35,F,Secundaria,Centro,991.42,883.11,533.0,4.0,3540.52
8539,24,F,Universitario,Centro,1723.9,2768.98,601.0,11.0,5877.76
8540,18,M,Tecnico,Sur,,2395.96,492.0,6.0,
8541,50,F,Tecnico,Sur,2708.9,2862.36,678.0,6.0,10860.53
8542,18,M,Universitario,Occidente,,3581.62,588.0,8.0,4537.15
8543,41,M,Primaria,,1133.74,1977.91,527.0,6.0,1761.16
8544,21,M,Primaria,Centro,1532.59,2484.13,526.0,7.0,5189.34
8545,21,F,Tecnico,Sur,837.8,2669.18,411.0,8.0,3638.79
8546,35,M,Primaria,Oriente,593.13,0.0,423.0,12.0,
8547,44,F,Tecnico,Occidente,2101.8,4095.62,596.0,9.0,4415.91
8548,60,M,Postgrado,Oriente,2875.5,,666.0,6.0,11707.95
8549,49,F,Universitario,Sur,1558.04,2224.73,565.0,3.0,5199.78
8550,50,F,Tecnico,Centro,1829.93,,577.0,7.0,5933.19
8551,45,M,Universitario,Occidente,2286.18,4353.97,620.0,9.0,7890.29
8552,59,F,Primaria,,823.91,2148.27,437.0,7.0,1625.64
8553,58,F,Secundaria,Norte,1663.11,4178.33,548.0,,2669.19
8554,72,M,Secundaria,Sur,1016.25,526.32,540.0,10.0,2351.01
8555,53,M,Secundaria,Sur,2119.45,3598.28,583.0,6.0,6924.46
8556,23,M,Primaria,Norte,1057.77,3668.82,,5.0,5217.66
8557,33,F,Universitario,Sur,5398.7,9922.8,731.0,3.0,20683.89
8558,51,F,Universitario,Norte,1359.41,2686.61,509.0,9.0,3624.83
8559,40,M,Tecnico,Oriente,,2942.63,518.0,15.0,1055.77
8560,67,M,Primaria,Centro,1917.81,3476.95,521.0,3.0,4804.51
8561,59,M,Secundaria,Norte,966.74,1513.5,541.0,6.0,1888.48
8562,41,F,Universitario,Norte,2432.72,4219.19,666.0,8.0,7332.89
8563,73,F,Tecnico,Centro,,2569.93,514.0,7.0,500.0
8564,66,F,Tecnico,Norte,1165.22,2702.89,530.0,6.0,2271.93
8565,30,M,Universitario,Occidente,1540.18,3068.47,503.0,6.0,6213.77
8566,73,M,Tecnico,Norte,1769.92,1668.86,563.0,7.0,5778.04
8567,35,M,Tecnico,Oriente,2774.82,4575.16,596.0,8.0,7133.94
8568,71,F,Secundaria,Sur,1404.08,4220.48,517.0,9.0,6552.55
8569,30,M,Secundaria,Occidente,1266.8,1646.72,508.0,5.0,3960.89
8570,66,M,Tecnico,Norte,,2426.88,522.0,5.0,
8571,54,F,Secundaria,Norte,918.63,,532.0,4.0,500.0
8572,60,M,Tecnico,Sur,2949.42,4151.06,649.0,9.0,
8573,56,M,Secundaria,Oriente,1669.63,2248.89,623.0,4.0,1544.25
8574,59,F,Primaria,Centro,1072.82,658.18,482.0,8.0,1421.04
8575,34,M,Secundaria,Norte,3038.89,4114.8,658.0,11.0,11329.58
8576,32,M,Secundaria,Centro,422.14,1144.38,392.0,14.0,500.0
8577,35,M,Universitario,Centro,3751.47,6138.97,690.0,8.0,12813.24
8578,40,M,Secundaria,Centro,736.69,2822.62,,,1040.05
8579,71,M,Tecnico,Sur,2021.45,4289.51,645.0,6.0,8036.71
8580,68,F,Secundaria,Oriente,2435.85,4349.73,610.0,15.0,7732.46
8581,47,M,Secundaria,Occidente,678.67,1852.27,452.0,,500.0
8582,75,F,Secundaria,Norte,2788.26,3253.75,,3.0,10094.79
8583,51,M,Universitario,Sur,2297.52,4049.36,687.0,2.0,7904.25
8584,75,M,Secundaria,Centro,1113.57,2856.39,523.0,6.0,5864.53
8585,21,M,Universitario,Centro,2543.77,3520.02,609.0,7.0,7833.38
8586,20,M,Secundaria,Sur,1816.55,3827.04,565.0,7.0,3706.98
8587,24,M,Primaria,Oriente,3368.7,,574.0,4.0,12495.03
8588,73,M,Universitario,Occidente,2337.58,2950.58,633.0,7.0,11114.71
8589,35,M,Tecnico,Oriente,2599.63,5943.75,597.0,10.0,7890.49
8590,59,M,Secundaria,Norte,1637.52,3866.26,522.0,11.0,6975.84
8591,24,F,Secundaria,Centro,1698.8,3557.35,584.0,10.0,3300.42
8592,57,M,Primaria,Oriente,1103.56,899.88,510.0,4.0,2956.35
8593,23,M,Secundaria,Sur,1026.76,1162.67,529.0,7.0,5258.62
8594,39,M,Universitario,Centro,2838.11,5013.7,634.0,8.0,11421.87
8595,75,M,Primaria,Centro,,,433.0,4.0,
8596,18,F,Universitario,Occidente,928.86,1488.22,487.0,5.0,1995.12
8597,21,F,Secundaria,Oriente,1509.96,2865.15,468.0,7.0,2800.75
8598,63,M,Tecnico,Centro,1294.14,1746.11,567.0,7.0,
8599,66,M,Primaria,Occidente,1103.7,3389.48,572.0,9.0,2207.32
8600,69,F,Secundaria,Oriente,746.43,524.73,,10.0,2226.38
8601,67,M,Primaria,,1935.11,3618.61,600.0,6.0,6995.18
8602,60,M,Primaria,Norte,370.03,1711.0,453.0,7.0,1478.09
8603,46,M,Postgrado,Sur,4033.33,6813.26,681.0,3.0,14300.21
8604,38,M,Universitario,Centro,3019.66,5221.7,575.0,6.0,9357.88
8605,43,M,Tecnico,Oriente,1974.34,2837.24,644.0,5.0,4591.43
8606,31,F,Primaria,Occidente,1866.43,2240.89,556.0,1.0,5628.74
8607,26,F,Universitario,Centro,1369.12,1461.85,524.0,8.0,4986.31
8608,64,F,Secundaria,Oriente,3786.46,,744.0,5.0,13210.63
8609,29,M,Universitario,Sur,1562.2,1536.77,650.0,5.0,5559.73
8610,59,M,Primaria,Centro,1670.99,2415.58,541.0,10.0,5099.42
8611,68,F,Secundaria,Oriente,3582.65,5369.05,714.0,6.0,13545.65
8612,73,F,Postgrado,Sur,3186.57,5103.07,672.0,9.0,11185.75
8613,68,M,Secundaria,Sur,1141.21,,592.0,9.0,1033.18
8614,23,F,Universitario,Norte,3304.34,6074.61,640.0,7.0,11903.88
8615,37,M,Secundaria,Sur,1148.28,3206.12,527.0,11.0,5803.07
8616,41,F,Tecnico,Centro,1218.97,2939.29,502.0,8.0,
8617,44,M,Universitario,Centro,3292.07,6493.79,,4.0,11600.4
8618,55,M,Tecnico,Centro,2592.82,5268.78,608.0,6.0,10055.65
8619,25,M,Universitario,Sur,2289.57,2742.47,582.0,7.0,7919.86
8620,18,F,Secundaria,,1472.94,2699.98,568.0,,6055.29
8621,71,M,Primaria,Norte,1368.57,3512.3,,9.0,1494.12
8622,66,F,Secundaria,Norte,1442.12,4121.89,566.0,7.0,5857.45
8623,66,F,Secundaria,Oriente,1387.65,3475.26,533.0,15.0,552.17
8624,41,F,Universitario,Norte,1302.36,1940.39,507.0,9.0,6955.0
8625,64,F,Secundaria,Oriente,,2604.74,513.0,8.0,3600.85
8626,24,F,Tecnico,Norte,1730.9,2439.14,521.0,11.0,5006.93
8627,36,F,Universitario,Sur,6128.1,12145.45,676.0,7.0,25650.0
8628,39,M,Secundaria,Oriente,891.73,868.86,459.0,6.0,2531.01
8629,74,F,Universitario,Centro,2043.38,2858.05,688.0,12.0,9192.61
8630,72,F,Postgrado,Norte,1953.94,4433.48,569.0,2.0,5630.18
8631,52,M,Primaria,Centro,480.62,875.71,491.0,15.0,500.0
8632,47,F,Primaria,Sur,2262.03,4671.96,634.0,3.0,4226.2
8633,46,M,Primaria,Centro,1536.39,3436.09,545.0,7.0,4737.03
8634,39,M,Universitario,Sur,4393.37,,667.0,6.0,14739.39
8635,28,M,Secundaria,Norte,625.89,1185.15,,6.0,2555.45
8636,37,M,Universitario,Centro,3160.27,5063.12,725.0,7.0,12306.69
8637,46,F,Secundaria,Sur,3959.78,5555.77,626.0,7.0,14265.94
8638,68,F,Universitario,Norte,3887.36,6917.52,671.0,4.0,10723.88
8639,58,F,Universitario,Oriente,3195.14,5203.46,693.0,3.0,9068.05
8640,59,F,Postgrado,Occidente,2414.69,4826.3,615.0,4.0,6112.95
8641,51,M,Secundaria,Norte,2944.38,6206.58,649.0,4.0,10872.49
8642,18,M,Secundaria,Oriente,1070.03,1339.27,,7.0,693.2
8643,48,F,Primaria,Centro,1524.62,1846.98,562.0,3.0,6265.99
8644,47,F,Secundaria,Sur,949.89,1653.76,510.0,3.0,602.86
8645,65,M,Secundaria,Centro,1502.64,2947.57,553.0,,6253.65
8646,35,F,Postgrado,Occidente,5054.02,9512.03,692.0,6.0,21252.09
8647,72,F,Universitario,Centro,3820.0,8504.96,733.0,9.0,14685.69
8648,75,F,Primaria,Oriente,1289.05,3255.16,,11.0,6697.57
8649,34,M,Universitario,Oriente,6226.33,11196.87,740.0,4.0,23510.52
8650,55,M,Primaria,Norte,,3895.67,600.0,8.0,2171.15
8651,31,F,Primaria,Norte,1967.23,4232.25,571.0,5.0,5803.27
8652,40,F,Universitario,Oriente,1857.19,4128.62,579.0,6.0,5770.09
8653,42,M,Postgrado,Centro,1886.07,4997.94,651.0,6.0,7472.99
8654,32,F,Primaria,Occidente,1076.11,2300.8,487.0,11.0,5748.66
8655,63,F,Universitario,Occidente,1173.85,2264.31,600.0,6.0,4073.27
8656,73,M,Universitario,Sur,2944.54,5564.97,647.0,2.0,9944.83
8657,39,M,Primaria,Sur,1252.55,2227.86,572.0,9.0,3229.34
8658,20,M,Secundaria,Norte,1895.32,3011.37,,9.0,
8659,73,M,Universitario,Occidente,2532.49,3606.65,598.0,12.0,6656.99
8660,72,F,Universitario,Norte,2224.23,4907.91,,8.0,8002.96
8661,36,M,Secundaria,Centro,1535.0,3709.58,570.0,2.0,2845.43
8662,74,F,Primaria,Centro,,3411.16,628.0,7.0,4399.2
8663,61,F,Tecnico,Occidente,2964.29,5378.73,735.0,6.0,12263.57
8664,51,M,Tecnico,Norte,3258.56,5374.21,683.0,6.0,12032.98
8665,52,F,Secundaria,Occidente,554.14,1446.05,428.0,9.0,2362.92
8666,67,M,Primaria,Centro,,4129.82,557.0,13.0,4963.93
8667,18,M,Universitario,Norte,,5363.03,646.0,10.0,8366.48
8668,69,F,Tecnico,Oriente,4765.51,8376.72,687.0,8.0,
8669,38,F,Universitario,Norte,1880.85,3213.88,546.0,,5053.81
8670,46,M,Universitario,Centro,2112.77,3335.98,594.0,8.0,4404.45
8671,23,M,Universitario,Oriente,2604.62,4984.06,562.0,4.0,7441.65
8672,54,M,Postgrado,Norte,1139.19,337.98,,6.0,2861.33
8673,18,M,Postgrado,Centro,,1710.29,,,500.0
8674,68,M,Tecnico,Centro,2180.28,5320.81,706.0,7.0,8396.64
8675,18,F,Universitario,Sur,1358.15,2986.53,567.0,8.0,3227.2
8676,44,M,Tecnico,Oriente,990.2,1017.06,461.0,5.0,500.0
8677,38,F,Tecnico,Centro,2280.42,3365.94,641.0,6.0,5110.1
8678,70,M,Primaria,Norte,620.22,698.33,558.0,8.0,3486.35
8679,33,F,Secundaria,Centro,2018.42,3118.35,569.0,12.0,5472.23
8680,61,F,Primaria,Centro,843.62,2068.42,430.0,13.0,561.27
8681,71,F,Secundaria,Sur,1054.62,1273.71,536.0,8.0,500.0
8682,57,M,Primaria,Norte,1453.89,3147.08,630.0,,6151.14
8683,43,F,Universitario,Oriente,1379.07,2363.68,552.0,4.0,
8684,33,F,Secundaria,Occidente,3215.61,6042.55,648.0,,8966.29
8685,45,F,Secundaria,Oriente,1440.03,3120.11,526.0,9.0,6596.06
8686,18,F,Tecnico,Norte,1702.3,3450.36,521.0,8.0,4025.97
8687,53,M,Secundaria,Sur,2038.56,5008.21,569.0,11.0,5814.88
8688,27,F,Universitario,Oriente,3773.71,7889.08,661.0,4.0,14208.86
8689,60,F,Secundaria,Centro,1227.91,,606.0,7.0,6285.18
8690,34,F,Secundaria,Occidente,2017.16,5378.06,,7.0,4760.84
8691,74,F,Universitario,Occidente,3580.95,6591.38,772.0,9.0,14143.63
8692,40,F,Tecnico,Norte,3472.11,6579.46,703.0,6.0,10180.21
8693,24,F,Universitario,Centro,1875.75,4138.99,563.0,9.0,4402.07
8694,61,F,Secundaria,,,3164.67,629.0,9.0,
8695,70,F,Secundaria,Centro,2047.86,5090.36,569.0,4.0,6328.32
8696,24,M,Secundaria,Oriente,1754.36,3429.89,650.0,3.0,4154.6
8697,61,F,Primaria,Occidente,460.52,,362.0,10.0,
8698,32,F,Primaria,Occidente,,3708.83,533.0,8.0,5572.3
8699,51,M,Secundaria,Norte,2438.81,3736.8,647.0,9.0,8130.42
8700,63,M,Universitario,Occidente,3366.0,6621.65,670.0,9.0,13189.92
8701,62,F,Universitario,Oriente,1898.01,2720.57,592.0,12.0,8479.86
8702,21,F,Secundaria,Occidente,3020.25,5166.37,,13.0,10111.44
8703,31,M,Secundaria,Occidente,,602.78,512.0,7.0,3174.81
8704,31,F,Postgrado,Centro,4021.23,8435.09,663.0,6.0,15272.87
8705,33,F,Primaria,Norte,704.52,956.28,500.0,8.0,1322.94
8706,24,M,Tecnico,Norte,1508.57,2566.81,597.0,8.0,4534.76
8707,49,M,Tecnico,,1882.5,3519.28,,4.0,6570.93
8708,36,F,Universitario,,1596.58,3409.08,,9.0,1739.73
8709,19,F,Secundaria,Centro,1064.93,996.49,,7.0,500.0
8710,27,M,Universitario,Centro,2966.18,4281.38,710.0,3.0,9108.21
8711,67,M,Secundaria,Norte,2521.67,5521.37,563.0,9.0,7413.72
8712,34,M,Secundaria,Occidente,767.04,1050.99,453.0,4.0,3276.42
8713,54,F,Secundaria,Norte,4318.02,8134.51,699.0,5.0,14029.83
8714,29,M,Secundaria,Centro,990.94,1489.58,619.0,5.0,523.77
8715,23,M,Secundaria,Centro,906.69,2242.75,479.0,6.0,967.82
8716,39,M,Universitario,Norte,4753.92,8246.62,726.0,8.0,16679.63
8717,49,F,Primaria,Sur,1660.21,3238.24,588.0,5.0,6616.27
8718,58,M,Universitario,Sur,3836.4,7408.46,732.0,4.0,12816.86
8719,37,F,Secundaria,Centro,1016.37,2055.81,535.0,7.0,1275.68
8720,18,F,Secundaria,Oriente,1752.39,3515.87,,9.0,4932.29
8721,71,M,Secundaria,Centro,5013.31,9004.78,728.0,7.0,17241.27
8722,64,M,Secundaria,Occidente,1066.72,813.79,542.0,6.0,3748.21
8723,70,F,Tecnico,Occidente,2641.99,3511.78,623.0,2.0,7743.17
8724,75,M,Universitario,Oriente,1805.32,2295.11,472.0,8.0,4371.45
8725,23,F,Tecnico,Centro,1083.54,1388.74,474.0,9.0,
8726,36,M,Secundaria,Norte,1326.46,,553.0,6.0,3745.45
8727,35,M,Primaria,Centro,1168.02,,488.0,,4336.24
8728,23,F,Universitario,Centro,2142.4,4232.12,590.0,10.0,6457.81
8729,62,F,Universitario,Norte,2416.73,3838.82,612.0,11.0,7658.74
8730,50,F,Secundaria,Centro,4106.44,7780.98,671.0,9.0,10650.06
8731,40,M,Primaria,Centro,,5893.68,651.0,6.0,9696.96
8732,40,M,Universitario,Norte,2587.75,4813.16,632.0,6.0,9184.39
8733,43,F,Universitario,Occidente,,5248.84,621.0,7.0,4688.99
8734,30,M,Tecnico,Sur,3379.68,5546.4,564.0,6.0,8372.13
8735,24,M,Secundaria,Norte,,3155.67,518.0,5.0,2761.98
8736,32,M,Universitario,Oriente,2654.14,5692.37,647.0,11.0,9464.97
8737,61,M,Secundaria,Occidente,4279.63,,652.0,5.0,14718.44
8738,44,F,Secundaria,Centro,1022.11,2490.23,527.0,8.0,
8739,43,F,Primaria,Norte,1196.1,705.92,498.0,9.0,3353.11
8740,50,F,Primaria,Centro,1146.77,1204.34,494.0,7.0,4244.74
8741,32,F,Postgrado,Oriente,3997.13,6901.62,610.0,6.0,11342.31
8742,53,M,Tecnico,Norte,1143.77,2405.18,,10.0,1895.34
8743,62,F,Universitario,Oriente,3086.92,5076.7,574.0,10.0,7797.5
8744,72,F,Secundaria,Oriente,1406.26,3008.86,507.0,6.0,2287.13
8745,44,M,Universitario,Sur,3843.8,6064.31,656.0,4.0,13842.63
8746,74,M,Tecnico,Centro,1663.75,3800.01,597.0,,6417.94
8747,22,F,Primaria,Centro,891.9,,486.0,7.0,500.0
8748,19,M,Universitario,Norte,3128.52,6185.88,638.0,10.0,10218.31
8749,72,M,Primaria,Centro,,927.82,573.0,5.0,3300.43
8750,75,F,Secundaria,Sur,1422.79,2803.34,527.0,7.0,3782.05
8751,50,F,Secundaria,Occidente,1395.81,1911.65,553.0,7.0,
8752,33,F,Primaria,Oriente,,1720.65,444.0,9.0,3940.8
8753,40,M,Primaria,Norte,,5091.64,637.0,7.0,10092.98
8754,55,F,Universitario,Norte,3153.82,5064.04,621.0,2.0,10967.76
8755,72,F,Secundaria,Oriente,2246.29,4006.45,,3.0,7419.99
8756,33,F,Secundaria,Occidente,1864.43,3871.77,594.0,3.0,7433.31
8757,31,M,Tecnico,Norte,2000.51,4709.47,610.0,7.0,4138.69
8758,46,M,Secundaria,Oriente,1252.88,1850.17,505.0,8.0,1076.18
8759,43,M,Universitario,Centro,1763.08,4024.85,596.0,11.0,6715.73
8760,52,M,Universitario,Centro,2024.07,4649.04,602.0,11.0,7078.0
8761,32,M,Primaria,Sur,1584.53,2064.98,537.0,9.0,5462.35
8762,20,M,Tecnico,Oriente,1418.44,2778.03,523.0,9.0,4781.29
8763,40,F,Secundaria,Centro,2678.02,5483.17,657.0,8.0,8216.46
8764,46,F,Tecnico,Oriente,,6824.25,687.0,6.0,13650.85
8765,51,F,Secundaria,Sur,701.4,1199.67,,11.0,3367.77
8766,50,M,Secundaria,Sur,3135.66,6073.35,708.0,2.0,13804.1
8767,58,M,Primaria,Sur,,1353.35,,7.0,500.0
8768,58,M,Tecnico,Norte,1651.57,2899.31,537.0,6.0,3353.02
8769,40,M,Primaria,Norte,1279.51,,,8.0,1902.37
8770,24,M,Primaria,Sur,453.35,359.6,359.0,7.0,765.89
8771,20,M,Postgrado,Sur,2319.77,3657.17,583.0,10.0,6765.0
8772,75,F,Secundaria,Norte,1725.69,2809.22,642.0,5.0,4188.31
8773,49,F,Tecnico,Centro,1054.2,1839.91,462.0,7.0,2811.46
8774,48,F,Secundaria,Oriente,860.12,1074.79,494.0,7.0,4869.49
8775,35,F,Universitario,Sur,5457.76,9113.04,720.0,11.0,18438.89
8776,60,F,Secundaria,Sur,1650.26,2278.07,619.0,9.0,5175.33
8777,24,F,Secundaria,Oriente,2282.06,4092.95,624.0,5.0,5792.71
8778,58,F,Tecnico,Norte,4427.03,6744.64,729.0,4.0,17048.69
8779,18,F,Universitario,Centro,3299.12,6616.19,721.0,7.0,13923.17
8780,31,F,Universitario,Norte,1875.85,4383.98,549.0,5.0,4684.37
8781,69,M,Secundaria,Sur,1209.94,3197.9,525.0,10.0,3271.88
8782,49,F,Universitario,Sur,3098.87,5308.57,,9.0,9989.15
8783,23,F,Tecnico,Norte,2371.34,3840.13,529.0,,9407.91
8784,56,F,Postgrado,Norte,3824.08,6413.62,615.0,6.0,12585.92
8785,27,M,Universitario,Norte,3295.96,,650.0,12.0,12549.08
8786,24,M,Tecnico,Sur,1648.35,,516.0,10.0,4804.55
8787,43,F,Universitario,Norte,2421.91,2818.88,585.0,5.0,9517.11
8788,51,F,Tecnico,Centro,1516.87,2307.83,599.0,4.0,4331.15
8789,47,M,Tecnico,Oriente,1232.13,1753.08,,13.0,5406.25
8790,53,F,Primaria,Centro,823.07,1121.93,,4.0,1612.21
8791,38,F,Primaria,Centro,1009.55,,517.0,4.0,1413.63
8792,34,M,Primaria,Occidente,,3080.22,572.0,10.0,4554.0
8793,50,F,Postgrado,Oriente,3407.52,6625.71,711.0,2.0,12098.59
8794,27,M,Primaria,Centro,964.76,1989.14,,11.0,2551.98
8795,68,F,Primaria,Sur,1123.54,1236.02,,8.0,3131.79
8796,64,F,Secundaria,Sur,692.16,0.0,440.0,13.0,1425.23
8797,59,F,Tecnico,Occidente,1465.65,4022.74,552.0,8.0,
8798,68,F,Postgrado,Sur,4887.13,9551.28,693.0,5.0,17578.06
8799,29,M,Tecnico,Sur,1043.5,3387.3,510.0,5.0,
8800,73,F,Secundaria,Occidente,788.12,1773.85,424.0,9.0,500.0
8801,33,F,Universitario,Norte,1358.04,3573.64,521.0,,5690.12
8802,58,F,Primaria,Sur,,355.89,529.0,9.0,2203.22
8803,49,M,Postgrado,Centro,3254.37,4789.62,607.0,4.0,10436.23
8804,32,M,Primaria,Occidente,1306.69,1847.36,548.0,9.0,3197.81
8805,44,M,Universitario,Occidente,3310.96,6063.9,697.0,6.0,11364.36
8806,45,F,Primaria,Norte,1082.15,1401.85,565.0,8.0,3729.03
8807,34,M,Universitario,Centro,3281.69,6721.04,602.0,7.0,11862.02
8808,63,F,Primaria,Centro,730.64,2061.6,,7.0,
8809,67,F,Primaria,Norte,2164.07,4667.03,637.0,4.0,
8810,75,F,Universitario,Centro,3006.72,5955.74,,3.0,10621.95
8811,19,F,Primaria,Sur,464.61,1083.08,378.0,7.0,500.0
8812,53,F,Universitario,Sur,2575.46,5949.02,625.0,5.0,8944.71
8813,67,F,Universitario,Sur,7150.07,14297.6,731.0,2.0,25466.53
8814,24,M,Tecnico,Norte,4371.05,7674.21,702.0,5.0,15302.44
8815,30,F,Secundaria,Sur,,1918.23,511.0,9.0,4291.73
8816,32,F,Universitario,Occidente,3080.55,6513.95,630.0,9.0,8828.54
8817,42,F,Universitario,Centro,1456.57,4124.35,546.0,8.0,2802.45
8818,40,F,Secundaria,Norte,841.21,3513.2,,5.0,5420.22
8819,39,M,Secundaria,Norte,1370.4,2973.86,501.0,12.0,3800.42
8820,43,M,Secundaria,Centro,1207.7,2032.94,466.0,11.0,2376.37
8821,50,F,Secundaria,Oriente,1630.03,2025.66,,5.0,6143.44
8822,28,M,Tecnico,Centro,2324.51,4124.62,587.0,9.0,5851.52
8823,27,F,Universitario,Oriente,3041.64,4745.33,644.0,7.0,9422.58
8824,42,M,Universitario,Oriente,,5975.4,621.0,9.0,
8825,54,M,Universitario,,3088.54,6329.53,684.0,2.0,7359.77
8826,65,M,Secundaria,Centro,,4312.77,630.0,,7222.3
8827,60,F,Secundaria,Sur,2469.51,4426.46,604.0,5.0,5452.95
8828,70,F,Universitario,Oriente,2324.34,,683.0,10.0,10860.91
8829,55,F,Universitario,Norte,980.71,95.11,471.0,9.0,3874.12
8830,58,F,Tecnico,,1072.48,,526.0,8.0,2874.27
8831,62,M,Primaria,Sur,1627.07,3572.35,578.0,8.0,
8832,41,M,Tecnico,,1938.25,3096.34,,4.0,3667.15
8833,57,F,Secundaria,Sur,3875.9,6558.03,676.0,,11816.78
8834,63,F,Secundaria,Centro,769.23,1646.06,476.0,12.0,1163.28
8835,73,M,Tecnico,Centro,2855.25,,665.0,6.0,11502.16
8836,50,F,Secundaria,Sur,1513.3,1144.24,550.0,5.0,2875.69
8837,34,F,Universitario,Norte,1645.07,2464.61,565.0,8.0,2435.73
8838,41,M,Secundaria,Norte,3323.05,4775.15,668.0,4.0,10673.74
8839,54,M,Tecnico,Centro,,2720.73,424.0,11.0,1561.42
8840,74,F,Universitario,Centro,2975.32,4246.25,634.0,7.0,10652.04
8841,19,M,Secundaria,Centro,2514.12,3413.63,618.0,9.0,8112.35
8842,49,M,Universitario,Oriente,1671.34,2000.53,468.0,6.0,4318.15
8843,74,F,Universitario,Centro,1118.05,2686.09,525.0,6.0,3719.51
8844,41,M,Universitario,Norte,3163.22,5183.49,729.0,6.0,13575.95
8845,26,M,Secundaria,Norte,,5433.38,641.0,8.0,7433.37
8846,21,M,Primaria,Norte,916.51,2352.7,447.0,5.0,500.0
8847,34,F,Secundaria,Norte,726.54,2198.99,545.0,4.0,1017.76
8848,34,F,Universitario,Occidente,2641.4,4475.89,567.0,8.0,8591.65
8849,70,M,Secundaria,Sur,1387.47,1513.98,526.0,5.0,6471.19
8850,67,M,Secundaria,Occidente,681.48,972.44,511.0,9.0,2496.95
8851,65,F,Primaria,Norte,1629.38,609.7,569.0,5.0,5298.55
8852,47,F,Secundaria,Oriente,1099.06,2427.95,541.0,3.0,
8853,57,F,Tecnico,Sur,2442.61,4609.43,662.0,7.0,10130.26
8854,75,M,Primaria,Sur,,5947.41,709.0,4.0,12869.06
8855,28,F,Secundaria,Centro,1438.82,2179.52,487.0,2.0,1362.41
8856,38,F,Primaria,Centro,1237.11,3116.87,493.0,12.0,1453.25
8857,38,F,Universitario,Oriente,2514.44,4917.24,610.0,11.0,
8858,35,F,Universitario,Oriente,,5252.74,625.0,5.0,4322.54
8859,72,M,Tecnico,Sur,1129.27,1332.9,521.0,10.0,5643.7
8860,46,F,Primaria,Norte,1391.15,1485.95,501.0,9.0,3664.12
8861,41,M,Secundaria,Norte,1161.66,2382.16,,6.0,3026.66
8862,27,M,Secundaria,Occidente,1190.82,2778.84,547.0,6.0,
8863,62,F,Tecnico,Centro,1345.03,2661.47,,5.0,3212.5
8864,34,F,Secundaria,Oriente,1813.02,2916.53,569.0,5.0,6183.81
8865,35,M,Universitario,Centro,1665.63,5355.0,600.0,8.0,5089.91
8866,59,F,Universitario,Oriente,2947.16,6943.7,692.0,,12824.86
8867,65,M,Primaria,Norte,1567.8,2228.49,489.0,13.0,5396.63
8868,37,F,Primaria,Norte,1223.09,1720.05,,9.0,2148.62
8869,54,F,Secundaria,Centro,815.27,858.98,544.0,11.0,1036.03
8870,62,M,Secundaria,Sur,,3255.54,464.0,8.0,1400.3
8871,35,M,Tecnico,Centro,1709.02,3802.67,583.0,7.0,4625.5
8872,34,M,Universitario,,1306.56,2945.73,567.0,3.0,3728.71
8873,26,M,Primaria,Centro,1338.9,2283.63,558.0,12.0,2862.39
8874,31,M,Universitario,Occidente,4482.6,8771.18,710.0,6.0,17426.78
8875,66,F,Tecnico,Norte,2367.91,4553.92,620.0,6.0,6233.94
8876,46,M,Postgrado,Norte,1908.9,3295.65,592.0,7.0,6102.05
8877,48,F,Tecnico,Occidente,5433.77,,677.0,5.0,18812.49
8878,21,M,Tecnico,Sur,1364.68,3734.36,535.0,7.0,4136.47
8879,35,F,Secundaria,Sur,1658.19,3622.44,606.0,7.0,3665.95
8880,37,M,Universitario,Norte,1751.05,2371.73,506.0,6.0,9537.31
8881,73,M,Primaria,Occidente,1400.77,1841.82,,,
8882,73,F,Tecnico,Oriente,,7009.97,643.0,8.0,11673.04
8883,64,M,Primaria,Oriente,773.78,860.84,,5.0,500.0
8884,60,F,Primaria,Occidente,1006.69,2103.56,,10.0,4205.69
8885,61,F,Primaria,Sur,1342.31,1931.75,634.0,5.0,3322.68
8886,26,F,Primaria,Centro,,,,8.0,500.0
8887,30,M,Secundaria,Centro,2122.79,2980.24,555.0,5.0,8844.72
8888,32,M,Postgrado,Oriente,2336.74,4452.51,,6.0,8613.08
8889,44,M,Secundaria,Oriente,1540.68,,607.0,11.0,5763.25
8890,32,F,Universitario,Sur,1433.08,2536.41,533.0,6.0,5663.48
8891,45,M,Primaria,Norte,722.94,1401.03,413.0,10.0,695.43
8892,54,M,Secundaria,Oriente,1527.77,3653.22,509.0,9.0,5279.25
8893,72,M,Secundaria,Sur,3204.54,5703.23,709.0,7.0,12157.71
8894,36,M,Secundaria,Centro,964.75,2523.83,500.0,8.0,2536.44
8895,43,M,Primaria,Centro,1815.69,2557.64,533.0,6.0,4794.07
8896,69,M,Secundaria,Occidente,,3816.0,646.0,8.0,10652.01
8897,43,M,Primaria,Centro,,3731.57,578.0,7.0,7085.68
8898,42,M,Universitario,Norte,2223.49,3756.42,638.0,5.0,7395.58
8899,43,M,Secundaria,Norte,1672.97,2173.35,530.0,14.0,3462.59
8900,43,F,Universitario,Norte,4788.75,7795.5,671.0,12.0,12423.84
8901,63,M,Postgrado,Norte,5272.7,8775.52,696.0,5.0,19802.09
8902,45,M,Tecnico,Occidente,1829.1,3541.94,595.0,5.0,
8903,66,M,Universitario,Norte,1483.96,2384.63,505.0,7.0,4825.37
8904,35,M,Primaria,Occidente,2705.84,3722.74,660.0,6.0,10148.79
8905,49,M,Universitario,Norte,2567.09,4160.5,610.0,6.0,4676.74
8906,70,F,Secundaria,Occidente,1238.64,1627.57,575.0,4.0,4342.08
8907,20,F,Secundaria,Centro,,2423.22,525.0,15.0,4488.04
8908,19,M,Tecnico,Sur,666.48,,,4.0,500.0
8909,50,F,Universitario,Norte,3333.85,5926.85,639.0,6.0,12677.7
8910,59,M,Universitario,Centro,3264.48,7693.47,750.0,9.0,12864.96
8911,36,M,Primaria,Norte,1389.55,3110.25,541.0,9.0,4779.32
8912,34,F,Secundaria,Sur,2254.63,4708.45,560.0,7.0,5865.38
8913,61,F,Universitario,Centro,2827.99,5211.49,568.0,5.0,10118.08
8914,50,F,Tecnico,Occidente,2395.41,5433.99,631.0,8.0,7281.59
8915,29,M,Primaria,Norte,1589.99,3861.09,525.0,5.0,2889.79
8916,66,M,Secundaria,Centro,2513.96,4706.68,,7.0,7962.09
8917,73,M,Universitario,Norte,2198.96,1753.38,638.0,7.0,7562.06
8918,20,F,Universitario,Sur,2800.35,,622.0,9.0,7255.61
8919,60,M,Secundaria,Norte,1263.34,1689.74,540.0,12.0,4873.83
8920,66,F,Universitario,Norte,2895.36,5396.4,649.0,4.0,7618.4
8921,72,F,Tecnico,Sur,1891.99,2266.74,582.0,6.0,6902.58
8922,43,M,Universitario,Norte,1604.15,,608.0,7.0,4084.9
8923,52,F,Tecnico,Oriente,2367.25,4347.6,539.0,10.0,7634.95
8924,25,F,Secundaria,Norte,651.86,1068.15,373.0,9.0,2113.3
8925,69,M,Universitario,Sur,1544.58,2825.98,539.0,8.0,4953.28
8926,53,F,Primaria,Occidente,,1122.29,583.0,6.0,5151.8
8927,70,M,Universitario,Norte,1878.12,4653.36,614.0,4.0,5175.29
8928,71,M,Tecnico,Centro,2417.82,4059.1,,10.0,7556.19
8929,24,F,Postgrado,Occidente,8950.61,,800.0,5.0,33743.02
8930,63,F,Secundaria,Sur,610.97,1184.9,532.0,11.0,500.0
8931,63,F,Tecnico,Centro,2138.01,3361.73,619.0,7.0,8573.66
8932,53,F,Universitario,,5635.66,10221.82,700.0,2.0,21320.49
8933,33,F,Tecnico,Centro,1979.69,2760.01,625.0,9.0,7496.63
8934,41,F,Secundaria,Occidente,1502.58,2630.08,596.0,5.0,2639.55
8935,71,M,Secundaria,Oriente,1324.86,2440.83,529.0,8.0,2910.41
8936,18,F,Tecnico,Sur,1200.57,1926.15,495.0,9.0,1847.74
8937,66,F,Secundaria,Occidente,619.9,1163.79,447.0,8.0,4037.71
8938,42,M,Universitario,Sur,1938.61,3999.75,621.0,14.0,8634.9
8939,27,F,Secundaria,Sur,1495.94,,586.0,7.0,5835.59
8940,71,M,Universitario,Occidente,2718.36,6508.62,631.0,4.0,11550.76
8941,33,F,Secundaria,Norte,2240.01,4550.34,637.0,7.0,6499.38
8942,33,M,Primaria,Norte,1748.48,2910.39,547.0,4.0,5792.48
8943,75,F,Primaria,Norte,1412.27,1634.35,,8.0,
8944,25,M,Tecnico,Occidente,2017.85,3224.32,546.0,7.0,2076.98
8945,46,M,Tecnico,Sur,,2095.9,,9.0,4289.3
8946,56,F,Tecnico,Centro,1317.6,2141.63,528.0,8.0,
8947,45,F,Universitario,Centro,,6867.27,662.0,7.0,11105.28
8948,23,M,Secundaria,Norte,,2714.74,518.0,8.0,5598.52
8949,33,M,Postgrado,Norte,3654.33,6732.38,640.0,9.0,13222.69
8950,37,F,Postgrado,Occidente,10462.48,18996.76,736.0,,36648.85
8951,33,F,Primaria,Oriente,1778.0,3446.72,530.0,8.0,6076.51
8952,24,F,Universitario,Occidente,2112.44,4785.04,587.0,3.0,6959.73
8953,58,F,Tecnico,Centro,936.12,944.71,496.0,9.0,2419.08
8954,31,M,Secundaria,Sur,2420.16,3804.8,,6.0,7828.02
8955,60,M,Tecnico,Centro,500.59,2143.11,,16.0,500.0
8956,43,M,Universitario,Occidente,1990.45,3042.99,590.0,6.0,6762.74
8957,43,M,Postgrado,Occidente,1419.53,3632.67,536.0,7.0,5434.02
8958,31,M,Tecnico,Occidente,1414.98,3580.55,577.0,5.0,4081.29
8959,24,M,Secundaria,Sur,1155.88,1617.86,505.0,10.0,2614.01
8960,50,F,Tecnico,Norte,1956.15,3722.39,602.0,6.0,3799.37
8961,43,M,Primaria,Sur,1095.95,2445.08,,11.0,1954.07
8962,74,F,Tecnico,Norte,2932.26,6801.93,730.0,4.0,12129.69
8963,62,F,Universitario,Norte,3330.02,,662.0,5.0,9600.55
8964,37,F,Secundaria,Norte,2168.39,3832.86,549.0,5.0,5350.55
8965,20,F,Primaria,Centro,,1704.4,489.0,7.0,3288.96
8966,69,F,Tecnico,Sur,,2632.92,446.0,9.0,4233.18
8967,21,M,Secundaria,Centro,1907.7,3441.29,,4.0,5236.56
8968,43,M,Secundaria,Centro,,1082.79,524.0,5.0,2822.7
8969,28,M,Tecnico,Norte,,4286.02,561.0,6.0,2962.39
8970,19,M,Postgrado,Sur,2244.11,5327.97,592.0,8.0,8308.05
8971,31,F,Universitario,Sur,5403.08,9715.17,,5.0,18559.95
8972,61,F,Secundaria,Norte,1924.8,2726.7,690.0,2.0,4125.06
8973,47,F,Tecnico,Oriente,704.95,491.01,,9.0,
8974,66,M,Primaria,Sur,,1756.04,418.0,12.0,
8975,29,F,Universitario,Centro,911.1,915.18,432.0,5.0,1885.78
8976,43,M,Tecnico,Sur,964.9,772.01,,4.0,3553.26
8977,61,F,Postgrado,Sur,2017.61,2540.11,598.0,7.0,6855.83
8978,50,M,Postgrado,Norte,5803.81,10536.39,702.0,10.0,21392.39
8979,30,M,Secundaria,Oriente,1863.15,3551.48,555.0,8.0,
8980,31,M,Postgrado,Sur,2203.5,5527.4,604.0,4.0,7794.31
8981,41,F,Postgrado,Norte,2307.04,3627.37,599.0,10.0,7173.77
8982,51,M,Tecnico,Sur,1395.77,2961.91,555.0,13.0,5328.89
8983,61,M,Secundaria,Sur,1041.15,1317.27,495.0,12.0,500.0
8984,43,F,Universitario,Norte,2118.51,3125.01,584.0,7.0,4532.54
8985,38,F,Secundaria,Oriente,1023.29,2204.62,,6.0,3209.5
8986,45,M,Tecnico,Centro,1624.8,3743.84,556.0,7.0,4551.66
8987,65,F,Primaria,,694.79,1117.61,481.0,,
8988,53,M,Tecnico,Sur,1785.63,2180.38,615.0,10.0,4773.9
8989,57,M,Postgrado,Sur,3755.08,7385.71,679.0,7.0,11543.39
8990,19,M,Secundaria,Norte,900.37,2048.09,,13.0,2151.19
8991,59,M,Universitario,Occidente,,3744.94,644.0,6.0,7276.43
8992,26,M,Secundaria,Occidente,1335.02,,502.0,13.0,3801.54
8993,40,F,Tecnico,Oriente,,4073.74,630.0,7.0,9309.88
8994,32,M,Tecnico,Centro,2947.02,5910.03,662.0,8.0,8261.3
8995,30,F,Secundaria,Oriente,1399.78,3030.6,,7.0,5772.33
8996,40,F,Tecnico,Oriente,2038.39,3658.18,698.0,4.0,5154.16
8997,34,M,Universitario,Occidente,2213.41,4049.88,,5.0,5872.92
8998,65,M,Secundaria,Occidente,2714.92,5239.37,,13.0,9795.9
8999,19,F,Tecnico,Centro,3639.99,7053.21,670.0,5.0,10223.12
9000,37,F,Tecnico,Norte,2569.81,3993.92,662.0,1.0,8858.16
9001,37,F,Secundaria,Centro,1808.05,4028.34,615.0,5.0,5801.98
9002,63,F,Universitario,Centro,3052.03,5941.84,704.0,6.0,10197.98
9003,20,M,Tecnico,Oriente,,2813.87,527.0,11.0,3356.72
9004,72,F,Secundaria,Oriente,1128.52,,514.0,3.0,3269.24
9005,29,M,Primaria,Oriente,920.9,2048.76,,8.0,1739.07
9006,57,F,Secundaria,Centro,1730.99,3477.65,566.0,4.0,9951.66
9007,19,F,Universitario,Centro,1824.17,3269.53,589.0,6.0,
9008,53,M,Tecnico,Norte,1000.84,1060.92,506.0,,500.0
9009,31,M,Universitario,Sur,2146.25,3201.05,587.0,10.0,6159.85
9010,33,F,Universitario,Oriente,1144.18,3394.56,,13.0,
9011,36,M,Secundaria,Occidente,3491.64,6344.38,637.0,5.0,11306.26
9012,51,F,Tecnico,Centro,1420.72,3351.14,561.0,8.0,2928.82
9013,61,F,Postgrado,Occidente,3382.6,6156.26,674.0,6.0,11298.4
9014,63,F,Postgrado,Norte,5882.59,9749.59,712.0,,18387.02
9015,23,M,Secundaria,Sur,4377.73,8334.2,675.0,11.0,14925.14
9016,30,F,Tecnico,Norte,1612.6,2980.23,640.0,11.0,3682.22
9017,53,F,Secundaria,Norte,1072.4,2668.76,516.0,7.0,
9018,39,F,Primaria,Occidente,1595.92,2726.08,533.0,4.0,3668.71
9019,35,F,Universitario,Oriente,2324.91,3777.63,559.0,7.0,7116.44
9020,29,F,Secundaria,Norte,1373.63,935.55,576.0,8.0,3488.59
9021,69,F,Primaria,Centro,1378.67,3075.23,547.0,3.0,
9022,71,M,Universitario,Norte,3094.91,5840.73,621.0,11.0,8877.65
9023,47,F,Universitario,Norte,6024.54,,650.0,6.0,18857.9
9024,70,M,Universitario,Sur,1387.15,2852.14,543.0,6.0,5978.25
9025,68,M,Tecnico,Sur,,7328.76,782.0,1.0,19842.31
9026,57,M,Secundaria,Centro,1401.24,4163.93,593.0,11.0,4038.88
9027,24,F,Primaria,Norte,1733.76,1676.42,544.0,6.0,5174.11
9028,49,F,Universitario,Centro,2607.01,4316.36,,9.0,4285.05
9029,65,F,Postgrado,Centro,3486.9,6028.55,612.0,7.0,12842.27
9030,36,M,Universitario,Oriente,2590.79,4404.4,615.0,7.0,8805.87
9031,23,M,Universitario,Occidente,1618.03,2844.94,556.0,5.0,1224.64
9032,37,M,Primaria,Norte,,4383.83,561.0,10.0,7450.33
9033,44,F,Secundaria,Centro,1941.27,3616.68,550.0,11.0,7117.72
9034,70,M,Secundaria,Centro,1882.79,3140.37,562.0,6.0,7415.58
9035,60,M,Universitario,Norte,2163.65,3257.62,622.0,7.0,9906.71
9036,54,M,Primaria,Norte,,1387.32,461.0,8.0,3193.53
9037,65,F,Tecnico,Occidente,,6188.68,593.0,8.0,5182.84
9038,24,F,Primaria,Oriente,1614.69,1910.72,579.0,4.0,2575.28
9039,22,F,Tecnico,Norte,2261.03,3725.33,601.0,9.0,
9040,28,M,Universitario,Centro,2433.45,4820.41,681.0,4.0,7262.14
9041,32,M,Tecnico,Centro,1597.38,3955.18,,5.0,5089.26
9042,20,M,Universitario,Norte,4007.67,9864.73,738.0,3.0,15813.38
9043,75,M,Tecnico,Sur,2372.59,5209.16,603.0,2.0,8645.42
9044,22,M,Secundaria,Sur,1637.1,2347.5,619.0,8.0,4225.95
9045,40,M,Secundaria,Centro,773.7,2096.94,491.0,5.0,3524.63
9046,70,M,Postgrado,Occidente,1527.24,3055.11,,5.0,4213.51
9047,54,M,Secundaria,Sur,4373.93,7100.35,699.0,6.0,15207.37
9048,26,M,Primaria,Centro,,2688.25,619.0,3.0,3838.18
9049,32,F,Secundaria,Centro,2637.31,3292.78,595.0,6.0,6373.53
9050,20,F,Secundaria,Norte,692.97,0.0,,9.0,500.0
9051,46,F,Secundaria,Sur,2365.19,3707.25,661.0,,9307.45
9052,23,M,Tecnico,Sur,1525.68,2854.32,609.0,8.0,6042.96
9053,34,M,Postgrado,Occidente,3417.19,6979.0,680.0,7.0,12025.75
9054,43,F,Universitario,Occidente,3068.79,5260.53,617.0,1.0,7047.57
9055,38,M,Primaria,Oriente,1291.83,1614.04,558.0,10.0,2730.32
9056,25,F,Tecnico,Sur,1882.71,4953.16,624.0,8.0,8348.85
9057,38,F,Universitario,Sur,1602.39,,591.0,7.0,4291.11
9058,74,F,Universitario,Oriente,3362.57,5283.49,581.0,8.0,8704.8
9059,28,F,Secundaria,Norte,977.36,1400.59,499.0,11.0,712.99
9060,55,F,Secundaria,Centro,1061.87,3160.64,537.0,8.0,3470.34
9061,25,F,Universitario,Norte,2432.02,4955.48,672.0,3.0,9671.63
9062,59,M,Universitario,Sur,,2063.76,484.0,10.0,6191.05
9063,41,M,Tecnico,Oriente,3051.09,5345.46,601.0,9.0,8025.49
9064,52,M,Primaria,Centro,2083.5,3671.47,596.0,5.0,3593.02
9065,72,M,Tecnico,Oriente,1575.4,1443.04,667.0,9.0,2912.87
9066,31,M,Primaria,Centro,1049.36,2191.98,530.0,15.0,
9067,72,M,Primaria,Occidente,1292.42,2326.86,510.0,13.0,698.32
9068,31,F,Secundaria,Sur,605.7,931.79,434.0,11.0,509.3
9069,27,M,Secundaria,Occidente,,,486.0,10.0,3037.4
9070,29,M,Secundaria,Centro,,4269.38,601.0,9.0,6303.78
9071,55,M,Secundaria,Occidente,,3271.34,591.0,8.0,6480.95
9072,61,M,Primaria,Centro,1058.79,1782.72,492.0,12.0,3647.45
9073,72,M,Primaria,Sur,1044.86,2509.28,496.0,7.0,2756.08
9074,63,F,Primaria,Norte,1721.84,2166.48,590.0,4.0,4770.11
9075,51,F,Secundaria,Oriente,654.64,156.15,475.0,10.0,2408.98
9076,58,F,Secundaria,Occidente,3610.24,6363.83,600.0,9.0,7215.71
9077,27,M,Secundaria,Oriente,2205.56,4570.88,592.0,5.0,8112.53
9078,75,M,Secundaria,Sur,1335.71,2343.4,597.0,5.0,6311.37
9079,34,F,Secundaria,Centro,1754.33,3969.07,657.0,8.0,3097.69
9080,34,M,Secundaria,Centro,2748.88,4752.57,664.0,9.0,10316.5
9081,20,M,Universitario,Centro,1433.96,3873.63,,8.0,3095.85
9082,48,M,Tecnico,Centro,3248.0,5723.2,702.0,5.0,11437.92
9083,68,F,Universitario,Oriente,2508.45,5061.22,642.0,10.0,7336.46
9084,18,M,Secundaria,Occidente,1943.26,4096.46,532.0,3.0,1635.85
9085,29,F,Universitario,Occidente,3471.91,6608.46,646.0,5.0,10555.85
9086,56,M,Secundaria,Centro,1662.51,3102.4,511.0,4.0,500.0
9087,21,F,Tecnico,Sur,2823.98,4921.94,665.0,5.0,10214.72
9088,59,F,Secundaria,Sur,1281.84,2657.67,454.0,12.0,2522.51
9089,30,M,Universitario,Sur,2320.3,,619.0,10.0,7900.79
9090,51,M,Secundaria,Norte,1079.8,,526.0,,
9091,59,M,Universitario,Oriente,1818.92,2759.07,581.0,8.0,5022.54
9092,38,M,Tecnico,Centro,1947.46,2848.38,475.0,9.0,1508.96
9093,39,F,Tecnico,Centro,2624.48,3847.0,569.0,7.0,7586.02
9094,74,M,Universitario,Oriente,1430.73,1589.76,559.0,10.0,3850.97
9095,21,F,Postgrado,Occidente,3777.15,7141.11,698.0,,12479.98
9096,35,M,Universitario,Oriente,4015.84,7699.76,678.0,4.0,14544.35
9097,22,M,Secundaria,Norte,2610.62,5707.95,673.0,9.0,8175.39
9098,36,F,Secundaria,Centro,,,561.0,10.0,809.14
9099,19,F,Secundaria,Centro,892.08,1332.95,476.0,10.0,500.0
9100,29,M,Primaria,Occidente,1581.2,4359.68,551.0,8.0,
9101,34,M,Primaria,Centro,1443.22,2355.42,515.0,8.0,3716.33
9102,27,M,Tecnico,Occidente,1746.96,2080.42,663.0,6.0,5279.02
9103,51,F,Universitario,Occidente,2149.27,3335.9,635.0,3.0,7308.29
9104,23,M,Primaria,Oriente,1344.89,1686.28,546.0,9.0,
9105,25,M,Tecnico,Norte,2103.56,4553.78,587.0,8.0,5528.23
9106,68,F,Secundaria,Norte,1312.07,1725.31,548.0,9.0,3155.9
9107,28,M,Universitario,Oriente,2117.14,,516.0,6.0,7562.43
9108,74,M,Primaria,Oriente,,1260.32,463.0,5.0,500.0
9109,29,M,Tecnico,Occidente,2016.09,3851.05,585.0,9.0,5677.31
9110,26,F,Postgrado,Norte,3854.02,7687.8,562.0,11.0,11702.3
9111,19,F,Secundaria,Oriente,824.04,2338.15,519.0,5.0,2201.02
9112,25,F,Universitario,Sur,2212.77,3760.64,610.0,6.0,9211.64
9113,75,M,Universitario,Centro,2020.9,4526.18,,6.0,
9114,28,F,Secundaria,Sur,2439.11,4558.52,585.0,8.0,8556.85
9115,70,M,Postgrado,Sur,1970.03,3912.25,653.0,4.0,5027.17
9116,53,M,Universitario,Centro,4061.22,6003.86,700.0,4.0,12775.38
9117,27,F,Primaria,Centro,2065.38,4259.57,547.0,5.0,2885.54
9118,38,M,Secundaria,Centro,499.41,111.46,364.0,4.0,
9119,37,M,Tecnico,Centro,2380.98,5373.97,,2.0,8391.52
9120,65,F,Universitario,Centro,3153.5,7364.81,639.0,6.0,8343.53
9121,25,F,Secundaria,Centro,731.1,256.6,430.0,11.0,1019.02
9122,53,M,Universitario,Occidente,2122.74,5003.69,578.0,5.0,4596.5
9123,46,M,Secundaria,Occidente,1243.82,2661.79,542.0,9.0,2812.3
9124,59,M,Universitario,Oriente,1621.33,2493.26,544.0,,4381.52
9125,29,M,Tecnico,Norte,1317.66,1050.9,578.0,9.0,5567.63
9126,31,M,Tecnico,Norte,2583.78,2137.85,699.0,2.0,8336.64
9127,65,M,Tecnico,Oriente,1955.77,4448.0,547.0,4.0,6156.66
9128,71,F,Universitario,Norte,1943.8,4488.1,646.0,8.0,5438.99
9129,67,M,Secundaria,Sur,,,459.0,10.0,1079.12
9130,38,M,Universitario,Centro,3478.37,5619.37,699.0,7.0,
9131,39,M,Primaria,Centro,2557.8,4623.62,639.0,11.0,5622.08
9132,38,M,Tecnico,Occidente,1619.44,,606.0,10.0,5668.95
9133,61,M,Universitario,Occidente,2391.08,5082.44,,5.0,5564.61
9134,67,F,Secundaria,Occidente,4969.04,8941.49,740.0,4.0,17830.67
9135,47,F,Universitario,Occidente,3537.53,7153.63,,8.0,10706.35
9136,56,M,Tecnico,Sur,3040.32,4927.88,638.0,9.0,10340.2
9137,37,F,Universitario,Centro,1836.84,,543.0,8.0,4980.7
9138,41,M,Primaria,Norte,,2021.66,,9.0,500.0
9139,40,F,Primaria,Sur,,3581.91,601.0,7.0,5905.0
9140,24,M,Universitario,Norte,2845.45,5054.61,663.0,11.0,9858.71
9141,26,F,Universitario,Occidente,2535.46,6133.56,621.0,8.0,9446.33
9142,18,M,Secundaria,Sur,1725.94,4206.74,563.0,8.0,6534.73
9143,43,F,Postgrado,Oriente,7190.41,11996.39,731.0,6.0,23894.86
9144,55,F,Tecnico,Sur,1327.48,2628.83,575.0,4.0,4425.01
9145,55,M,Postgrado,Centro,3637.29,4980.26,640.0,4.0,12998.54
9146,71,M,Tecnico,Oriente,1400.88,2890.03,585.0,4.0,3527.76
9147,61,M,Secundaria,Oriente,,2496.05,577.0,8.0,2883.72
9148,39,F,Secundaria,Oriente,,3689.53,726.0,8.0,5963.27
9149,61,M,Postgrado,Oriente,3948.72,7573.5,688.0,7.0,14411.91
9150,27,F,Secundaria,Centro,3177.23,5939.18,,4.0,10413.23
9151,72,F,Postgrado,Occidente,2774.1,4341.38,570.0,13.0,7803.39
9152,75,M,Universitario,Centro,3271.61,4822.98,716.0,4.0,11023.63
9153,23,M,Secundaria,Occidente,2567.48,4956.84,580.0,7.0,5102.39
9154,34,F,Tecnico,Occidente,1495.44,2119.13,548.0,7.0,1660.45
9155,68,F,Tecnico,Norte,1534.48,2560.09,549.0,9.0,7025.46
9156,67,F,Tecnico,Occidente,1764.53,2194.27,602.0,3.0,3973.9
9157,55,M,Primaria,Occidente,642.37,0.0,437.0,14.0,3852.16
9158,41,M,Universitario,Sur,,7689.59,629.0,7.0,13331.49
9159,68,F,Tecnico,Oriente,2035.9,3294.58,561.0,3.0,6606.04
9160,27,F,Universitario,Occidente,1090.07,1345.38,459.0,5.0,3416.65
9161,73,F,Tecnico,Norte,1577.65,3947.15,574.0,10.0,3142.05
9162,25,M,Secundaria,,2617.62,5359.89,672.0,7.0,10768.22
9163,38,M,Tecnico,Sur,1541.6,3091.55,540.0,7.0,3820.62
9164,73,M,Universitario,Oriente,5163.1,9371.52,,8.0,17025.52
9165,23,F,Secundaria,Sur,1277.81,1233.83,559.0,7.0,3234.21
9166,38,M,Postgrado,Sur,1707.38,3514.39,579.0,9.0,3414.67
9167,74,F,Secundaria,Occidente,614.91,2113.91,416.0,8.0,719.36
9168,56,F,Postgrado,Sur,8726.77,15681.4,811.0,7.0,36767.11
9169,41,M,Universitario,Centro,1656.47,3920.68,531.0,12.0,5493.08
9170,50,M,Universitario,Sur,1872.0,2679.48,596.0,9.0,6838.59
9171,35,F,Secundaria,Sur,1406.81,1335.74,539.0,6.0,3017.9
9172,73,M,Tecnico,Centro,2138.7,,627.0,6.0,7079.8
9173,45,M,Universitario,Norte,,2962.79,570.0,10.0,4029.37
9174,74,M,Tecnico,Centro,3403.76,6129.67,702.0,4.0,10436.25
9175,69,F,Universitario,Centro,2904.94,5000.42,651.0,5.0,8754.59
9176,49,F,Universitario,Centro,4229.23,8037.88,712.0,9.0,15606.2
9177,29,F,Secundaria,Sur,598.98,992.71,470.0,6.0,3828.26
9178,65,F,Tecnico,Sur,,3096.67,556.0,4.0,7793.44
9179,59,F,Secundaria,Centro,1859.56,3749.2,638.0,14.0,
9180,44,F,Secundaria,Norte,1487.37,2156.56,,5.0,4857.37
9181,27,F,Universitario,Oriente,1841.33,3430.79,,7.0,6393.72
9182,63,M,Universitario,Sur,1280.11,2003.95,,6.0,2919.49
9183,74,M,Primaria,Centro,689.76,111.42,446.0,10.0,500.0
9184,69,F,Universitario,Norte,4538.46,8446.83,,8.0,11994.32
9185,59,F,Primaria,Centro,1469.47,2118.19,558.0,8.0,4834.26
9186,49,M,Secundaria,Oriente,1390.63,1758.99,534.0,8.0,4275.97
9187,59,F,Primaria,Sur,1104.32,,558.0,7.0,1484.6
9188,43,M,Postgrado,Norte,5239.04,9732.37,746.0,1.0,19091.35
9189,42,M,Postgrado,Centro,5130.89,9253.58,687.0,2.0,16473.91
9190,28,F,Tecnico,Occidente,1213.2,1339.28,597.0,9.0,5517.15
9191,40,M,Secundaria,Sur,,1119.17,,4.0,500.0
9192,51,F,Secundaria,Centro,1804.74,3628.96,535.0,6.0,5159.81
9193,74,M,Universitario,Occidente,,7988.58,699.0,3.0,16358.57
9194,69,M,Secundaria,Centro,2156.72,3100.58,620.0,4.0,6406.01
9195,57,F,Secundaria,Oriente,3261.95,6458.05,630.0,4.0,10543.3
9196,40,F,Universitario,Norte,2214.87,5137.61,589.0,5.0,10029.85
9197,46,M,Secundaria,Norte,1719.85,2683.03,529.0,2.0,6881.09
9198,48,F,Primaria,Sur,1184.59,2058.78,508.0,8.0,4862.36
9199,24,F,Secundaria,Centro,2040.21,4065.88,525.0,9.0,4981.95
9200,57,M,Universitario,Norte,1793.31,3040.79,564.0,,5987.87
9201,50,M,Postgrado,Occidente,3660.87,7024.95,655.0,5.0,14177.52
9202,38,F,Primaria,Norte,,3441.49,573.0,7.0,6753.25
9203,19,F,Tecnico,Oriente,1238.59,2208.36,577.0,5.0,2073.33
9204,35,M,Secundaria,Centro,598.71,1800.53,459.0,4.0,
9205,64,M,Secundaria,Occidente,1983.71,2675.01,644.0,12.0,7819.73
9206,50,M,Tecnico,Occidente,,8893.51,710.0,11.0,18075.53
9207,54,M,Primaria,Centro,905.16,596.53,507.0,5.0,2152.66
9208,51,F,Secundaria,Sur,2713.57,4826.16,628.0,6.0,6045.83
9209,37,F,Universitario,Oriente,2392.98,4958.62,,10.0,7641.58
9210,52,M,Secundaria,Norte,983.74,1513.59,527.0,10.0,2755.09
9211,68,F,Postgrado,Oriente,,9135.73,676.0,11.0,17456.37
9212,67,F,Secundaria,Occidente,830.3,2313.98,475.0,14.0,915.99
9213,71,F,Secundaria,Norte,3146.67,4250.62,731.0,3.0,13671.08
9214,35,F,Secundaria,Oriente,1556.06,2214.68,550.0,4.0,5686.86
9215,63,F,Secundaria,Norte,725.31,,472.0,11.0,2086.18
9216,41,F,Universitario,Sur,5520.46,10019.45,755.0,6.0,21242.55
9217,25,M,Universitario,Centro,3413.97,6988.1,701.0,7.0,8915.29
9218,47,M,Secundaria,Centro,,3384.18,613.0,7.0,7113.28
9219,61,F,Tecnico,Centro,2787.02,5335.35,,8.0,8962.51
9220,70,M,Postgrado,Centro,1152.7,1753.61,504.0,12.0,2405.39
9221,27,M,Primaria,Oriente,879.81,2107.2,545.0,7.0,1624.5
9222,40,M,Secundaria,Centro,4624.09,8479.62,688.0,6.0,17067.13
9223,69,F,Secundaria,Centro,1675.93,4005.91,595.0,6.0,4939.29
9224,66,F,Universitario,Centro,1885.45,3532.81,621.0,4.0,7396.74
9225,28,M,Primaria,Centro,1259.88,1091.49,588.0,6.0,4539.86
9226,19,M,Secundaria,Sur,874.07,591.4,,8.0,2624.37
9227,75,F,Tecnico,Norte,3901.82,6126.61,697.0,6.0,15411.55
9228,43,M,Tecnico,Oriente,1476.32,2203.96,547.0,9.0,3497.44
9229,53,F,Universitario,Sur,1205.91,3379.41,630.0,6.0,2729.47
9230,50,M,Secundaria,Oriente,1646.07,3883.25,542.0,6.0,5205.13
9231,64,F,Tecnico,Norte,2944.07,5640.76,610.0,,9732.41
9232,30,M,Postgrado,Oriente,4408.25,8566.13,766.0,6.0,18053.92
9233,57,F,Secundaria,Centro,823.67,2043.18,584.0,12.0,
9234,42,F,Secundaria,Norte,,2593.88,542.0,5.0,3632.58
9235,21,M,Tecnico,,662.77,363.43,379.0,5.0,500.0
9236,59,M,Universitario,Oriente,3422.19,7185.09,626.0,,13156.49
9237,36,F,Secundaria,Centro,1832.7,3375.51,541.0,11.0,3218.39
9238,35,F,Secundaria,Occidente,1909.64,3694.65,662.0,7.0,5463.97
9239,54,M,Universitario,Oriente,2021.34,4535.45,591.0,8.0,4946.89
9240,47,F,Tecnico,Centro,772.76,1616.09,,7.0,2685.31
9241,36,F,Universitario,Centro,1656.3,2287.94,549.0,8.0,852.53
9242,75,F,Universitario,Centro,4213.65,7448.82,642.0,3.0,14517.02
9243,40,F,Secundaria,Centro,1767.19,3748.65,543.0,12.0,7312.59
9244,71,F,Universitario,Norte,1166.29,1620.41,603.0,7.0,3850.83
9245,33,F,Primaria,,1042.97,1421.65,,7.0,
9246,18,F,Universitario,Norte,2951.64,5588.9,561.0,11.0,9370.86
9247,29,F,Universitario,Centro,2236.4,4171.08,627.0,8.0,7427.67
9248,41,F,Tecnico,Centro,949.39,1195.03,487.0,16.0,1682.38
9249,51,M,Tecnico,Centro,1472.98,3722.82,548.0,12.0,6112.51
9250,70,M,Primaria,Norte,,1809.71,,8.0,2811.99
9251,74,M,Primaria,Sur,1296.02,616.63,493.0,6.0,4463.0
9252,25,F,Secundaria,Centro,1646.32,3294.14,531.0,12.0,5388.88
9253,35,F,Universitario,Oriente,1763.25,3696.8,658.0,9.0,4376.72
9254,74,F,Secundaria,Occidente,2134.13,4401.7,644.0,8.0,8367.1
9255,65,F,Secundaria,Norte,3273.93,5552.08,690.0,3.0,12502.0
9256,22,M,Universitario,Centro,9372.04,16121.43,748.0,3.0,33314.97
9257,43,M,Secundaria,Sur,988.94,1810.42,499.0,6.0,4826.83
9258,47,F,Universitario,Centro,2508.54,4671.29,689.0,6.0,7281.19
9259,71,M,Secundaria,Norte,701.62,1873.41,,8.0,3040.94
9260,30,M,Secundaria,Norte,1182.32,2398.57,526.0,5.0,2529.86
9261,36,F,Secundaria,Centro,2637.11,5630.03,647.0,8.0,8485.63
9262,46,M,Universitario,Centro,,2490.38,432.0,8.0,3917.17
9263,20,F,Primaria,Occidente,952.09,1727.15,479.0,7.0,4313.4
9264,43,M,Primaria,Centro,1184.13,1357.04,,3.0,3093.69
9265,57,F,Tecnico,Sur,917.98,2475.67,379.0,10.0,3268.46
9266,75,M,Universitario,Centro,3030.08,5918.17,595.0,4.0,9714.49
9267,75,M,Primaria,Centro,,1789.31,552.0,7.0,5748.15
9268,29,F,Universitario,Norte,1776.75,3015.68,622.0,8.0,5315.61
9269,19,F,Universitario,Occidente,3070.0,4714.83,654.0,4.0,9363.69
9270,28,F,Tecnico,Norte,1205.39,620.72,535.0,8.0,4118.74
9271,61,M,Secundaria,Norte,1911.81,2660.35,630.0,2.0,5789.91
9272,45,M,Secundaria,Norte,1512.66,1011.58,626.0,3.0,5669.34
9273,35,F,Secundaria,Norte,,3338.51,,7.0,4812.62
9274,30,M,Tecnico,Norte,1575.23,2875.64,523.0,8.0,5561.26
9275,54,M,Primaria,Sur,670.18,534.99,451.0,10.0,1021.47
9276,39,F,Tecnico,Centro,954.52,2300.06,546.0,6.0,2203.93
9277,29,M,Secundaria,,1034.28,717.45,525.0,9.0,2907.38
9278,19,M,Secundaria,Oriente,1121.07,3011.9,474.0,10.0,
9279,54,M,Tecnico,Oriente,2084.06,3386.1,611.0,6.0,4318.76
9280,24,F,Universitario,Centro,2282.98,4455.13,657.0,11.0,6883.41
9281,43,M,Tecnico,Sur,1468.84,1808.7,588.0,6.0,5597.63
9282,43,F,Secundaria,Norte,611.37,1198.25,469.0,7.0,1394.21
9283,41,M,Primaria,Oriente,876.38,1491.54,439.0,8.0,1180.04
9284,29,F,Tecnico,Sur,1041.64,1639.9,458.0,8.0,962.82
9285,33,M,Tecnico,Sur,3880.48,6614.37,678.0,9.0,11955.54
9286,40,M,Tecnico,Sur,1854.41,3659.13,653.0,8.0,4634.58
9287,57,F,Secundaria,Sur,3126.2,4915.61,677.0,4.0,9696.14
9288,26,F,Universitario,Sur,2407.85,2760.59,,13.0,2948.94
9289,49,F,Universitario,Centro,5635.81,10091.04,693.0,5.0,21471.23
9290,32,F,Primaria,Centro,1356.68,3291.71,565.0,7.0,1796.2
9291,54,M,Universitario,Oriente,2882.56,3841.42,689.0,8.0,12306.07
9292,30,M,Primaria,Centro,2815.85,5134.17,619.0,8.0,8697.23
9293,22,M,Secundaria,Norte,1046.9,1882.65,488.0,5.0,3376.69
9294,28,F,Secundaria,Sur,1082.08,2382.31,,11.0,
9295,27,M,Tecnico,Occidente,,3403.18,530.0,7.0,3964.9
9296,69,F,Secundaria,Centro,5876.58,10021.91,665.0,7.0,20433.65
9297,30,M,Universitario,Oriente,1978.62,2268.31,615.0,4.0,3672.95
9298,58,F,Secundaria,Centro,1779.23,3272.35,526.0,10.0,2695.44
9299,70,M,Secundaria,Sur,2378.68,3740.0,658.0,8.0,9198.39
9300,63,M,Secundaria,Occidente,3209.99,5089.97,568.0,4.0,12372.37
9301,67,F,Tecnico,Oriente,2830.1,5167.9,671.0,6.0,6097.33
9302,32,M,Primaria,Occidente,2300.48,3272.33,,8.0,6354.53
9303,59,F,Secundaria,Norte,2187.42,,,4.0,5895.56
9304,73,F,Secundaria,Norte,1675.17,3442.47,564.0,6.0,5496.46
9305,24,F,Secundaria,Centro,891.32,401.34,459.0,,500.0
9306,57,F,Primaria,Oriente,979.56,2534.92,453.0,12.0,500.0
9307,45,F,Secundaria,Oriente,1282.11,2282.72,528.0,5.0,3323.59
9308,49,F,Secundaria,Norte,1733.81,3936.3,633.0,5.0,4215.68
9309,52,M,Secundaria,Norte,1941.22,3240.31,618.0,3.0,5832.79
9310,32,M,Secundaria,Oriente,3483.33,7745.1,613.0,7.0,8925.54
9311,65,F,Tecnico,Sur,740.2,2506.17,455.0,9.0,
9312,53,F,Secundaria,Sur,1499.53,2692.38,537.0,5.0,565.99
9313,38,M,Secundaria,Oriente,3517.14,6203.2,684.0,6.0,11452.78
9314,23,M,Universitario,Norte,1243.0,305.45,457.0,7.0,1700.33
9315,18,F,Tecnico,Norte,1249.65,2084.59,560.0,9.0,4626.52
9316,21,M,Postgrado,Occidente,3904.62,7246.7,781.0,4.0,16635.79
9317,28,F,Secundaria,Norte,2158.9,3873.05,602.0,8.0,5250.77
9318,61,F,Universitario,Norte,1336.87,2553.07,531.0,,2180.48
9319,43,M,Universitario,Centro,4827.71,9078.43,743.0,5.0,18022.46
9320,54,F,Universitario,Centro,3188.43,5499.91,612.0,8.0,11340.88
9321,40,M,Postgrado,Centro,1756.06,3331.92,620.0,8.0,5561.5
9322,46,F,Primaria,Oriente,2034.06,3152.46,556.0,4.0,4176.07
9323,38,M,Primaria,Occidente,1888.5,2427.24,688.0,3.0,6470.08
9324,65,M,Tecnico,Norte,1881.22,4717.34,512.0,7.0,4231.99
9325,62,F,Secundaria,Oriente,1269.24,1327.57,506.0,5.0,500.0
9326,62,M,Universitario,Norte,1475.69,2440.18,570.0,6.0,2434.06
9327,66,M,Primaria,Norte,1046.04,2481.75,538.0,8.0,4717.33
9328,44,M,Universitario,Sur,3833.23,6692.19,655.0,7.0,12692.04
9329,56,M,Primaria,Occidente,569.66,1480.21,487.0,14.0,3395.46
9330,57,M,Secundaria,Occidente,1061.84,2771.41,,9.0,
9331,30,M,Postgrado,Norte,3673.91,6670.94,622.0,9.0,9996.61
9332,40,F,Primaria,Centro,1646.26,3332.04,510.0,5.0,6400.2
9333,33,F,Secundaria,Occidente,1993.33,4032.12,595.0,6.0,6444.03
9334,47,M,Primaria,Norte,853.0,862.37,,16.0,4058.27
9335,21,F,Universitario,Oriente,2197.62,2842.86,548.0,11.0,4999.86
9336,57,M,Tecnico,Norte,1507.72,4325.94,562.0,7.0,3611.06
9337,33,F,Universitario,Sur,2661.65,5139.8,579.0,6.0,8706.72
9338,48,M,Tecnico,Centro,2365.18,3564.17,625.0,6.0,9127.09
9339,70,M,Secundaria,Centro,1465.19,4309.6,592.0,9.0,
9340,59,F,Primaria,Oriente,1307.32,1163.66,,6.0,5151.87
9341,42,M,Secundaria,Norte,1501.0,2001.26,534.0,10.0,4100.16
9342,61,F,Secundaria,Centro,767.28,1005.47,532.0,4.0,1766.75
9343,29,M,Tecnico,Centro,3141.57,6437.55,627.0,7.0,11911.77
9344,43,M,Secundaria,Norte,2396.85,4002.91,593.0,5.0,5017.8
9345,54,F,Primaria,Norte,546.74,900.99,525.0,7.0,500.0
9346,65,F,Secundaria,Norte,4049.44,6305.12,729.0,11.0,12813.73
9347,50,M,Secundaria,Centro,,3167.16,564.0,4.0,5889.75
9348,45,M,Primaria,Occidente,1544.73,2560.67,580.0,6.0,5502.77
9349,26,M,Primaria,Centro,,392.74,386.0,11.0,1287.7
9350,29,F,Primaria,Sur,1237.28,1972.15,493.0,10.0,1575.14
9351,22,M,Universitario,Oriente,2949.78,4590.57,623.0,6.0,9294.58
9352,71,M,Secundaria,Sur,3601.81,7633.75,655.0,5.0,13906.62
9353,69,F,Universitario,Sur,1545.29,2996.74,531.0,7.0,4614.77
9354,71,M,Secundaria,Centro,,5914.48,658.0,8.0,9318.66
9355,45,M,Tecnico,Centro,,1170.56,538.0,,2840.58
9356,73,M,Primaria,Norte,2414.48,,619.0,8.0,5908.29
9357,52,F,Tecnico,,955.48,1141.78,,13.0,2585.49
9358,22,M,Secundaria,Oriente,1393.18,1858.28,514.0,7.0,5634.45
9359,51,M,Primaria,Sur,481.19,1116.09,444.0,9.0,500.0
9360,63,F,Universitario,Centro,1859.22,3116.64,,7.0,6014.55
9361,51,M,Tecnico,Sur,1478.55,1854.13,581.0,2.0,3467.45
9362,30,M,Secundaria,Centro,1782.84,5485.22,570.0,4.0,4631.7
9363,56,M,Secundaria,Centro,761.17,1523.51,468.0,7.0,500.0
9364,59,F,Secundaria,Centro,3269.7,4269.09,647.0,8.0,9185.75
9365,62,F,Tecnico,Occidente,4265.99,8259.83,726.0,4.0,
9366,65,M,Tecnico,Sur,2018.31,5554.93,566.0,9.0,4832.78
9367,75,M,Primaria,Norte,705.73,1852.32,469.0,7.0,757.21
9368,31,M,Secundaria,Centro,775.01,567.79,459.0,7.0,500.0
9369,28,M,Secundaria,Centro,1524.87,2387.16,507.0,5.0,1142.73
9370,59,F,Secundaria,Oriente,,2605.24,501.0,10.0,2410.36
9371,55,M,Secundaria,Oriente,2734.83,4170.73,624.0,8.0,9230.47
9372,21,M,Tecnico,Centro,1481.82,2544.04,,8.0,2575.59
9373,70,F,Tecnico,Occidente,2329.44,3470.43,629.0,5.0,4422.74
9374,50,M,Secundaria,,1485.22,3145.08,580.0,9.0,4743.12
9375,24,F,Universitario,Occidente,1817.33,3918.35,509.0,12.0,4437.01
9376,73,M,Primaria,Centro,905.27,2689.26,,6.0,1301.74
9377,58,F,Tecnico,Centro,1107.8,2803.92,563.0,4.0,500.0
9378,25,M,Postgrado,Centro,2693.64,5984.05,590.0,11.0,6191.98
9379,54,F,Tecnico,Centro,1901.49,4723.11,592.0,4.0,6366.57
9380,68,M,Secundaria,Occidente,1749.4,2030.94,555.0,6.0,5574.9
9381,27,F,Primaria,Centro,1181.97,1504.36,545.0,,3109.89
9382,60,M,Universitario,Oriente,2276.29,3365.83,599.0,6.0,5440.69
9383,74,F,Secundaria,Sur,685.98,1366.21,,15.0,3465.92
9384,32,M,Tecnico,Centro,2980.12,4857.62,608.0,4.0,9738.81
9385,55,M,Secundaria,Sur,771.93,1083.79,452.0,8.0,2958.99
9386,32,F,Primaria,Norte,,3516.8,579.0,8.0,6826.75
9387,22,F,Secundaria,Norte,2514.02,4966.78,612.0,11.0,9947.99
9388,46,F,Secundaria,Oriente,2592.8,4269.95,584.0,4.0,9064.85
9389,36,M,Universitario,Sur,3400.61,6752.32,688.0,4.0,11696.4
9390,71,M,Universitario,Norte,2625.6,,605.0,9.0,5358.63
9391,68,F,Tecnico,Occidente,1261.16,2504.11,544.0,,1107.06
9392,27,M,Primaria,Norte,621.17,1653.15,423.0,5.0,500.0
9393,29,M,Secundaria,Centro,1486.5,713.1,588.0,2.0,3683.56
9394,71,M,Tecnico,Norte,1402.64,1809.69,608.0,9.0,
9395,21,M,Primaria,Norte,913.95,829.83,482.0,,2874.95
9396,48,F,Tecnico,Norte,2487.9,4504.28,,10.0,8656.04
9397,35,F,Primaria,Oriente,1091.91,2579.88,494.0,10.0,2655.75
9398,33,F,Tecnico,Occidente,1261.69,1857.81,504.0,11.0,
9399,57,M,Universitario,Occidente,9481.13,16318.07,762.0,6.0,33963.47
9400,53,F,Secundaria,Sur,1318.04,637.47,569.0,10.0,4051.27
9401,42,F,Universitario,Oriente,3411.87,6437.36,638.0,5.0,11047.76
9402,40,F,Universitario,Sur,3269.03,4941.68,649.0,4.0,9290.15
9403,29,F,Tecnico,Centro,1454.75,2861.82,555.0,7.0,3136.18
9404,51,F,Secundaria,Sur,,,533.0,8.0,2838.36
9405,53,M,Secundaria,Occidente,,1767.82,477.0,8.0,834.47
9406,54,M,Universitario,Norte,2744.78,5233.59,,6.0,7934.64
9407,20,M,Tecnico,Centro,1750.85,1727.71,606.0,4.0,7657.05
9408,26,F,Universitario,Centro,1347.95,3124.88,539.0,12.0,5640.05
9409,70,F,Tecnico,Centro,3363.7,6292.76,592.0,5.0,12033.8
9410,35,F,Primaria,Sur,1568.69,3690.24,,,1474.04
9411,60,F,Postgrado,Sur,3450.56,5101.04,661.0,,12696.8
9412,52,F,Secundaria,Norte,1296.48,1446.35,548.0,,3287.02
9413,74,M,Universitario,Centro,,3863.09,652.0,8.0,
9414,72,F,Secundaria,Sur,934.15,1555.88,565.0,2.0,
9415,51,M,Secundaria,Sur,,1877.62,515.0,4.0,2050.2
9416,58,M,Secundaria,Occidente,,2298.66,606.0,6.0,6365.86
9417,31,M,Universitario,Centro,2184.79,4144.81,549.0,9.0,6086.39
9418,21,M,Universitario,Norte,6034.7,10634.45,725.0,6.0,21471.52
9419,46,F,Universitario,Centro,1847.27,3020.45,,2.0,7238.68
9420,58,M,Secundaria,Norte,1489.67,2694.89,589.0,6.0,4256.76
9421,62,F,Primaria,Centro,1549.7,2983.96,596.0,8.0,6939.6
9422,67,M,Tecnico,Centro,2500.45,4404.78,639.0,8.0,8467.55
9423,32,M,Secundaria,Sur,1313.61,1588.13,543.0,8.0,2393.12
9424,45,F,Universitario,Centro,1759.77,2059.74,,6.0,5594.26
9425,59,F,Universitario,Occidente,2173.18,4617.16,601.0,10.0,6917.36
9426,33,M,Secundaria,Centro,1790.75,2437.23,586.0,5.0,4180.05
9427,29,F,Universitario,Norte,2078.07,2743.4,572.0,7.0,6340.56
9428,69,M,Universitario,Norte,7559.69,13624.41,703.0,7.0,24257.28
9429,22,F,Universitario,Occidente,2027.9,4032.88,554.0,7.0,6086.81
9430,51,F,Tecnico,Centro,2050.2,4704.65,602.0,4.0,
9431,59,M,Universitario,Centro,2529.06,3850.79,646.0,6.0,4503.31
9432,18,M,Secundaria,Norte,1300.33,1752.53,562.0,6.0,1446.76
9433,56,F,Primaria,Oriente,,3461.13,673.0,4.0,6826.62
9434,49,F,Primaria,Sur,,1902.54,483.0,9.0,3995.98
9435,43,F,Primaria,Centro,3491.69,5816.54,623.0,7.0,11853.35
9436,34,M,Primaria,Sur,,2092.72,458.0,10.0,3903.28
9437,65,F,Primaria,Centro,1555.31,2318.99,610.0,6.0,4889.95
9438,44,F,Universitario,Norte,2652.01,4869.12,666.0,8.0,6230.04
9439,41,F,Tecnico,Oriente,1781.58,2157.3,586.0,7.0,6562.71
9440,52,M,Secundaria,Occidente,,,594.0,7.0,8992.19
9441,63,F,Secundaria,Sur,3752.61,7162.67,707.0,5.0,12507.9
9442,59,F,Secundaria,Centro,1092.2,2125.66,512.0,4.0,500.0
9443,71,F,Primaria,Centro,,120.67,503.0,6.0,
9444,56,M,Secundaria,Occidente,,3224.82,675.0,9.0,8992.55
9445,43,M,Universitario,Centro,2354.63,4525.88,599.0,6.0,7529.79
9446,66,M,Universitario,Oriente,2010.36,2983.63,,10.0,4137.92
9447,55,M,Tecnico,Sur,1626.49,3891.77,,8.0,6784.74
9448,40,F,Secundaria,Sur,1194.5,3970.9,474.0,5.0,2640.58
9449,39,M,Secundaria,Norte,901.43,919.23,418.0,10.0,2205.65
9450,21,F,Secundaria,Norte,1626.41,3429.54,585.0,11.0,5371.13
9451,66,F,Tecnico,Centro,1931.57,3353.0,595.0,4.0,3573.04
9452,26,M,Tecnico,Occidente,1422.63,2917.46,512.0,6.0,5585.19
9453,21,M,Primaria,Norte,488.77,788.54,,11.0,500.0
9454,24,F,Universitario,Sur,1995.02,3442.73,625.0,8.0,6318.04
9455,40,F,Secundaria,Sur,3611.48,6131.62,732.0,5.0,11032.01
9456,19,F,Secundaria,Centro,1233.33,2631.58,543.0,8.0,
9457,66,M,Tecnico,Sur,1646.92,1754.46,534.0,6.0,7312.57
9458,41,F,Secundaria,Sur,1205.4,,458.0,8.0,
9459,57,M,Tecnico,Oriente,2450.6,4476.46,653.0,2.0,8687.89
9460,72,F,Primaria,Centro,2062.08,3232.76,579.0,7.0,5624.35
9461,48,F,Secundaria,Occidente,1130.75,3018.56,474.0,8.0,
9462,64,F,Secundaria,Centro,795.75,1867.16,488.0,8.0,963.0
9463,48,M,Primaria,Sur,1042.28,1016.94,490.0,7.0,3585.96
9464,64,F,Secundaria,Norte,,2021.56,529.0,,4477.03
9465,57,M,Tecnico,Centro,1688.4,,,6.0,5268.61
9466,65,M,Secundaria,Norte,2685.3,5078.49,692.0,8.0,9466.83
9467,68,F,Secundaria,Centro,995.6,1691.85,541.0,4.0,3300.01
9468,60,M,Tecnico,Norte,2255.24,,581.0,8.0,6186.12
9469,51,F,Universitario,Occidente,2964.14,6273.36,642.0,10.0,9032.64
9470,72,M,Universitario,Sur,3191.28,4678.43,676.0,6.0,9649.26
9471,41,F,Universitario,Oriente,3277.83,,625.0,8.0,13037.18
9472,66,F,Tecnico,Centro,806.36,1615.82,522.0,10.0,2607.55
9473,43,M,Secundaria,Occidente,1974.42,4924.62,539.0,9.0,4856.93
9474,33,F,Universitario,Occidente,2348.25,4200.66,637.0,6.0,6432.6
9475,74,F,Secundaria,Centro,1169.9,4098.68,561.0,7.0,1065.26
9476,64,F,Primaria,Centro,,4239.8,652.0,3.0,
9477,30,F,Secundaria,Sur,,4004.07,666.0,7.0,7094.26
9478,32,F,Secundaria,Norte,,2491.31,443.0,9.0,3928.64
9479,44,M,Tecnico,Occidente,1459.41,3254.5,535.0,12.0,5190.8
9480,21,M,Tecnico,Centro,2806.9,4359.69,564.0,8.0,8919.1
9481,33,M,Primaria,Centro,1163.34,936.18,526.0,6.0,3646.92
9482,47,F,Universitario,Oriente,1352.84,1763.9,524.0,10.0,3370.53
9483,61,F,Tecnico,Centro,4120.68,7223.42,785.0,7.0,18255.72
9484,47,F,Secundaria,Norte,,2327.13,578.0,9.0,5611.32
9485,53,F,Universitario,Norte,2487.49,4562.14,648.0,6.0,10826.73
9486,20,F,Primaria,Sur,1412.37,3120.69,584.0,12.0,4803.74
9487,39,M,Universitario,Norte,1638.73,2861.88,534.0,6.0,5632.45
9488,66,M,Secundaria,Oriente,2817.8,3478.7,662.0,7.0,8439.21
9489,39,F,Tecnico,Centro,1179.24,2900.05,,10.0,1858.78
9490,67,M,Universitario,Sur,2807.79,5983.5,612.0,10.0,9644.38
9491,74,F,Secundaria,Centro,,2525.67,,6.0,3863.2
9492,67,M,Primaria,Norte,2034.91,3436.84,665.0,3.0,6181.74
9493,72,M,Primaria,Sur,1642.17,3158.73,648.0,4.0,5750.05
9494,66,F,Secundaria,Norte,1451.15,3541.94,542.0,6.0,1538.94
9495,29,M,Universitario,Oriente,1164.34,1205.2,539.0,11.0,3095.91
9496,72,F,Secundaria,Norte,1884.38,2897.1,582.0,4.0,4433.09
9497,38,M,Secundaria,Sur,1589.71,2355.05,532.0,10.0,4735.58
9498,73,F,Universitario,Sur,1272.38,1392.34,632.0,9.0,1624.48
9499,21,F,Primaria,,,4406.76,,2.0,5624.35
9500,48,F,Universitario,Occidente,3268.41,5983.67,644.0,8.0,9486.84
9501,61,F,Secundaria,Centro,1603.21,1982.49,611.0,7.0,4410.86
9502,48,M,Primaria,Occidente,971.36,646.5,417.0,4.0,1907.96
9503,75,M,Primaria,Norte,2372.28,4942.81,,9.0,7282.27
9504,40,M,Postgrado,Centro,7479.07,14377.45,719.0,2.0,26924.59
9505,71,F,Secundaria,Norte,961.59,2495.06,,5.0,3372.37
9506,70,F,Secundaria,Sur,,6032.9,657.0,7.0,8512.16
9507,37,M,Tecnico,Sur,2162.24,3540.29,600.0,8.0,7735.0
9508,32,F,Tecnico,Centro,1342.02,1387.62,518.0,13.0,3433.02
9509,40,M,Secundaria,Oriente,1359.13,4502.82,506.0,7.0,3030.23
9510,45,M,Universitario,Occidente,,,592.0,9.0,7286.7
9511,33,F,Secundaria,Oriente,2365.24,4767.57,585.0,9.0,
9512,54,M,Primaria,Centro,,1140.31,546.0,9.0,2692.29
9513,38,M,Tecnico,Centro,783.92,2268.5,481.0,10.0,2579.43
9514,32,F,Primaria,Centro,1069.38,902.29,545.0,11.0,3721.75
9515,34,F,Postgrado,Norte,4953.69,10966.51,623.0,13.0,12836.79
9516,67,M,Primaria,Centro,2149.5,4179.94,674.0,5.0,8882.64
9517,54,F,Universitario,Centro,2042.51,2600.74,604.0,9.0,7683.43
9518,30,F,Secundaria,Occidente,1815.89,1567.71,558.0,11.0,
9519,36,M,Universitario,Oriente,4082.44,7290.72,637.0,14.0,10708.83
9520,47,F,Primaria,Occidente,1627.18,3809.04,540.0,7.0,3243.74
9521,62,M,Postgrado,Occidente,8694.2,15280.04,812.0,9.0,34042.05
9522,35,M,Primaria,Sur,2216.56,5024.3,598.0,6.0,7786.76
9523,31,M,Universitario,Norte,1935.47,2671.11,,4.0,5366.54
9524,53,F,Secundaria,Oriente,1466.41,3249.71,507.0,4.0,5819.76
9525,53,M,Secundaria,Norte,3291.65,5702.38,688.0,8.0,12744.52
9526,37,M,Secundaria,Norte,877.25,2160.68,,16.0,1307.98
9527,69,M,Universitario,Norte,2453.37,3758.27,628.0,7.0,8405.68
9528,36,M,Secundaria,Norte,3492.06,5822.74,634.0,3.0,9616.9
9529,62,F,Universitario,Oriente,6226.11,10101.21,776.0,7.0,25076.95
9530,61,M,Secundaria,Occidente,1777.82,4133.91,585.0,15.0,4017.58
9531,24,F,Postgrado,Centro,1504.57,2315.38,567.0,3.0,1975.74
9532,74,F,Tecnico,Norte,1630.52,2546.36,550.0,11.0,3847.8
9533,61,F,Primaria,Centro,,2695.94,587.0,8.0,3173.62
9534,70,M,Secundaria,Sur,,2431.77,525.0,9.0,4266.73
9535,21,M,Primaria,Centro,3306.73,4155.8,656.0,7.0,12289.53
9536,51,M,Secundaria,Occidente,1374.18,1449.51,550.0,6.0,5761.15
9537,19,M,Secundaria,Norte,2607.02,5776.61,613.0,8.0,8878.26
9538,22,M,Universitario,Occidente,2185.11,4118.05,606.0,8.0,7676.82
9539,72,F,Universitario,Norte,2925.68,4782.23,630.0,10.0,9279.74
9540,27,M,Primaria,Centro,,2802.18,481.0,8.0,1188.81
9541,49,M,Tecnico,Centro,1417.53,2715.25,,5.0,6055.39
9542,59,M,Secundaria,Sur,1295.35,3413.46,571.0,1.0,3525.16
9543,58,M,Secundaria,Norte,2122.37,,584.0,5.0,8266.92
9544,30,F,Primaria,Occidente,1065.93,1279.63,546.0,7.0,3866.56
9545,56,M,Universitario,Norte,2024.48,2535.85,613.0,9.0,5697.56
9546,22,F,Postgrado,Sur,4181.1,8394.63,694.0,6.0,15189.89
9547,75,F,Secundaria,Norte,,6582.37,625.0,5.0,9941.4
9548,27,F,Secundaria,Centro,3150.76,6231.01,678.0,,13385.5
9549,27,M,Secundaria,Norte,930.9,885.75,469.0,10.0,500.0
9550,55,F,Universitario,,1736.56,1981.58,,7.0,3368.23
9551,44,M,Primaria,Norte,2161.25,4609.11,,8.0,7524.55
9552,68,F,Tecnico,Centro,1516.04,2925.25,591.0,4.0,4077.95
9553,38,M,Universitario,Centro,2141.35,3119.58,579.0,9.0,6905.47
9554,25,M,Secundaria,Sur,790.94,,,8.0,1754.25
9555,18,F,Tecnico,Norte,2370.0,5762.01,546.0,4.0,
9556,45,F,Primaria,Oriente,1191.78,1866.77,516.0,9.0,
9557,66,M,Universitario,Centro,4056.11,7233.65,766.0,8.0,15880.3
9558,56,M,Secundaria,Centro,2215.06,4741.17,574.0,4.0,6618.97
9559,31,F,Postgrado,Centro,5187.89,10329.02,,8.0,17594.81
9560,38,M,Universitario,Centro,3847.02,6970.08,671.0,5.0,13793.56
9561,47,M,Universitario,Centro,2037.96,2259.1,650.0,5.0,6027.98
9562,38,F,Secundaria,Centro,,3514.73,479.0,7.0,1475.61
9563,66,F,Universitario,Norte,2757.75,4441.36,633.0,8.0,5858.66
9564,26,F,Primaria,Oriente,,2533.29,554.0,7.0,2531.0
9565,34,F,Secundaria,Norte,2012.77,4534.01,621.0,7.0,6852.37
9566,22,M,Primaria,Norte,937.22,2238.58,,12.0,4321.67
9567,75,F,Tecnico,Sur,2210.8,4064.44,598.0,10.0,6966.65
9568,74,M,Universitario,Centro,,3515.11,613.0,6.0,6280.68
9569,48,M,Postgrado,Centro,,6146.24,722.0,5.0,11701.77
9570,69,F,Tecnico,Sur,2237.77,4235.1,590.0,7.0,5482.96
9571,57,M,Universitario,Centro,1455.22,1766.9,586.0,9.0,4574.75
9572,55,F,Universitario,Centro,2888.72,5875.61,674.0,7.0,8765.22
9573,60,M,Universitario,Norte,4596.79,9020.09,695.0,5.0,16628.17
9574,36,M,Secundaria,Centro,2396.78,4264.26,563.0,8.0,5622.7
9575,53,F,Primaria,Occidente,,740.76,,9.0,500.0
9576,67,M,Secundaria,Centro,891.79,208.43,556.0,8.0,
9577,50,M,Tecnico,Sur,2317.78,3517.13,673.0,2.0,
9578,30,M,Tecnico,Sur,1883.17,2828.99,593.0,5.0,7323.29
9579,31,M,Postgrado,Oriente,3017.57,5485.88,740.0,16.0,10734.69
9580,73,M,Universitario,Oriente,831.02,787.07,,11.0,1645.41
9581,50,F,Secundaria,Norte,960.69,2439.91,445.0,5.0,
9582,46,M,Primaria,Centro,2163.44,5035.8,544.0,4.0,
9583,60,F,Secundaria,Occidente,,3478.43,536.0,7.0,4581.09
9584,66,M,Primaria,Sur,3076.15,4453.29,672.0,9.0,12009.63
9585,53,M,Secundaria,Norte,2266.05,2281.29,591.0,8.0,4967.51
9586,75,M,Universitario,Centro,2967.17,5386.15,628.0,11.0,8856.76
9587,61,M,Secundaria,Centro,768.97,1065.82,470.0,11.0,1072.34
9588,27,M,Tecnico,Occidente,2032.73,2835.05,660.0,4.0,5652.9
9589,48,M,Primaria,Sur,1166.77,1873.33,594.0,6.0,2953.39
9590,23,M,Secundaria,Sur,870.34,3523.28,,3.0,2157.75
9591,74,M,Universitario,Centro,4576.43,9690.59,741.0,7.0,18150.27
9592,18,F,Universitario,Norte,2352.63,5647.92,639.0,5.0,8521.06
9593,24,F,Primaria,Norte,,2155.25,553.0,4.0,4665.31
9594,75,M,Universitario,Centro,1762.75,2937.61,538.0,2.0,6356.25
9595,44,F,Secundaria,Norte,1773.53,3976.39,598.0,,5395.8
9596,38,F,Tecnico,Norte,1661.76,3034.63,,5.0,2889.33
9597,45,M,Primaria,Centro,3374.31,6545.53,634.0,6.0,10188.98
9598,33,F,Tecnico,Oriente,1380.31,1475.0,557.0,6.0,5876.71
9599,73,F,Primaria,Norte,,2026.98,566.0,5.0,3325.05
9600,63,M,Tecnico,Centro,,2590.52,618.0,5.0,7861.22
9601,40,F,Tecnico,Oriente,1619.56,1028.78,549.0,8.0,4229.53
9602,69,F,Secundaria,Centro,,2860.7,570.0,8.0,2691.66
9603,37,M,Universitario,Centro,4979.19,9724.08,731.0,7.0,18427.06
9604,55,M,Primaria,Occidente,,1730.28,464.0,14.0,2336.63
9605,71,F,Universitario,Sur,2671.53,4666.05,630.0,3.0,9166.06
9606,42,F,Secundaria,Oriente,1132.89,351.77,,9.0,
9607,45,M,Tecnico,Centro,,1122.07,514.0,6.0,5022.58
9608,22,M,Tecnico,Occidente,1626.27,2699.28,599.0,6.0,2210.56
9609,73,F,Primaria,Norte,1280.27,2027.81,544.0,8.0,1899.03
9610,38,M,Secundaria,Occidente,3317.88,5926.57,635.0,,10330.16
9611,35,F,Tecnico,Occidente,,3965.76,543.0,3.0,2322.17
9612,64,M,Universitario,Sur,2241.73,4148.75,633.0,8.0,9024.84
9613,23,M,Postgrado,Sur,1375.8,3550.29,495.0,8.0,3624.44
9614,74,M,Primaria,Oriente,1566.88,2243.82,583.0,9.0,2120.94
9615,46,M,Secundaria,,1598.16,1081.45,585.0,8.0,991.55
9616,36,M,Tecnico,Sur,2326.3,5047.09,678.0,4.0,8434.01
9617,50,F,Tecnico,Occidente,2039.49,4733.22,612.0,6.0,6393.92
9618,18,F,Postgrado,Norte,1391.89,3676.19,476.0,8.0,3094.98
9619,62,M,Primaria,Occidente,2725.46,4150.95,664.0,7.0,9409.59
9620,20,F,Secundaria,Oriente,,2493.95,568.0,3.0,5142.15
9621,59,M,Tecnico,Oriente,2199.76,3514.76,613.0,6.0,
9622,38,M,Secundaria,Norte,3288.0,6324.99,703.0,6.0,11779.94
9623,52,M,Universitario,Norte,1965.99,2781.9,609.0,7.0,4312.23
9624,58,M,Primaria,Occidente,,1457.99,,7.0,2053.57
9625,57,F,Secundaria,Norte,947.11,2437.73,467.0,,5196.93
9626,20,F,Tecnico,Sur,1697.8,3622.68,579.0,11.0,2684.19
9627,42,M,Secundaria,Oriente,1425.97,1765.26,525.0,10.0,5569.02
9628,62,F,Primaria,Centro,2594.6,5440.57,,8.0,9132.59
9629,55,M,Postgrado,Sur,4036.56,7321.61,669.0,6.0,12181.56
9630,62,M,Universitario,Norte,1297.35,1874.25,,6.0,
9631,72,M,Universitario,Centro,1872.23,4191.59,577.0,4.0,4978.07
9632,37,F,Postgrado,Centro,2501.53,4555.98,613.0,9.0,6835.43
9633,69,M,Secundaria,Sur,1402.7,3656.66,522.0,8.0,5763.05
9634,61,F,Primaria,Occidente,,2481.1,552.0,10.0,1171.54
9635,62,M,Primaria,Norte,721.62,1849.99,465.0,8.0,3523.7
9636,51,M,Universitario,Centro,2613.93,4673.16,614.0,7.0,8679.47
9637,38,F,Universitario,Centro,,2348.79,558.0,4.0,6637.76
9638,73,M,Tecnico,Centro,,767.67,569.0,6.0,3086.25
9639,72,F,Universitario,Centro,5235.84,11491.59,694.0,12.0,18770.21
9640,65,F,Tecnico,,1829.46,3719.71,,6.0,5124.65
9641,40,F,Primaria,Occidente,2928.88,6330.51,669.0,5.0,12245.77
9642,23,M,Primaria,Norte,1918.94,,531.0,3.0,2436.97
9643,68,M,Primaria,Oriente,1025.81,1763.68,,12.0,500.0
9644,70,F,Secundaria,Sur,3635.07,6618.3,685.0,4.0,13003.66
9645,30,F,Secundaria,Occidente,2410.16,4519.72,608.0,8.0,7868.58
9646,66,F,Universitario,Norte,1939.89,3527.85,609.0,8.0,6266.26
9647,40,M,Secundaria,Oriente,1297.57,3642.02,,7.0,528.2
9648,26,M,Universitario,Occidente,2660.56,5480.91,655.0,7.0,8296.41
9649,34,F,Secundaria,Occidente,1341.07,2730.93,490.0,12.0,1252.18
9650,19,M,Postgrado,Sur,5014.12,9713.84,717.0,8.0,19038.07
9651,36,M,Universitario,Centro,2831.87,5872.08,634.0,7.0,11779.12
9652,36,M,Postgrado,Sur,5232.19,9701.41,711.0,3.0,20115.57
9653,73,M,Secundaria,Centro,2118.58,4302.23,621.0,8.0,5846.67
9654,24,F,Primaria,Centro,853.11,2131.72,,5.0,
9655,71,F,Secundaria,Centro,767.29,1940.61,462.0,,1798.9
9656,59,M,Primaria,Centro,893.74,1598.48,528.0,6.0,848.28
9657,59,M,Secundaria,Centro,4013.9,7877.51,651.0,10.0,9467.68
9658,37,F,Secundaria,Norte,2309.78,3311.18,614.0,12.0,6243.5
9659,26,M,Secundaria,Centro,,2887.73,555.0,10.0,4084.99
9660,34,F,Postgrado,Centro,6074.82,10940.76,732.0,6.0,
9661,44,F,Secundaria,Norte,1529.53,3355.53,455.0,15.0,2692.12
9662,64,F,Postgrado,Oriente,3626.23,5976.98,735.0,7.0,15171.46
9663,19,F,Secundaria,Sur,1703.37,2637.13,523.0,8.0,7567.19
9664,53,M,Secundaria,Oriente,1274.67,1631.21,587.0,6.0,4047.5
9665,36,F,Tecnico,Norte,1193.13,2665.42,479.0,10.0,833.79
9666,34,M,Universitario,Oriente,2877.65,3820.34,653.0,10.0,12011.67
9667,22,M,Universitario,Occidente,2328.92,,587.0,5.0,8685.3
9668,56,M,Universitario,Centro,2217.8,2385.49,575.0,10.0,8921.15
9669,35,M,Secundaria,Centro,1883.96,2842.01,685.0,7.0,7056.65
9670,70,M,Primaria,Sur,1069.32,1951.75,504.0,6.0,500.0
9671,71,M,Primaria,Sur,1810.17,4222.28,527.0,11.0,5125.51
9672,24,F,Secundaria,Norte,,2582.55,527.0,7.0,500.0
9673,34,F,Postgrado,Occidente,1830.71,2178.54,608.0,4.0,5468.42
9674,56,M,Universitario,,1362.74,,604.0,9.0,4137.08
9675,53,F,Secundaria,Oriente,,3112.78,503.0,4.0,3782.13
9676,57,M,Universitario,Centro,1350.25,,504.0,,1907.84
9677,62,F,Tecnico,Centro,4099.38,6715.54,703.0,7.0,14725.62
9678,21,M,Primaria,Norte,2478.19,3056.2,598.0,10.0,4149.9
9679,55,F,Secundaria,Centro,1839.9,2422.75,558.0,7.0,2687.76
9680,42,M,Secundaria,Occidente,2278.2,5123.65,635.0,11.0,8358.01
9681,22,F,Tecnico,Sur,1179.37,3030.28,,6.0,3249.01
9682,47,M,Secundaria,Oriente,2553.45,6752.27,576.0,9.0,6429.18
9683,29,M,Universitario,Occidente,2039.89,4385.05,600.0,9.0,5836.5
9684,21,M,Secundaria,Norte,1406.69,1748.54,496.0,4.0,500.0
9685,41,M,Secundaria,Norte,1372.56,2846.73,,12.0,
9686,46,F,Secundaria,Occidente,1097.96,2419.67,518.0,9.0,3170.52
9687,26,F,Universitario,Sur,3023.85,5971.55,613.0,13.0,8423.98
9688,21,M,Tecnico,Sur,1353.58,2308.59,495.0,6.0,1698.38
9689,68,F,Universitario,Centro,2242.83,3810.44,664.0,4.0,8444.86
9690,41,M,Secundaria,Oriente,539.57,1359.05,418.0,8.0,983.91
9691,31,F,Secundaria,Sur,,2451.47,593.0,15.0,5353.0
9692,22,M,Secundaria,Oriente,1376.6,3355.58,509.0,11.0,3209.29
9693,35,F,Secundaria,Occidente,970.07,884.83,484.0,6.0,4171.04
9694,59,M,Tecnico,Sur,1672.23,2064.97,578.0,6.0,4152.98
9695,74,F,Secundaria,Sur,1293.98,2010.4,540.0,9.0,1041.52
9696,36,M,Secundaria,Centro,739.76,1774.97,468.0,5.0,
9697,29,F,Secundaria,Norte,3036.75,6277.05,727.0,5.0,10344.03
9698,35,F,Secundaria,Sur,2799.61,5405.63,671.0,7.0,8703.51
9699,34,M,Universitario,Norte,3258.94,5377.83,674.0,7.0,9846.26
9700,47,F,Universitario,Occidente,4254.7,7533.02,733.0,3.0,16310.06
9701,41,F,Universitario,Sur,1915.49,3090.82,566.0,6.0,4468.39
9702,28,F,Tecnico,Occidente,1744.43,3989.09,632.0,9.0,6094.29
9703,52,F,Secundaria,Centro,1203.03,2333.06,,10.0,3822.75
9704,40,F,Universitario,Occidente,2679.17,5935.91,650.0,5.0,9116.4
9705,34,F,Primaria,Sur,1815.86,3883.81,628.0,5.0,3414.73
9706,18,F,Universitario,Oriente,2211.93,3764.57,539.0,5.0,6704.02
9707,32,M,Universitario,Norte,,2270.26,533.0,7.0,4469.45
9708,49,F,Tecnico,Sur,2200.74,4026.76,584.0,,7114.75
9709,26,F,Primaria,Sur,885.78,1547.61,423.0,4.0,1458.99
9710,32,F,Postgrado,Centro,4926.92,9479.12,709.0,3.0,18822.77
9711,45,M,Universitario,Centro,,10447.77,704.0,5.0,20952.18
9712,41,M,Universitario,Occidente,3873.0,6533.39,720.0,7.0,12292.85
9713,52,F,Primaria,Norte,1111.27,3637.3,511.0,8.0,
9714,39,F,Secundaria,Norte,1571.08,2994.87,513.0,7.0,1947.31
9715,44,M,Primaria,Centro,1154.84,1305.43,509.0,7.0,2898.61
9716,36,M,Secundaria,Occidente,990.12,2277.74,474.0,10.0,2997.8
9717,62,M,Tecnico,Sur,1474.8,1810.31,612.0,3.0,7145.52
9718,29,F,Universitario,Centro,2185.17,4185.87,,8.0,8490.67
9719,37,M,Secundaria,Centro,1344.42,2376.05,534.0,8.0,3494.97
9720,18,F,Tecnico,Oriente,989.07,1831.04,566.0,4.0,
9721,38,F,Primaria,Norte,1215.8,1514.99,533.0,8.0,4244.07
9722,66,F,Secundaria,Norte,1531.18,2660.01,543.0,9.0,2919.69
9723,62,M,Postgrado,Norte,1245.19,2158.69,518.0,7.0,
9724,18,F,Universitario,,2163.87,3886.31,615.0,8.0,5586.07
9725,27,F,Tecnico,Sur,607.47,2575.3,,7.0,674.61
9726,64,M,Secundaria,Sur,990.53,1337.12,625.0,9.0,2523.15
9727,49,M,Secundaria,Oriente,,1783.46,497.0,5.0,500.0
9728,56,F,Primaria,Norte,1111.73,952.62,521.0,7.0,500.0
9729,39,F,Secundaria,Centro,1097.76,320.27,435.0,3.0,2520.74
9730,35,F,Primaria,Centro,1017.52,1574.52,406.0,7.0,
9731,65,M,Universitario,Norte,5897.78,11749.97,703.0,5.0,20713.03
9732,63,M,Primaria,Centro,,449.54,456.0,8.0,1715.65
9733,49,M,Secundaria,Sur,2495.93,5068.56,,6.0,8996.81
9734,44,F,Tecnico,Centro,,5210.26,607.0,6.0,8210.09
9735,45,F,Universitario,Oriente,2869.3,6309.11,560.0,7.0,8194.45
9736,35,M,Postgrado,Sur,5669.76,10740.07,740.0,6.0,
9737,56,M,Universitario,Norte,2010.63,2980.39,592.0,11.0,3529.81
9738,66,F,Secundaria,Centro,1470.09,1671.8,573.0,2.0,6287.18
9739,46,F,Secundaria,Sur,1033.42,351.79,513.0,7.0,2184.63
9740,35,M,Universitario,Occidente,810.21,2953.04,,5.0,2107.25
9741,61,F,Universitario,Oriente,2611.49,5395.16,646.0,7.0,9179.69
9742,25,F,Tecnico,Centro,3776.4,7310.35,722.0,12.0,14862.03
9743,71,M,Secundaria,Sur,851.44,0.0,456.0,9.0,3194.08
9744,48,M,Secundaria,Centro,852.35,2037.51,519.0,6.0,3070.14
9745,51,M,Universitario,Sur,2797.26,5195.29,689.0,7.0,11593.57
9746,24,M,Secundaria,Occidente,1307.9,2618.32,531.0,12.0,500.0
9747,53,F,Tecnico,Sur,3617.15,6176.14,665.0,6.0,
9748,35,M,Postgrado,Centro,2587.86,4789.14,612.0,8.0,9625.73
9749,55,M,Tecnico,Sur,3681.51,5788.86,678.0,6.0,11646.01
9750,26,F,Secundaria,Occidente,1775.8,3258.07,662.0,6.0,5293.66
9751,26,M,Secundaria,Norte,2417.51,3331.99,585.0,9.0,6408.87
9752,63,F,Primaria,Centro,871.2,2384.84,507.0,3.0,3121.1
9753,25,M,Tecnico,Centro,1575.04,3512.3,566.0,5.0,5499.23
9754,68,M,Secundaria,Centro,,3637.21,617.0,5.0,5785.89
9755,52,F,Secundaria,Centro,1793.86,2022.56,576.0,4.0,6023.54
9756,35,M,Secundaria,Centro,1066.36,1990.83,516.0,8.0,3707.21
9757,22,F,Primaria,Norte,919.81,2234.63,,10.0,
9758,31,M,Postgrado,Centro,6461.81,12242.31,704.0,8.0,23519.79
9759,45,F,Universitario,Sur,3625.97,7946.2,,6.0,12132.65
9760,47,F,Secundaria,Norte,871.56,798.24,416.0,10.0,835.19
9761,21,M,Postgrado,Occidente,3565.03,6173.56,644.0,8.0,9947.78
9762,56,F,Tecnico,Centro,3188.93,6086.82,674.0,7.0,10478.82
9763,37,M,Universitario,Sur,1710.15,3213.13,614.0,10.0,3309.52
9764,42,F,Tecnico,Centro,2285.07,4797.85,,9.0,6867.15
9765,45,M,Universitario,Centro,,4140.91,647.0,9.0,11562.51
9766,29,F,Primaria,Sur,547.04,722.28,,11.0,500.0
9767,19,M,Tecnico,Sur,1212.75,1926.51,,12.0,767.19
9768,60,F,Universitario,,1961.52,4156.96,578.0,8.0,3804.98
9769,31,F,Primaria,Oriente,1174.84,3076.28,,7.0,3681.97
9770,39,F,Primaria,Sur,932.15,1937.48,575.0,8.0,2170.77
9771,48,M,Secundaria,Norte,1812.41,4862.31,588.0,11.0,3720.09
9772,40,F,Secundaria,Sur,1294.44,2278.94,572.0,3.0,6705.08
9773,65,M,Secundaria,Centro,777.85,908.09,419.0,5.0,766.06
9774,37,M,Tecnico,Norte,526.07,2249.84,,6.0,500.0
9775,55,M,Secundaria,Norte,1208.33,2038.35,586.0,5.0,
9776,72,M,Primaria,Centro,,1859.65,590.0,7.0,4708.22
9777,21,F,Universitario,Centro,2297.3,4946.2,594.0,9.0,6752.9
9778,32,M,Tecnico,Centro,1084.05,1376.21,543.0,7.0,6606.23
9779,41,F,Secundaria,Oriente,2179.38,4364.93,614.0,8.0,6323.22
9780,42,M,Secundaria,Centro,1254.65,3356.32,471.0,8.0,2291.87
9781,18,M,Universitario,Occidente,3355.87,6043.21,618.0,8.0,11849.82
9782,24,F,Universitario,Centro,3457.51,7269.01,685.0,2.0,10241.67
9783,74,M,Primaria,Centro,1846.48,3658.18,579.0,7.0,6715.94
9784,48,M,Universitario,Sur,3240.53,4606.39,595.0,,9806.92
9785,29,M,Universitario,Occidente,1370.28,3226.17,543.0,8.0,
9786,59,M,Universitario,Sur,2265.83,5321.37,587.0,5.0,
9787,22,F,Primaria,Sur,2256.47,4475.27,492.0,6.0,3479.43
9788,61,M,Primaria,Oriente,1114.6,1746.5,512.0,10.0,
9789,67,M,Secundaria,Sur,787.56,1665.47,,17.0,4955.15
9790,59,F,Primaria,Oriente,,2673.0,570.0,8.0,
9791,55,F,Primaria,Occidente,1568.55,3968.01,556.0,11.0,2767.72
9792,29,M,Primaria,Norte,1113.4,2229.02,600.0,8.0,4313.05
9793,56,F,Tecnico,Occidente,1627.27,3234.73,589.0,9.0,6049.45
9794,35,M,Primaria,Norte,,2266.69,,11.0,5892.55
9795,19,M,Primaria,Occidente,,3784.56,604.0,5.0,4735.32
9796,27,M,Postgrado,Centro,3320.86,5276.77,636.0,11.0,12514.58
9797,32,F,Primaria,Centro,1528.78,4679.36,,6.0,
9798,47,M,Tecnico,Occidente,3850.42,6993.59,647.0,4.0,12819.22
9799,61,F,Tecnico,Norte,1654.22,3187.02,615.0,10.0,6130.02
9800,75,M,Postgrado,Oriente,11796.65,20507.73,795.0,2.0,
9801,34,M,Universitario,Centro,5350.76,10993.18,683.0,8.0,18220.43
9802,21,F,Secundaria,Norte,1162.9,2488.44,541.0,2.0,
9803,24,M,Postgrado,Occidente,7977.42,15016.38,696.0,3.0,29175.23
9804,58,M,Secundaria,Norte,1217.58,1771.86,493.0,9.0,1876.22
9805,48,M,Tecnico,Oriente,5458.67,10937.89,703.0,5.0,19581.83
9806,68,M,Secundaria,Centro,1405.76,2069.47,553.0,6.0,6256.3
9807,72,M,Tecnico,Oriente,2404.92,5086.46,637.0,9.0,7273.51
9808,56,M,Tecnico,Oriente,2312.94,3881.69,605.0,5.0,3738.44
9809,72,M,Tecnico,Sur,1606.22,1959.86,,3.0,6092.13
9810,51,M,Tecnico,Occidente,2244.02,3669.58,,3.0,5426.51
9811,23,F,Primaria,Norte,1948.51,2610.44,642.0,5.0,5580.34
9812,67,M,Secundaria,Oriente,1636.85,2919.45,571.0,7.0,4981.73
9813,55,M,Universitario,Sur,2771.22,6267.13,705.0,7.0,7692.58
9814,62,F,Primaria,Centro,,4688.67,586.0,4.0,6929.29
9815,75,F,Secundaria,Sur,969.91,3742.11,492.0,9.0,1089.34
9816,68,M,Tecnico,Sur,1966.74,3363.29,575.0,4.0,4953.52
9817,51,M,Universitario,Oriente,4305.94,7694.94,639.0,6.0,15003.19
9818,61,F,Primaria,Norte,1099.32,2205.83,,4.0,4916.43
9819,32,M,Secundaria,Norte,1927.02,2167.13,611.0,7.0,6013.7
9820,31,F,Primaria,Norte,557.35,558.45,396.0,7.0,500.0
9821,23,F,Secundaria,Centro,1514.05,,515.0,14.0,
9822,67,F,Primaria,Norte,1182.93,1430.6,506.0,8.0,3066.22
9823,54,M,Tecnico,Sur,1886.15,3129.34,610.0,8.0,4222.97
9824,67,F,Universitario,Centro,2337.52,3076.84,592.0,6.0,7170.83
9825,49,M,Secundaria,Occidente,2654.9,4861.02,551.0,7.0,
9826,20,F,Tecnico,Oriente,1145.3,797.85,,11.0,1257.53
9827,20,M,Secundaria,Norte,1226.49,1734.47,481.0,5.0,
9828,39,F,Secundaria,Norte,1049.18,546.0,,,1042.2
9829,39,F,Tecnico,Oriente,988.11,2697.26,483.0,8.0,
9830,27,F,Secundaria,Oriente,1412.33,4146.99,532.0,11.0,6575.37
9831,68,F,Secundaria,Oriente,1033.08,1432.0,563.0,7.0,3722.22
9832,20,M,Universitario,Sur,,3933.69,686.0,5.0,10154.92
9833,29,F,Universitario,Centro,,5288.55,,14.0,8601.58
9834,46,M,Universitario,Centro,2599.09,4183.74,575.0,8.0,7660.97
9835,65,F,Secundaria,Oriente,2034.96,2700.06,641.0,7.0,6187.06
9836,34,M,Primaria,Norte,413.02,0.0,403.0,10.0,500.0
9837,24,M,Universitario,Centro,4539.92,,690.0,7.0,14593.26
9838,30,F,Secundaria,Norte,1426.34,3508.87,500.0,12.0,3529.02
9839,73,M,Universitario,Sur,3470.47,7228.87,619.0,5.0,10929.94
9840,19,F,Universitario,Sur,1462.52,2229.73,441.0,5.0,3613.99
9841,21,F,Universitario,Sur,1297.11,2701.75,528.0,5.0,2136.42
9842,27,M,Secundaria,Centro,1831.67,4330.54,608.0,8.0,3419.25
9843,56,M,Universitario,Sur,3419.16,5119.62,686.0,2.0,11215.18
9844,41,F,Tecnico,Occidente,1034.36,2053.18,,9.0,2114.0
9845,34,M,Tecnico,Sur,,2764.3,568.0,10.0,7047.63
9846,69,F,Tecnico,Oriente,2600.51,4513.22,578.0,6.0,7155.81
9847,23,F,Primaria,Norte,,3384.91,574.0,10.0,7136.88
9848,36,F,Secundaria,Sur,1588.93,3980.61,508.0,8.0,4105.18
9849,22,F,Universitario,,,5290.94,588.0,3.0,7851.86
9850,49,F,Primaria,Norte,2628.94,2933.05,598.0,8.0,8835.53
9851,27,F,Secundaria,Centro,1121.7,1132.63,506.0,14.0,4196.38
9852,26,F,Secundaria,Centro,2156.31,3683.48,597.0,8.0,6421.15
9853,44,F,Secundaria,Sur,1821.41,3488.51,610.0,4.0,3908.07
9854,30,M,Tecnico,Occidente,948.53,1855.39,488.0,2.0,
9855,36,M,Postgrado,Oriente,1718.94,2533.68,563.0,7.0,3310.39
9856,38,F,Secundaria,Centro,1606.25,3694.83,604.0,5.0,4610.69
9857,41,F,Tecnico,Oriente,875.2,1630.03,,7.0,1416.68
9858,55,M,Universitario,Sur,837.95,603.95,480.0,3.0,2149.36
9859,21,M,Tecnico,Oriente,7629.27,13262.82,698.0,6.0,26497.89
9860,41,F,Primaria,Centro,775.83,3573.67,472.0,9.0,2027.92
9861,52,M,Tecnico,Norte,2777.56,6043.33,669.0,3.0,12404.39
9862,20,M,Postgrado,Sur,3509.95,7062.32,632.0,7.0,
9863,21,M,Secundaria,Sur,4099.43,7634.47,742.0,8.0,13118.11
9864,74,F,Tecnico,Occidente,4486.18,7282.15,703.0,3.0,15086.39
9865,54,M,Postgrado,Norte,,7773.32,,6.0,15916.74
9866,57,M,Universitario,Sur,1305.94,1826.55,474.0,10.0,
9867,65,M,Tecnico,Centro,3754.62,6665.5,735.0,3.0,12284.43
9868,71,M,Postgrado,Centro,1996.52,2856.99,642.0,7.0,6885.69
9869,52,F,Primaria,Oriente,,4011.83,512.0,11.0,5151.99
9870,48,F,Universitario,Oriente,1556.52,2190.3,,6.0,4679.89
9871,73,M,Secundaria,Oriente,,1756.98,569.0,8.0,1558.8
9872,61,M,Secundaria,Norte,4433.74,8337.52,735.0,5.0,17661.56
9873,42,F,Tecnico,Centro,2011.96,,516.0,12.0,3804.93
9874,57,M,Primaria,Norte,869.97,727.69,513.0,10.0,845.44
9875,30,F,Secundaria,Centro,1328.39,1844.01,503.0,8.0,5748.59
9876,21,M,Primaria,Sur,1281.45,2353.22,518.0,2.0,5279.64
9877,63,M,Primaria,Sur,851.85,1150.71,474.0,4.0,
9878,31,M,Secundaria,Oriente,1969.45,1783.71,553.0,6.0,6375.1
9879,30,F,Universitario,Sur,1625.02,4212.7,548.0,6.0,2211.92
9880,44,M,Secundaria,Sur,575.01,190.03,,13.0,1045.43
9881,23,M,Tecnico,Sur,1571.67,3088.76,526.0,7.0,
9882,34,M,Universitario,Centro,1799.27,3840.06,526.0,10.0,7636.13
9883,53,M,Secundaria,Centro,1637.41,2067.6,615.0,14.0,7159.44
9884,57,M,Universitario,Norte,2259.89,4293.32,590.0,9.0,6411.89
9885,66,M,Universitario,Oriente,3713.59,7206.09,716.0,7.0,11838.25
9886,52,M,Secundaria,Occidente,2113.2,2170.95,623.0,4.0,5318.24
9887,34,F,Postgrado,Oriente,1316.06,2223.13,574.0,,4219.67
9888,58,F,Tecnico,Sur,1818.2,3596.9,563.0,,5248.46
9889,19,M,Secundaria,Sur,1173.13,2883.06,502.0,10.0,2036.12
9890,74,M,Tecnico,Centro,1668.64,1607.78,578.0,8.0,4779.8
9891,30,F,Tecnico,Centro,785.07,1493.42,415.0,12.0,1024.78
9892,69,M,Tecnico,Centro,455.24,1562.31,422.0,10.0,500.0
9893,19,M,Tecnico,,3371.42,6327.73,640.0,8.0,11948.36
9894,69,F,Secundaria,Norte,1421.16,3151.32,598.0,6.0,2680.75
9895,45,F,Postgrado,Sur,3788.6,7397.47,731.0,10.0,14912.73
9896,60,M,Universitario,Occidente,1824.84,2565.18,655.0,2.0,4897.38
9897,43,M,Universitario,Centro,1260.88,3014.24,,,4015.12
9898,39,F,Primaria,Sur,933.78,2281.67,515.0,11.0,2388.51
9899,64,M,Tecnico,Oriente,1191.38,1752.09,512.0,5.0,4331.31
9900,60,F,Tecnico,Sur,2452.63,4359.07,595.0,10.0,9961.25
9901,72,M,Universitario,Oriente,2958.12,5984.41,712.0,5.0,12613.28
9902,20,M,Postgrado,Centro,4253.65,8684.8,,,13135.05
9903,52,F,Universitario,Oriente,2914.59,5101.99,651.0,5.0,8543.27
9904,75,F,Secundaria,Norte,667.59,1514.07,,7.0,805.28
9905,29,F,Universitario,Norte,1985.57,4663.04,488.0,6.0,6077.69
9906,41,M,Primaria,Sur,828.32,1082.4,413.0,5.0,5195.28
9907,22,F,Secundaria,Centro,1554.66,4033.97,457.0,16.0,7855.93
9908,37,F,Primaria,Oriente,,897.49,462.0,6.0,1978.79
9909,56,F,Universitario,Centro,2836.26,4967.99,589.0,7.0,6841.44
9910,56,F,Universitario,Oriente,2898.03,5827.01,690.0,4.0,9776.47
9911,30,M,Secundaria,Norte,1306.25,3304.24,551.0,1.0,3193.6
9912,58,M,Secundaria,Occidente,,3329.9,540.0,10.0,4784.69
9913,74,F,Postgrado,Centro,4158.45,6011.57,652.0,8.0,12375.34
9914,70,F,Tecnico,Centro,2009.46,3460.98,575.0,5.0,3879.49
9915,62,M,Secundaria,Oriente,1831.45,3116.34,568.0,9.0,7036.77
9916,29,M,Secundaria,Occidente,1969.8,3443.81,632.0,10.0,7542.94
9917,30,F,Tecnico,Occidente,1491.73,3664.35,525.0,9.0,2784.87
9918,73,M,Postgrado,Centro,2508.92,,633.0,8.0,8053.4
9919,27,F,Secundaria,Sur,1703.16,2996.75,541.0,11.0,6091.47
9920,50,M,Primaria,Sur,,1557.73,514.0,14.0,2068.9
9921,74,F,Secundaria,Oriente,1588.89,2679.47,596.0,4.0,5558.83
9922,57,M,Primaria,Centro,1163.89,1360.95,568.0,6.0,3868.5
9923,71,M,Tecnico,Centro,4067.6,7508.28,727.0,5.0,17057.41
9924,33,M,Universitario,Occidente,3318.73,,,9.0,9420.15
9925,62,F,Tecnico,Occidente,3261.53,5337.89,600.0,2.0,8969.99
9926,52,F,Postgrado,Oriente,4051.92,6902.37,692.0,7.0,13909.01
9927,20,F,Universitario,Oriente,2614.23,4242.15,629.0,5.0,8487.51
9928,73,M,Secundaria,Sur,,2687.92,582.0,6.0,4125.05
9929,22,F,Secundaria,Norte,1173.56,1488.31,,6.0,2212.15
9930,43,F,Tecnico,Oriente,1079.9,754.47,567.0,9.0,2663.91
9931,28,F,Primaria,Sur,1516.45,4135.48,520.0,,3076.34
9932,24,F,Tecnico,Centro,2186.58,4089.95,534.0,6.0,6328.78
9933,70,M,Secundaria,Oriente,3010.77,5334.14,670.0,10.0,10690.57
9934,73,F,Tecnico,Oriente,2812.68,5869.69,620.0,8.0,8472.88
9935,27,F,Tecnico,,,2801.87,454.0,10.0,4089.95
9936,59,F,Secundaria,Centro,939.51,2182.73,505.0,8.0,3644.3
9937,69,F,Tecnico,Sur,2219.56,4131.57,629.0,7.0,9004.51
9938,51,M,Secundaria,Occidente,,4184.26,528.0,9.0,5458.83
9939,20,F,Secundaria,Centro,,4070.41,,6.0,500.0
9940,25,F,Tecnico,Oriente,,5504.2,612.0,6.0,7272.46
9941,48,M,Secundaria,Occidente,889.94,0.0,543.0,8.0,500.0
9942,28,F,Universitario,Sur,1767.36,2698.84,593.0,11.0,5727.35
9943,62,M,Secundaria,Occidente,5630.89,9697.88,663.0,9.0,15914.76
9944,24,M,Tecnico,Sur,1115.53,3077.96,564.0,5.0,5776.48
9945,62,F,Tecnico,Norte,2284.11,3789.67,682.0,6.0,9912.8
9946,19,M,Secundaria,Norte,2252.54,3795.66,616.0,6.0,4552.94
9947,23,M,Secundaria,Oriente,,3422.97,636.0,9.0,8326.81
9948,58,M,Tecnico,Norte,2519.65,4277.41,,,7582.03
9949,49,M,Secundaria,Sur,,3338.82,584.0,5.0,6497.37
9950,37,M,Primaria,Norte,1180.37,2581.43,550.0,12.0,
9951,74,M,Tecnico,Occidente,3655.33,,689.0,3.0,14343.67
9952,51,M,Secundaria,Norte,2844.7,5008.71,610.0,7.0,11625.48
9953,67,M,Tecnico,Sur,,4960.1,610.0,3.0,11907.49
9954,33,F,Universitario,Sur,4847.2,8911.8,710.0,3.0,17281.63
9955,42,F,Primaria,Oriente,1843.59,1821.42,609.0,3.0,7589.95
9956,29,F,Secundaria,Centro,1259.11,882.66,,10.0,4458.39
9957,24,F,Secundaria,Occidente,1060.92,1107.52,,13.0,
9958,56,M,Tecnico,Centro,2186.41,4431.01,700.0,10.0,7229.66
9959,34,F,Secundaria,Centro,1684.02,1694.85,589.0,6.0,3054.5
9960,62,F,Secundaria,Sur,1921.43,4223.31,580.0,8.0,4856.02
9961,28,M,Primaria,Sur,2327.39,4282.12,645.0,3.0,6820.14
9962,23,M,Primaria,Sur,975.22,879.08,517.0,10.0,
9963,40,M,Tecnico,Oriente,1675.5,3423.73,574.0,6.0,4238.05
9964,44,F,Secundaria,Centro,,2354.2,580.0,12.0,3164.7
9965,63,M,Primaria,Norte,1169.78,2114.8,496.0,13.0,3873.96
9966,23,F,Secundaria,,633.55,726.91,475.0,8.0,500.0
9967,55,M,Primaria,Occidente,,2594.77,469.0,8.0,4999.42
9968,19,M,Primaria,Oriente,,1979.26,488.0,9.0,500.0
9969,39,F,Secundaria,Norte,2761.71,5774.65,670.0,6.0,10226.92
9970,37,F,Primaria,Norte,819.39,2469.57,448.0,8.0,711.77
9971,42,M,Universitario,Centro,2356.39,4830.68,544.0,8.0,5649.63
9972,32,F,Primaria,Oriente,1204.83,2402.04,,8.0,4044.95
9973,66,M,Universitario,Norte,3148.03,4192.99,688.0,6.0,11691.26
9974,46,F,Secundaria,Sur,1700.69,3087.45,586.0,6.0,4923.66
9975,25,F,Tecnico,Centro,2004.74,1980.05,526.0,12.0,3911.42
9976,54,F,Primaria,Oriente,827.46,475.74,489.0,10.0,1695.08
9977,66,M,Universitario,Norte,2223.28,4617.93,682.0,7.0,6344.8
9978,69,M,Universitario,Centro,,1487.63,610.0,6.0,4584.46
9979,50,F,Primaria,Sur,1446.51,2978.27,598.0,6.0,4073.84
9980,39,M,Secundaria,Sur,1055.17,1745.54,526.0,4.0,4315.34
9981,67,F,Tecnico,Oriente,3467.53,6088.88,690.0,9.0,11381.76
9982,64,F,Universitario,Norte,1029.13,1568.82,487.0,4.0,3885.19
9983,22,M,Secundaria,Sur,3427.75,6565.28,721.0,2.0,
9984,56,F,Secundaria,Norte,1713.41,2828.99,580.0,5.0,6668.89
9985,35,M,Secundaria,Sur,1289.58,1973.62,574.0,10.0,
9986,55,F,Secundaria,Norte,1972.27,3863.13,580.0,3.0,4427.41
9987,71,F,Secundaria,Norte,3063.83,5448.74,680.0,5.0,10755.11
9988,70,F,Secundaria,Centro,3701.21,5745.4,674.0,6.0,7051.19
9989,54,M,Primaria,Centro,1226.77,2131.63,,12.0,4573.36
9990,47,F,Primaria,Centro,,0.0,390.0,10.0,1342.74
9991,68,F,Tecnico,,1823.19,,569.0,5.0,
9992,48,M,Tecnico,Centro,1436.09,3560.77,607.0,8.0,5215.52
9993,27,M,Secundaria,Norte,1956.5,2770.93,538.0,7.0,3621.13
9994,32,M,Universitario,Centro,1954.66,4192.62,,13.0,8566.02
9995,59,F,Secundaria,Norte,932.32,,,6.0,4596.11
9996,65,F,Secundaria,Norte,,1003.83,580.0,9.0,3453.84
9997,61,F,Universitario,Norte,4606.28,8374.05,695.0,3.0,17278.07
9998,35,F,Universitario,Norte,2511.5,5458.03,614.0,8.0,9436.42
9999,40,M,Universitario,Oriente,3722.77,6223.47,703.0,4.0,14250.79
10000,50,M,Primaria,Sur,1012.62,1312.12,,9.0,1736.18
